# Blender v2.90.0 OBJ File: 'Circle_Points.blend'
# www.blender.org
mtllib Circle_Points.mtl
o Sphere
v -0.000690 0.004904 0.000690
v -0.001353 0.004619 0.001353
v -0.001964 0.004157 0.001964
v -0.002500 0.003536 0.002500
v -0.002940 0.002778 0.002940
v -0.003266 0.001913 0.003266
v -0.003468 0.000975 0.003468
v -0.003536 0.000000 0.003536
v -0.003468 -0.000975 0.003468
v -0.003266 -0.001913 0.003266
v -0.002940 -0.002778 0.002940
v -0.002500 -0.003536 0.002500
v -0.001964 -0.004157 0.001964
v -0.001353 -0.004619 0.001353
v -0.000690 -0.004904 0.000690
v -0.000811 0.004904 0.000542
v -0.001591 0.004619 0.001063
v -0.002310 0.004157 0.001543
v -0.002940 0.003536 0.001964
v -0.003457 0.002778 0.002310
v -0.003841 0.001913 0.002566
v -0.004077 0.000975 0.002724
v -0.004157 0.000000 0.002778
v -0.004077 -0.000975 0.002724
v -0.003841 -0.001913 0.002566
v -0.003457 -0.002778 0.002310
v -0.002940 -0.003536 0.001964
v -0.002310 -0.004157 0.001543
v -0.001591 -0.004619 0.001063
v -0.000811 -0.004904 0.000542
v -0.000901 0.004904 0.000373
v -0.001768 0.004619 0.000732
v -0.002566 0.004157 0.001063
v -0.003266 0.003536 0.001353
v -0.003841 0.002778 0.001591
v -0.004268 0.001913 0.001768
v -0.004531 0.000975 0.001877
v -0.004619 0.000000 0.001913
v -0.004531 -0.000975 0.001877
v -0.004268 -0.001913 0.001768
v -0.003841 -0.002778 0.001591
v -0.003266 -0.003536 0.001353
v -0.002566 -0.004157 0.001063
v -0.001768 -0.004619 0.000732
v -0.000901 -0.004904 0.000373
v -0.000957 0.004904 0.000190
v -0.001877 0.004619 0.000373
v -0.002724 0.004157 0.000542
v -0.003468 0.003536 0.000690
v -0.004077 0.002778 0.000811
v -0.004531 0.001913 0.000901
v -0.004810 0.000975 0.000957
v -0.004904 0.000000 0.000975
v -0.004810 -0.000975 0.000957
v -0.004531 -0.001913 0.000901
v -0.004077 -0.002778 0.000811
v -0.003468 -0.003536 0.000690
v -0.002724 -0.004157 0.000542
v -0.001877 -0.004619 0.000373
v -0.000957 -0.004904 0.000190
v -0.000975 0.004904 -0.000000
v -0.001913 0.004619 -0.000000
v -0.002778 0.004157 -0.000000
v -0.003536 0.003536 0.000000
v -0.004157 0.002778 0.000000
v -0.004619 0.001913 0.000000
v -0.004904 0.000975 0.000000
v -0.005000 0.000000 0.000000
v -0.004904 -0.000975 0.000000
v -0.004619 -0.001913 0.000000
v -0.004157 -0.002778 0.000000
v -0.003536 -0.003536 0.000000
v -0.002778 -0.004157 -0.000000
v -0.001913 -0.004619 -0.000000
v -0.000975 -0.004904 -0.000000
v -0.000957 0.004904 -0.000190
v -0.001877 0.004619 -0.000373
v -0.002724 0.004157 -0.000542
v -0.003468 0.003536 -0.000690
v -0.004077 0.002778 -0.000811
v -0.004531 0.001913 -0.000901
v -0.004810 0.000975 -0.000957
v -0.004904 0.000000 -0.000975
v -0.004810 -0.000975 -0.000957
v -0.004531 -0.001913 -0.000901
v -0.004077 -0.002778 -0.000811
v -0.003468 -0.003536 -0.000690
v -0.002724 -0.004157 -0.000542
v -0.001877 -0.004619 -0.000373
v -0.000957 -0.004904 -0.000190
v -0.000901 0.004904 -0.000373
v -0.001768 0.004619 -0.000732
v -0.002566 0.004157 -0.001063
v -0.003266 0.003536 -0.001353
v -0.003841 0.002778 -0.001591
v -0.004268 0.001913 -0.001768
v -0.004531 0.000975 -0.001877
v -0.004619 0.000000 -0.001913
v -0.004531 -0.000975 -0.001877
v -0.004268 -0.001913 -0.001768
v -0.003841 -0.002778 -0.001591
v -0.003266 -0.003536 -0.001353
v -0.002566 -0.004157 -0.001063
v -0.001768 -0.004619 -0.000732
v -0.000901 -0.004904 -0.000373
v -0.000811 0.004904 -0.000542
v -0.001591 0.004619 -0.001063
v -0.002310 0.004157 -0.001543
v -0.002940 0.003536 -0.001964
v -0.003457 0.002778 -0.002310
v -0.003841 0.001913 -0.002566
v -0.004077 0.000975 -0.002724
v -0.004157 0.000000 -0.002778
v -0.004077 -0.000975 -0.002724
v -0.003841 -0.001913 -0.002566
v -0.003457 -0.002778 -0.002310
v -0.002940 -0.003536 -0.001964
v -0.002310 -0.004157 -0.001543
v -0.001591 -0.004619 -0.001063
v -0.000811 -0.004904 -0.000542
v -0.000690 0.004904 -0.000690
v -0.001353 0.004619 -0.001353
v -0.001964 0.004157 -0.001964
v -0.002500 0.003536 -0.002500
v -0.002940 0.002778 -0.002940
v -0.003266 0.001913 -0.003266
v -0.003468 0.000975 -0.003468
v -0.003536 0.000000 -0.003536
v -0.003468 -0.000975 -0.003468
v -0.003266 -0.001913 -0.003266
v -0.002940 -0.002778 -0.002940
v -0.002500 -0.003536 -0.002500
v -0.001964 -0.004157 -0.001964
v -0.001353 -0.004619 -0.001353
v -0.000690 -0.004904 -0.000690
v -0.000542 0.004904 -0.000811
v -0.001063 0.004619 -0.001591
v -0.001543 0.004157 -0.002310
v -0.001964 0.003536 -0.002940
v -0.002310 0.002778 -0.003457
v -0.002566 0.001913 -0.003841
v -0.002724 0.000975 -0.004077
v -0.002778 0.000000 -0.004157
v -0.002724 -0.000975 -0.004077
v -0.002566 -0.001913 -0.003841
v -0.002310 -0.002778 -0.003457
v -0.001964 -0.003536 -0.002940
v -0.001543 -0.004157 -0.002310
v -0.001063 -0.004619 -0.001591
v -0.000542 -0.004904 -0.000811
v -0.000373 0.004904 -0.000901
v -0.000732 0.004619 -0.001768
v -0.001063 0.004157 -0.002566
v -0.001353 0.003536 -0.003266
v -0.001591 0.002778 -0.003841
v -0.001768 0.001913 -0.004268
v -0.001877 0.000975 -0.004531
v -0.001913 0.000000 -0.004619
v -0.001877 -0.000975 -0.004531
v -0.001768 -0.001913 -0.004268
v -0.001591 -0.002778 -0.003841
v -0.001353 -0.003536 -0.003266
v -0.001063 -0.004157 -0.002566
v -0.000732 -0.004619 -0.001768
v -0.000373 -0.004904 -0.000901
v -0.000190 0.004904 -0.000957
v -0.000373 0.004619 -0.001877
v -0.000542 0.004157 -0.002724
v -0.000690 0.003536 -0.003468
v -0.000811 0.002778 -0.004077
v -0.000901 0.001913 -0.004531
v -0.000957 0.000975 -0.004810
v -0.000975 0.000000 -0.004904
v -0.000957 -0.000975 -0.004810
v -0.000901 -0.001913 -0.004531
v -0.000811 -0.002778 -0.004077
v -0.000690 -0.003536 -0.003468
v -0.000542 -0.004157 -0.002724
v -0.000373 -0.004619 -0.001877
v -0.000190 -0.004904 -0.000957
v 0.000000 0.004904 -0.000975
v 0.000000 0.004619 -0.001913
v 0.000000 0.004157 -0.002778
v -0.000000 0.003536 -0.003536
v 0.000000 0.002778 -0.004157
v -0.000000 0.001913 -0.004619
v -0.000000 0.000975 -0.004904
v -0.000000 0.000000 -0.005000
v -0.000000 -0.000975 -0.004904
v -0.000000 -0.001913 -0.004619
v 0.000000 -0.002778 -0.004157
v -0.000000 -0.003536 -0.003536
v 0.000000 -0.004157 -0.002778
v 0.000000 -0.004619 -0.001913
v 0.000000 -0.004904 -0.000975
v 0.000190 0.004904 -0.000957
v 0.000373 0.004619 -0.001877
v 0.000542 0.004157 -0.002724
v 0.000690 0.003536 -0.003468
v 0.000811 0.002778 -0.004077
v 0.000901 0.001913 -0.004531
v 0.000957 0.000975 -0.004810
v 0.000975 0.000000 -0.004904
v 0.000957 -0.000975 -0.004810
v 0.000901 -0.001913 -0.004531
v 0.000811 -0.002778 -0.004077
v 0.000690 -0.003536 -0.003468
v 0.000542 -0.004157 -0.002724
v 0.000373 -0.004619 -0.001877
v 0.000190 -0.004904 -0.000957
v 0.000373 0.004904 -0.000901
v 0.000732 0.004619 -0.001768
v 0.001063 0.004157 -0.002566
v 0.001353 0.003536 -0.003266
v 0.001591 0.002778 -0.003841
v 0.001768 0.001913 -0.004268
v 0.001877 0.000975 -0.004531
v 0.001913 0.000000 -0.004619
v 0.001877 -0.000975 -0.004531
v 0.001768 -0.001913 -0.004268
v 0.001591 -0.002778 -0.003841
v 0.001353 -0.003536 -0.003266
v 0.001063 -0.004157 -0.002566
v 0.000732 -0.004619 -0.001768
v 0.000373 -0.004904 -0.000901
v 0.000542 0.004904 -0.000811
v 0.001063 0.004619 -0.001591
v 0.001543 0.004157 -0.002310
v 0.001964 0.003536 -0.002940
v 0.002310 0.002778 -0.003457
v 0.002566 0.001913 -0.003841
v 0.002724 0.000975 -0.004077
v 0.002778 0.000000 -0.004157
v 0.002724 -0.000975 -0.004077
v 0.002566 -0.001913 -0.003841
v 0.002310 -0.002778 -0.003457
v 0.001964 -0.003536 -0.002940
v 0.001543 -0.004157 -0.002310
v 0.001063 -0.004619 -0.001591
v 0.000542 -0.004904 -0.000811
v 0.000690 0.004904 -0.000690
v 0.001353 0.004619 -0.001353
v 0.001964 0.004157 -0.001964
v 0.002500 0.003536 -0.002500
v 0.002940 0.002778 -0.002940
v 0.003266 0.001913 -0.003266
v 0.003468 0.000975 -0.003468
v 0.003536 0.000000 -0.003536
v 0.003468 -0.000975 -0.003468
v 0.003266 -0.001913 -0.003266
v 0.002940 -0.002778 -0.002940
v 0.002500 -0.003536 -0.002500
v 0.001964 -0.004157 -0.001964
v 0.001353 -0.004619 -0.001353
v 0.000690 -0.004904 -0.000690
v 0.000811 0.004904 -0.000542
v 0.001591 0.004619 -0.001063
v 0.002310 0.004157 -0.001543
v 0.002940 0.003536 -0.001964
v 0.003457 0.002778 -0.002310
v 0.003841 0.001913 -0.002566
v 0.004077 0.000975 -0.002724
v 0.004157 0.000000 -0.002778
v 0.004077 -0.000975 -0.002724
v 0.003841 -0.001913 -0.002566
v 0.003457 -0.002778 -0.002310
v 0.002940 -0.003536 -0.001964
v 0.002310 -0.004157 -0.001543
v 0.001591 -0.004619 -0.001063
v 0.000811 -0.004904 -0.000542
v 0.000901 0.004904 -0.000373
v 0.001768 0.004619 -0.000732
v 0.002566 0.004157 -0.001063
v 0.003266 0.003536 -0.001353
v 0.003841 0.002778 -0.001591
v 0.004268 0.001913 -0.001768
v 0.004531 0.000975 -0.001877
v 0.004619 0.000000 -0.001913
v 0.004531 -0.000975 -0.001877
v 0.004268 -0.001913 -0.001768
v 0.003841 -0.002778 -0.001591
v 0.003266 -0.003536 -0.001353
v 0.002566 -0.004157 -0.001063
v 0.001768 -0.004619 -0.000732
v 0.000901 -0.004904 -0.000373
v 0.000957 0.004904 -0.000190
v 0.001877 0.004619 -0.000373
v 0.002724 0.004157 -0.000542
v 0.003468 0.003536 -0.000690
v 0.004077 0.002778 -0.000811
v 0.004531 0.001913 -0.000901
v 0.004810 0.000975 -0.000957
v 0.004904 0.000000 -0.000975
v 0.004810 -0.000975 -0.000957
v 0.004531 -0.001913 -0.000901
v 0.004077 -0.002778 -0.000811
v 0.003468 -0.003536 -0.000690
v 0.002724 -0.004157 -0.000542
v 0.001877 -0.004619 -0.000373
v 0.000957 -0.004904 -0.000190
v 0.000975 0.004904 -0.000000
v 0.001913 0.004619 -0.000000
v 0.002778 0.004157 -0.000000
v 0.003536 0.003536 -0.000000
v 0.004157 0.002778 -0.000000
v 0.004619 0.001913 -0.000000
v 0.004904 0.000975 -0.000000
v 0.005000 0.000000 -0.000000
v 0.004904 -0.000975 -0.000000
v 0.004619 -0.001913 -0.000000
v 0.004157 -0.002778 -0.000000
v 0.003536 -0.003536 -0.000000
v 0.002778 -0.004157 -0.000000
v 0.001913 -0.004619 -0.000000
v 0.000975 -0.004904 -0.000000
v 0.000957 0.004904 0.000190
v 0.001877 0.004619 0.000373
v 0.002724 0.004157 0.000542
v 0.003468 0.003536 0.000690
v 0.004077 0.002778 0.000811
v 0.004531 0.001913 0.000901
v 0.004810 0.000975 0.000957
v 0.004904 0.000000 0.000975
v 0.004810 -0.000975 0.000957
v 0.004531 -0.001913 0.000901
v 0.004077 -0.002778 0.000811
v 0.003468 -0.003536 0.000690
v 0.002724 -0.004157 0.000542
v 0.001877 -0.004619 0.000373
v 0.000957 -0.004904 0.000190
v 0.000000 -0.005000 -0.000000
v 0.000901 0.004904 0.000373
v 0.001768 0.004619 0.000732
v 0.002566 0.004157 0.001063
v 0.003266 0.003536 0.001353
v 0.003841 0.002778 0.001591
v 0.004268 0.001913 0.001768
v 0.004531 0.000975 0.001877
v 0.004619 0.000000 0.001913
v 0.004531 -0.000975 0.001877
v 0.004268 -0.001913 0.001768
v 0.003841 -0.002778 0.001591
v 0.003266 -0.003536 0.001353
v 0.002566 -0.004157 0.001063
v 0.001768 -0.004619 0.000732
v 0.000901 -0.004904 0.000373
v 0.000811 0.004904 0.000542
v 0.001591 0.004619 0.001063
v 0.002310 0.004157 0.001543
v 0.002940 0.003536 0.001964
v 0.003457 0.002778 0.002310
v 0.003841 0.001913 0.002566
v 0.004077 0.000975 0.002724
v 0.004157 0.000000 0.002778
v 0.004077 -0.000975 0.002724
v 0.003841 -0.001913 0.002566
v 0.003457 -0.002778 0.002310
v 0.002940 -0.003536 0.001964
v 0.002310 -0.004157 0.001543
v 0.001591 -0.004619 0.001063
v 0.000811 -0.004904 0.000542
v 0.000690 0.004904 0.000690
v 0.001353 0.004619 0.001353
v 0.001964 0.004157 0.001964
v 0.002500 0.003536 0.002500
v 0.002940 0.002778 0.002940
v 0.003266 0.001913 0.003266
v 0.003468 0.000975 0.003468
v 0.003536 0.000000 0.003536
v 0.003468 -0.000975 0.003468
v 0.003266 -0.001913 0.003266
v 0.002940 -0.002778 0.002940
v 0.002500 -0.003536 0.002500
v 0.001964 -0.004157 0.001964
v 0.001353 -0.004619 0.001353
v 0.000690 -0.004904 0.000690
v 0.000542 0.004904 0.000811
v 0.001063 0.004619 0.001591
v 0.001543 0.004157 0.002310
v 0.001964 0.003536 0.002940
v 0.002310 0.002778 0.003457
v 0.002566 0.001913 0.003841
v 0.002724 0.000975 0.004077
v 0.002778 0.000000 0.004157
v 0.002724 -0.000975 0.004077
v 0.002566 -0.001913 0.003841
v 0.002310 -0.002778 0.003457
v 0.001964 -0.003536 0.002940
v 0.001543 -0.004157 0.002310
v 0.001063 -0.004619 0.001591
v 0.000542 -0.004904 0.000811
v 0.000373 0.004904 0.000901
v 0.000732 0.004619 0.001768
v 0.001063 0.004157 0.002566
v 0.001353 0.003536 0.003266
v 0.001591 0.002778 0.003841
v 0.001768 0.001913 0.004268
v 0.001877 0.000975 0.004531
v 0.001913 0.000000 0.004619
v 0.001877 -0.000975 0.004531
v 0.001768 -0.001913 0.004268
v 0.001591 -0.002778 0.003841
v 0.001353 -0.003536 0.003266
v 0.001063 -0.004157 0.002566
v 0.000732 -0.004619 0.001768
v 0.000373 -0.004904 0.000901
v 0.000190 0.004904 0.000957
v 0.000373 0.004619 0.001877
v 0.000542 0.004157 0.002724
v 0.000690 0.003536 0.003468
v 0.000811 0.002778 0.004077
v 0.000901 0.001913 0.004531
v 0.000957 0.000975 0.004810
v 0.000975 0.000000 0.004904
v 0.000957 -0.000975 0.004810
v 0.000901 -0.001913 0.004531
v 0.000811 -0.002778 0.004077
v 0.000690 -0.003536 0.003468
v 0.000542 -0.004157 0.002724
v 0.000373 -0.004619 0.001877
v 0.000190 -0.004904 0.000957
v 0.000000 0.004904 0.000975
v 0.000000 0.004619 0.001913
v 0.000000 0.004157 0.002778
v 0.000000 0.003536 0.003536
v 0.000000 0.002778 0.004157
v 0.000000 0.001913 0.004619
v 0.000000 0.000975 0.004904
v 0.000000 0.000000 0.005000
v 0.000000 -0.000975 0.004904
v 0.000000 -0.001913 0.004619
v 0.000000 -0.002778 0.004157
v 0.000000 -0.003536 0.003536
v 0.000000 -0.004157 0.002778
v 0.000000 -0.004619 0.001913
v 0.000000 -0.004904 0.000975
v -0.000190 0.004904 0.000957
v -0.000373 0.004619 0.001877
v -0.000542 0.004157 0.002724
v -0.000690 0.003536 0.003468
v -0.000811 0.002778 0.004077
v -0.000901 0.001913 0.004531
v -0.000957 0.000975 0.004810
v -0.000975 0.000000 0.004904
v -0.000957 -0.000975 0.004810
v -0.000901 -0.001913 0.004531
v -0.000811 -0.002778 0.004077
v -0.000690 -0.003536 0.003468
v -0.000542 -0.004157 0.002724
v -0.000373 -0.004619 0.001877
v -0.000190 -0.004904 0.000957
v 0.000000 0.005000 0.000000
v -0.000373 0.004904 0.000901
v -0.000732 0.004619 0.001768
v -0.001063 0.004157 0.002566
v -0.001353 0.003536 0.003266
v -0.001591 0.002778 0.003841
v -0.001768 0.001913 0.004268
v -0.001877 0.000975 0.004531
v -0.001913 0.000000 0.004619
v -0.001877 -0.000975 0.004531
v -0.001768 -0.001913 0.004268
v -0.001591 -0.002778 0.003841
v -0.001353 -0.003536 0.003266
v -0.001063 -0.004157 0.002566
v -0.000732 -0.004619 0.001768
v -0.000373 -0.004904 0.000901
v -0.000542 0.004904 0.000811
v -0.001063 0.004619 0.001591
v -0.001543 0.004157 0.002310
v -0.001964 0.003536 0.002940
v -0.002310 0.002778 0.003457
v -0.002566 0.001913 0.003841
v -0.002724 0.000975 0.004077
v -0.002778 0.000000 0.004157
v -0.002724 -0.000975 0.004077
v -0.002566 -0.001913 0.003841
v -0.002310 -0.002778 0.003457
v -0.001964 -0.003536 0.002940
v -0.001543 -0.004157 0.002310
v -0.001063 -0.004619 0.001591
v -0.000542 -0.004904 0.000811
vn -0.5893 -0.5528 0.5893
vn -0.6539 -0.3805 0.6539
vn -0.7689 -0.3805 0.5137
vn -0.6929 -0.5528 0.4630
vn -0.5021 0.7040 0.5021
vn -0.3958 0.8286 0.3958
vn -0.4654 0.8286 0.3110
vn -0.5904 0.7040 0.3945
vn -0.5021 -0.7040 0.5021
vn -0.5904 -0.7040 0.3945
vn -0.5893 0.5528 0.5893
vn -0.6929 0.5528 0.4630
vn -0.3958 -0.8286 0.3958
vn -0.4654 -0.8286 0.3110
vn -0.6539 0.3805 0.6539
vn -0.7689 0.3805 0.5137
vn -0.2743 -0.9217 0.2743
vn -0.3225 -0.9217 0.2155
vn -0.6937 0.1939 0.6937
vn -0.8157 0.1939 0.5450
vn -0.1421 -0.9796 0.1421
vn -0.1671 -0.9796 0.1116
vn -0.7071 0.0000 0.7071
vn -0.8314 0.0000 0.5556
vn -0.6937 -0.1939 0.6937
vn -0.8157 -0.1939 0.5450
vn -0.2743 0.9217 0.2743
vn -0.1421 0.9796 0.1421
vn -0.1671 0.9796 0.1116
vn -0.3225 0.9217 0.2155
vn -0.9063 -0.1939 0.3754
vn -0.8544 -0.3805 0.3539
vn -0.3583 0.9217 0.1484
vn -0.5171 0.8286 0.2142
vn -0.7699 -0.5528 0.3189
vn -0.6561 0.7040 0.2717
vn -0.6561 -0.7040 0.2717
vn -0.7699 0.5528 0.3189
vn -0.5171 -0.8286 0.2142
vn -0.8544 0.3805 0.3539
vn -0.3583 -0.9217 0.1484
vn -0.9063 0.1939 0.3754
vn -0.1856 -0.9796 0.0769
vn -0.9239 0.0000 0.3827
vn -0.1856 0.9796 0.0769
vn -0.5490 -0.8286 0.1092
vn -0.3804 -0.9217 0.0757
vn -0.9070 0.3805 0.1804
vn -0.9622 0.1939 0.1914
vn -0.1971 -0.9796 0.0392
vn -0.9808 0.0000 0.1951
vn -0.9622 -0.1939 0.1914
vn -0.1971 0.9796 0.0392
vn -0.3804 0.9217 0.0757
vn -0.9070 -0.3805 0.1804
vn -0.5490 0.8286 0.1092
vn -0.8173 -0.5528 0.1626
vn -0.6965 0.7040 0.1385
vn -0.6965 -0.7040 0.1385
vn -0.8173 0.5528 0.1626
vn -0.3879 0.9217 0.0000
vn -0.5598 0.8286 0.0000
vn -0.9247 -0.3805 0.0000
vn -0.8333 -0.5528 0.0000
vn -0.7101 0.7040 0.0000
vn -0.7101 -0.7040 0.0000
vn -0.8333 0.5528 0.0000
vn -0.5598 -0.8286 0.0000
vn -0.9247 0.3805 0.0000
vn -0.3879 -0.9217 0.0000
vn -0.9810 0.1939 0.0000
vn -0.2010 -0.9796 0.0000
vn -1.0000 0.0000 0.0000
vn -0.9810 -0.1939 0.0000
vn -0.2010 0.9796 0.0000
vn -0.9070 0.3805 -0.1804
vn -0.9622 0.1939 -0.1914
vn -0.3804 -0.9217 -0.0757
vn -0.1971 -0.9796 -0.0392
vn -0.9808 0.0000 -0.1951
vn -0.9622 -0.1939 -0.1914
vn -0.1971 0.9796 -0.0392
vn -0.3804 0.9217 -0.0757
vn -0.9070 -0.3805 -0.1804
vn -0.5490 0.8286 -0.1092
vn -0.8173 -0.5528 -0.1626
vn -0.6965 0.7040 -0.1385
vn -0.6965 -0.7040 -0.1385
vn -0.8173 0.5528 -0.1626
vn -0.5490 -0.8286 -0.1092
vn -0.8544 -0.3805 -0.3539
vn -0.7699 -0.5528 -0.3189
vn -0.5171 0.8286 -0.2142
vn -0.6561 0.7040 -0.2717
vn -0.6561 -0.7040 -0.2717
vn -0.7699 0.5528 -0.3189
vn -0.5171 -0.8286 -0.2142
vn -0.8544 0.3805 -0.3539
vn -0.3583 -0.9217 -0.1484
vn -0.9063 0.1939 -0.3754
vn -0.1856 -0.9796 -0.0769
vn -0.9239 0.0000 -0.3827
vn -0.9063 -0.1939 -0.3754
vn -0.1856 0.9796 -0.0769
vn -0.3583 0.9217 -0.1484
vn -0.3225 -0.9217 -0.2155
vn -0.1671 -0.9796 -0.1116
vn -0.8157 0.1939 -0.5450
vn -0.8314 0.0000 -0.5556
vn -0.8157 -0.1939 -0.5450
vn -0.1671 0.9796 -0.1116
vn -0.3225 0.9217 -0.2155
vn -0.7689 -0.3805 -0.5137
vn -0.4654 0.8286 -0.3110
vn -0.6929 -0.5528 -0.4630
vn -0.5904 0.7040 -0.3945
vn -0.5904 -0.7040 -0.3945
vn -0.6929 0.5528 -0.4630
vn -0.4654 -0.8286 -0.3110
vn -0.7689 0.3805 -0.5137
vn -0.3958 0.8286 -0.3958
vn -0.5021 0.7040 -0.5021
vn -0.5893 -0.5528 -0.5893
vn -0.5021 -0.7040 -0.5021
vn -0.5893 0.5528 -0.5893
vn -0.3958 -0.8286 -0.3958
vn -0.6539 0.3805 -0.6539
vn -0.2743 -0.9217 -0.2743
vn -0.6937 0.1939 -0.6937
vn -0.1421 -0.9796 -0.1421
vn -0.7071 0.0000 -0.7071
vn -0.6937 -0.1939 -0.6937
vn -0.1421 0.9796 -0.1421
vn -0.2743 0.9217 -0.2743
vn -0.6539 -0.3805 -0.6539
vn -0.5450 0.1939 -0.8157
vn -0.5556 0.0000 -0.8314
vn -0.5450 -0.1939 -0.8157
vn -0.1116 0.9796 -0.1671
vn -0.2155 0.9217 -0.3225
vn -0.5137 -0.3805 -0.7689
vn -0.3110 0.8286 -0.4654
vn -0.4630 -0.5528 -0.6929
vn -0.3945 0.7040 -0.5904
vn -0.3945 -0.7040 -0.5904
vn -0.4630 0.5528 -0.6929
vn -0.3110 -0.8286 -0.4654
vn -0.5137 0.3805 -0.7689
vn -0.2155 -0.9217 -0.3225
vn -0.1116 -0.9796 -0.1671
vn -0.3189 -0.5528 -0.7699
vn -0.2717 -0.7040 -0.6561
vn -0.2717 0.7040 -0.6561
vn -0.3189 0.5528 -0.7699
vn -0.2142 -0.8286 -0.5171
vn -0.3539 0.3805 -0.8544
vn -0.1484 -0.9217 -0.3583
vn -0.3754 0.1939 -0.9063
vn -0.0769 -0.9796 -0.1856
vn -0.3827 0.0000 -0.9239
vn -0.3754 -0.1939 -0.9063
vn -0.0769 0.9796 -0.1856
vn -0.1484 0.9217 -0.3583
vn -0.3539 -0.3805 -0.8544
vn -0.2142 0.8286 -0.5171
vn -0.1951 0.0000 -0.9808
vn -0.1914 -0.1939 -0.9622
vn -0.0392 0.9796 -0.1971
vn -0.0757 0.9217 -0.3804
vn -0.1804 -0.3805 -0.9070
vn -0.1092 0.8286 -0.5490
vn -0.1626 -0.5528 -0.8173
vn -0.1385 0.7040 -0.6965
vn -0.1385 -0.7040 -0.6965
vn -0.1626 0.5528 -0.8173
vn -0.1092 -0.8286 -0.5490
vn -0.1804 0.3805 -0.9070
vn -0.0757 -0.9217 -0.3804
vn -0.1914 0.1939 -0.9622
vn -0.0392 -0.9796 -0.1971
vn 0.0000 -0.7040 -0.7101
vn 0.0000 -0.8286 -0.5598
vn 0.0000 0.5528 -0.8333
vn 0.0000 0.3805 -0.9247
vn 0.0000 -0.9217 -0.3879
vn 0.0000 0.1939 -0.9810
vn 0.0000 -0.9796 -0.2010
vn 0.0000 0.0000 -1.0000
vn 0.0000 -0.1939 -0.9810
vn 0.0000 0.9796 -0.2010
vn 0.0000 0.9217 -0.3879
vn 0.0000 -0.3805 -0.9247
vn 0.0000 0.8286 -0.5598
vn 0.0000 -0.5528 -0.8333
vn 0.0000 0.7040 -0.7101
vn 0.0392 0.9796 -0.1971
vn 0.0757 0.9217 -0.3804
vn 0.1914 -0.1939 -0.9622
vn 0.1804 -0.3805 -0.9070
vn 0.1092 0.8286 -0.5490
vn 0.1626 -0.5528 -0.8173
vn 0.1385 0.7040 -0.6965
vn 0.1385 -0.7040 -0.6965
vn 0.1626 0.5528 -0.8173
vn 0.1092 -0.8286 -0.5490
vn 0.1804 0.3805 -0.9070
vn 0.0757 -0.9217 -0.3804
vn 0.1914 0.1939 -0.9622
vn 0.0392 -0.9796 -0.1971
vn 0.1951 0.0000 -0.9808
vn 0.3189 0.5528 -0.7699
vn 0.3539 0.3805 -0.8544
vn 0.2142 -0.8286 -0.5171
vn 0.1484 -0.9217 -0.3583
vn 0.3754 0.1939 -0.9063
vn 0.0769 -0.9796 -0.1856
vn 0.3827 0.0000 -0.9239
vn 0.3754 -0.1939 -0.9063
vn 0.0769 0.9796 -0.1856
vn 0.1484 0.9217 -0.3583
vn 0.3539 -0.3805 -0.8544
vn 0.2142 0.8286 -0.5171
vn 0.3189 -0.5528 -0.7699
vn 0.2717 0.7040 -0.6561
vn 0.2717 -0.7040 -0.6561
vn 0.5450 -0.1939 -0.8157
vn 0.5137 -0.3805 -0.7689
vn 0.2155 0.9217 -0.3225
vn 0.3110 0.8286 -0.4654
vn 0.4630 -0.5528 -0.6929
vn 0.3945 0.7040 -0.5904
vn 0.3945 -0.7040 -0.5904
vn 0.4630 0.5528 -0.6929
vn 0.3110 -0.8286 -0.4654
vn 0.5137 0.3805 -0.7689
vn 0.2155 -0.9217 -0.3225
vn 0.5450 0.1939 -0.8157
vn 0.1116 -0.9796 -0.1671
vn 0.5556 0.0000 -0.8314
vn 0.1116 0.9796 -0.1671
vn 0.3958 -0.8286 -0.3958
vn 0.2743 -0.9217 -0.2743
vn 0.6539 0.3805 -0.6539
vn 0.6937 0.1939 -0.6937
vn 0.1421 -0.9796 -0.1421
vn 0.7071 0.0000 -0.7071
vn 0.6937 -0.1939 -0.6937
vn 0.1421 0.9796 -0.1421
vn 0.2743 0.9217 -0.2743
vn 0.6539 -0.3805 -0.6539
vn 0.3958 0.8286 -0.3958
vn 0.5893 -0.5528 -0.5893
vn 0.5021 0.7040 -0.5021
vn 0.5021 -0.7040 -0.5021
vn 0.5893 0.5528 -0.5893
vn 0.3225 0.9217 -0.2155
vn 0.4654 0.8286 -0.3110
vn 0.7689 -0.3805 -0.5137
vn 0.6929 -0.5528 -0.4630
vn 0.5904 0.7040 -0.3945
vn 0.5904 -0.7040 -0.3945
vn 0.6929 0.5528 -0.4630
vn 0.4654 -0.8286 -0.3110
vn 0.7689 0.3805 -0.5137
vn 0.3225 -0.9217 -0.2155
vn 0.8157 0.1939 -0.5450
vn 0.1671 -0.9796 -0.1116
vn 0.8314 0.0000 -0.5556
vn 0.8157 -0.1939 -0.5450
vn 0.1671 0.9796 -0.1116
vn 0.8544 0.3805 -0.3539
vn 0.9063 0.1939 -0.3754
vn 0.3583 -0.9217 -0.1484
vn 0.1856 -0.9796 -0.0769
vn 0.9239 0.0000 -0.3827
vn 0.9063 -0.1939 -0.3754
vn 0.1856 0.9796 -0.0769
vn 0.3583 0.9217 -0.1484
vn 0.8544 -0.3805 -0.3539
vn 0.5171 0.8286 -0.2142
vn 0.7699 -0.5528 -0.3189
vn 0.6561 0.7040 -0.2717
vn 0.6561 -0.7040 -0.2717
vn 0.7699 0.5528 -0.3189
vn 0.5171 -0.8286 -0.2142
vn 0.9070 -0.3805 -0.1804
vn 0.8173 -0.5528 -0.1626
vn 0.5490 0.8286 -0.1092
vn 0.6965 0.7040 -0.1385
vn 0.6965 -0.7040 -0.1385
vn 0.8173 0.5528 -0.1626
vn 0.5490 -0.8286 -0.1092
vn 0.9070 0.3805 -0.1804
vn 0.3804 -0.9217 -0.0757
vn 0.9622 0.1939 -0.1914
vn 0.1971 -0.9796 -0.0392
vn 0.9808 0.0000 -0.1951
vn 0.9622 -0.1939 -0.1914
vn 0.1971 0.9796 -0.0392
vn 0.3804 0.9217 -0.0757
vn 0.3879 -0.9217 0.0000
vn 0.2010 -0.9796 0.0000
vn 0.9810 0.1939 0.0000
vn 1.0000 0.0000 0.0000
vn 0.9810 -0.1939 0.0000
vn 0.2010 0.9796 0.0000
vn 0.3879 0.9217 0.0000
vn 0.9247 -0.3805 0.0000
vn 0.5598 0.8286 0.0000
vn 0.8333 -0.5528 0.0000
vn 0.7101 0.7040 0.0000
vn 0.7101 -0.7040 0.0000
vn 0.8333 0.5528 0.0000
vn 0.5598 -0.8286 0.0000
vn 0.9247 0.3805 0.0000
vn 0.8173 -0.5528 0.1626
vn 0.6965 -0.7040 0.1385
vn 0.6965 0.7040 0.1385
vn 0.8173 0.5528 0.1626
vn 0.5490 -0.8286 0.1092
vn 0.9070 0.3805 0.1804
vn 0.3804 -0.9217 0.0757
vn 0.9622 0.1939 0.1914
vn 0.1971 -0.9796 0.0392
vn 0.9808 0.0000 0.1951
vn 0.9622 -0.1939 0.1914
vn 0.1971 0.9796 0.0392
vn 0.3804 0.9217 0.0757
vn 0.9070 -0.3805 0.1804
vn 0.5490 0.8286 0.1092
vn 0.9239 0.0000 0.3827
vn 0.9063 -0.1939 0.3754
vn 0.1856 0.9796 0.0769
vn 0.3583 0.9217 0.1484
vn 0.8544 -0.3805 0.3539
vn 0.5171 0.8286 0.2142
vn 0.7699 -0.5528 0.3189
vn 0.6561 0.7040 0.2717
vn 0.6561 -0.7040 0.2717
vn 0.7699 0.5528 0.3189
vn 0.5171 -0.8286 0.2142
vn 0.8544 0.3805 0.3539
vn 0.3583 -0.9217 0.1484
vn 0.9063 0.1939 0.3754
vn 0.1856 -0.9796 0.0769
vn 0.5904 0.7040 0.3945
vn 0.6929 0.5528 0.4630
vn 0.5904 -0.7040 0.3945
vn 0.4654 -0.8286 0.3110
vn 0.7689 0.3805 0.5137
vn 0.3225 -0.9217 0.2155
vn 0.8157 0.1939 0.5450
vn 0.1671 -0.9796 0.1116
vn 0.8314 0.0000 0.5556
vn 0.8157 -0.1939 0.5450
vn 0.1671 0.9796 0.1116
vn 0.3225 0.9217 0.2155
vn 0.7689 -0.3805 0.5137
vn 0.4654 0.8286 0.3110
vn 0.6929 -0.5528 0.4630
vn 0.7071 0.0000 0.7071
vn 0.6937 -0.1939 0.6937
vn 0.1421 0.9796 0.1421
vn 0.2743 0.9217 0.2743
vn 0.6539 -0.3805 0.6539
vn 0.3958 0.8286 0.3958
vn 0.5893 -0.5528 0.5893
vn 0.5021 0.7040 0.5021
vn 0.5021 -0.7040 0.5021
vn 0.5893 0.5528 0.5893
vn 0.3958 -0.8286 0.3958
vn 0.6539 0.3805 0.6539
vn 0.2743 -0.9217 0.2743
vn 0.6937 0.1939 0.6937
vn 0.1421 -0.9796 0.1421
vn 0.3945 -0.7040 0.5904
vn 0.3110 -0.8286 0.4654
vn 0.4630 0.5528 0.6929
vn 0.5137 0.3805 0.7689
vn 0.2155 -0.9217 0.3225
vn 0.5450 0.1939 0.8157
vn 0.1116 -0.9796 0.1671
vn 0.5556 0.0000 0.8314
vn 0.5450 -0.1939 0.8157
vn 0.1116 0.9796 0.1671
vn 0.2155 0.9217 0.3225
vn 0.5137 -0.3805 0.7689
vn 0.3110 0.8286 0.4654
vn 0.4630 -0.5528 0.6929
vn 0.3945 0.7040 0.5904
vn 0.0769 0.9796 0.1856
vn 0.1484 0.9217 0.3583
vn 0.3754 -0.1939 0.9063
vn 0.3539 -0.3805 0.8544
vn 0.2142 0.8286 0.5171
vn 0.3189 -0.5528 0.7699
vn 0.2717 0.7040 0.6561
vn 0.2717 -0.7040 0.6561
vn 0.3189 0.5528 0.7699
vn 0.2142 -0.8286 0.5171
vn 0.3539 0.3805 0.8544
vn 0.1484 -0.9217 0.3583
vn 0.3754 0.1939 0.9063
vn 0.0769 -0.9796 0.1856
vn 0.3827 0.0000 0.9239
vn 0.1626 0.5528 0.8173
vn 0.1804 0.3805 0.9070
vn 0.1092 -0.8286 0.5490
vn 0.0757 -0.9217 0.3804
vn 0.1914 0.1939 0.9622
vn 0.0392 -0.9796 0.1971
vn 0.1951 0.0000 0.9808
vn 0.1914 -0.1939 0.9622
vn 0.0392 0.9796 0.1971
vn 0.0757 0.9217 0.3804
vn 0.1804 -0.3805 0.9070
vn 0.1092 0.8286 0.5490
vn 0.1626 -0.5528 0.8173
vn 0.1385 0.7040 0.6965
vn 0.1385 -0.7040 0.6965
vn 0.0000 -0.1939 0.9810
vn 0.0000 -0.3805 0.9247
vn 0.0000 0.9217 0.3879
vn 0.0000 0.8286 0.5598
vn 0.0000 -0.5528 0.8333
vn 0.0000 0.7040 0.7101
vn 0.0000 -0.7040 0.7101
vn 0.0000 0.5528 0.8333
vn 0.0000 -0.8286 0.5598
vn 0.0000 0.3805 0.9247
vn 0.0000 -0.9217 0.3879
vn 0.0000 0.1939 0.9810
vn 0.0000 -0.9796 0.2010
vn 0.0000 0.0000 1.0000
vn 0.0000 0.9796 0.2010
vn -0.1092 -0.8286 0.5490
vn -0.0757 -0.9217 0.3804
vn -0.1804 0.3805 0.9070
vn -0.1914 0.1939 0.9622
vn -0.0392 -0.9796 0.1971
vn -0.1951 0.0000 0.9808
vn -0.1914 -0.1939 0.9622
vn -0.0392 0.9796 0.1971
vn -0.0757 0.9217 0.3804
vn -0.1804 -0.3805 0.9070
vn -0.1092 0.8286 0.5490
vn -0.1626 -0.5528 0.8173
vn -0.1385 0.7040 0.6965
vn -0.1385 -0.7040 0.6965
vn -0.1626 0.5528 0.8173
vn -0.3539 -0.3805 0.8544
vn -0.3189 -0.5528 0.7699
vn -0.2142 0.8286 0.5171
vn -0.2717 0.7040 0.6561
vn -0.2717 -0.7040 0.6561
vn -0.3189 0.5528 0.7699
vn -0.2142 -0.8286 0.5171
vn -0.3539 0.3805 0.8544
vn -0.1484 -0.9217 0.3583
vn -0.3754 0.1939 0.9063
vn -0.0769 -0.9796 0.1856
vn -0.3827 0.0000 0.9239
vn -0.3754 -0.1939 0.9063
vn -0.0769 0.9796 0.1856
vn -0.1484 0.9217 0.3583
vn -0.2155 -0.9217 0.3225
vn -0.1116 -0.9796 0.1671
vn -0.5450 0.1939 0.8157
vn -0.5556 0.0000 0.8314
vn -0.5450 -0.1939 0.8157
vn -0.1116 0.9796 0.1671
vn -0.2155 0.9217 0.3225
vn -0.5137 -0.3805 0.7689
vn -0.3110 0.8286 0.4654
vn -0.4630 -0.5528 0.6929
vn -0.3945 0.7040 0.5904
vn -0.3945 -0.7040 0.5904
vn -0.4630 0.5528 0.6929
vn -0.3110 -0.8286 0.4654
vn -0.5137 0.3805 0.7689
vn 0.0000 1.0000 0.0000
vn 0.0000 -1.0000 0.0000
usemtl Material.001
s 1
f 11//1 10//2 25//3 26//4
f 4//5 3//6 18//7 19//8
f 12//9 11//1 26//4 27//10
f 5//11 4//5 19//8 20//12
f 13//13 12//9 27//10 28//14
f 6//15 5//11 20//12 21//16
f 14//17 13//13 28//14 29//18
f 7//19 6//15 21//16 22//20
f 15//21 14//17 29//18 30//22
f 8//23 7//19 22//20 23//24
f 9//25 8//23 23//24 24//26
f 2//27 1//28 16//29 17//30
f 10//2 9//25 24//26 25//3
f 3//6 2//27 17//30 18//7
f 25//3 24//26 39//31 40//32
f 18//7 17//30 32//33 33//34
f 26//4 25//3 40//32 41//35
f 19//8 18//7 33//34 34//36
f 27//10 26//4 41//35 42//37
f 20//12 19//8 34//36 35//38
f 28//14 27//10 42//37 43//39
f 21//16 20//12 35//38 36//40
f 29//18 28//14 43//39 44//41
f 22//20 21//16 36//40 37//42
f 30//22 29//18 44//41 45//43
f 23//24 22//20 37//42 38//44
f 24//26 23//24 38//44 39//31
f 17//30 16//29 31//45 32//33
f 44//41 43//39 58//46 59//47
f 37//42 36//40 51//48 52//49
f 45//43 44//41 59//47 60//50
f 38//44 37//42 52//49 53//51
f 39//31 38//44 53//51 54//52
f 32//33 31//45 46//53 47//54
f 40//32 39//31 54//52 55//55
f 33//34 32//33 47//54 48//56
f 41//35 40//32 55//55 56//57
f 34//36 33//34 48//56 49//58
f 42//37 41//35 56//57 57//59
f 35//38 34//36 49//58 50//60
f 43//39 42//37 57//59 58//46
f 36//40 35//38 50//60 51//48
f 48//56 47//54 62//61 63//62
f 56//57 55//55 70//63 71//64
f 49//58 48//56 63//62 64//65
f 57//59 56//57 71//64 72//66
f 50//60 49//58 64//65 65//67
f 58//46 57//59 72//66 73//68
f 51//48 50//60 65//67 66//69
f 59//47 58//46 73//68 74//70
f 52//49 51//48 66//69 67//71
f 60//50 59//47 74//70 75//72
f 53//51 52//49 67//71 68//73
f 54//52 53//51 68//73 69//74
f 47//54 46//53 61//75 62//61
f 55//55 54//52 69//74 70//63
f 67//71 66//69 81//76 82//77
f 75//72 74//70 89//78 90//79
f 68//73 67//71 82//77 83//80
f 69//74 68//73 83//80 84//81
f 62//61 61//75 76//82 77//83
f 70//63 69//74 84//81 85//84
f 63//62 62//61 77//83 78//85
f 71//64 70//63 85//84 86//86
f 64//65 63//62 78//85 79//87
f 72//66 71//64 86//86 87//88
f 65//67 64//65 79//87 80//89
f 73//68 72//66 87//88 88//90
f 66//69 65//67 80//89 81//76
f 74//70 73//68 88//90 89//78
f 86//86 85//84 100//91 101//92
f 79//87 78//85 93//93 94//94
f 87//88 86//86 101//92 102//95
f 80//89 79//87 94//94 95//96
f 88//90 87//88 102//95 103//97
f 81//76 80//89 95//96 96//98
f 89//78 88//90 103//97 104//99
f 82//77 81//76 96//98 97//100
f 90//79 89//78 104//99 105//101
f 83//80 82//77 97//100 98//102
f 84//81 83//80 98//102 99//103
f 77//83 76//82 91//104 92//105
f 85//84 84//81 99//103 100//91
f 78//85 77//83 92//105 93//93
f 105//101 104//99 119//106 120//107
f 98//102 97//100 112//108 113//109
f 99//103 98//102 113//109 114//110
f 92//105 91//104 106//111 107//112
f 100//91 99//103 114//110 115//113
f 93//93 92//105 107//112 108//114
f 101//92 100//91 115//113 116//115
f 94//94 93//93 108//114 109//116
f 102//95 101//92 116//115 117//117
f 95//96 94//94 109//116 110//118
f 103//97 102//95 117//117 118//119
f 96//98 95//96 110//118 111//120
f 104//99 103//97 118//119 119//106
f 97//100 96//98 111//120 112//108
f 109//116 108//114 123//121 124//122
f 117//117 116//115 131//123 132//124
f 110//118 109//116 124//122 125//125
f 118//119 117//117 132//124 133//126
f 111//120 110//118 125//125 126//127
f 119//106 118//119 133//126 134//128
f 112//108 111//120 126//127 127//129
f 120//107 119//106 134//128 135//130
f 113//109 112//108 127//129 128//131
f 114//110 113//109 128//131 129//132
f 107//112 106//111 121//133 122//134
f 115//113 114//110 129//132 130//135
f 108//114 107//112 122//134 123//121
f 116//115 115//113 130//135 131//123
f 128//131 127//129 142//136 143//137
f 129//132 128//131 143//137 144//138
f 122//134 121//133 136//139 137//140
f 130//135 129//132 144//138 145//141
f 123//121 122//134 137//140 138//142
f 131//123 130//135 145//141 146//143
f 124//122 123//121 138//142 139//144
f 132//124 131//123 146//143 147//145
f 125//125 124//122 139//144 140//146
f 133//126 132//124 147//145 148//147
f 126//127 125//125 140//146 141//148
f 134//128 133//126 148//147 149//149
f 127//129 126//127 141//148 142//136
f 135//130 134//128 149//149 150//150
f 147//145 146//143 161//151 162//152
f 140//146 139//144 154//153 155//154
f 148//147 147//145 162//152 163//155
f 141//148 140//146 155//154 156//156
f 149//149 148//147 163//155 164//157
f 142//136 141//148 156//156 157//158
f 150//150 149//149 164//157 165//159
f 143//137 142//136 157//158 158//160
f 144//138 143//137 158//160 159//161
f 137//140 136//139 151//162 152//163
f 145//141 144//138 159//161 160//164
f 138//142 137//140 152//163 153//165
f 146//143 145//141 160//164 161//151
f 139//144 138//142 153//165 154//153
f 159//161 158//160 173//166 174//167
f 152//163 151//162 166//168 167//169
f 160//164 159//161 174//167 175//170
f 153//165 152//163 167//169 168//171
f 161//151 160//164 175//170 176//172
f 154//153 153//165 168//171 169//173
f 162//152 161//151 176//172 177//174
f 155//154 154//153 169//173 170//175
f 163//155 162//152 177//174 178//176
f 156//156 155//154 170//175 171//177
f 164//157 163//155 178//176 179//178
f 157//158 156//156 171//177 172//179
f 165//159 164//157 179//178 180//180
f 158//160 157//158 172//179 173//166
f 178//176 177//174 192//181 193//182
f 171//177 170//175 185//183 186//184
f 179//178 178//176 193//182 194//185
f 172//179 171//177 186//184 187//186
f 180//180 179//178 194//185 195//187
f 173//166 172//179 187//186 188//188
f 174//167 173//166 188//188 189//189
f 167//169 166//168 181//190 182//191
f 175//170 174//167 189//189 190//192
f 168//171 167//169 182//191 183//193
f 176//172 175//170 190//192 191//194
f 169//173 168//171 183//193 184//195
f 177//174 176//172 191//194 192//181
f 170//175 169//173 184//195 185//183
f 182//191 181//190 196//196 197//197
f 190//192 189//189 204//198 205//199
f 183//193 182//191 197//197 198//200
f 191//194 190//192 205//199 206//201
f 184//195 183//193 198//200 199//202
f 192//181 191//194 206//201 207//203
f 185//183 184//195 199//202 200//204
f 193//182 192//181 207//203 208//205
f 186//184 185//183 200//204 201//206
f 194//185 193//182 208//205 209//207
f 187//186 186//184 201//206 202//208
f 195//187 194//185 209//207 210//209
f 188//188 187//186 202//208 203//210
f 189//189 188//188 203//210 204//198
f 201//206 200//204 215//211 216//212
f 209//207 208//205 223//213 224//214
f 202//208 201//206 216//212 217//215
f 210//209 209//207 224//214 225//216
f 203//210 202//208 217//215 218//217
f 204//198 203//210 218//217 219//218
f 197//197 196//196 211//219 212//220
f 205//199 204//198 219//218 220//221
f 198//200 197//197 212//220 213//222
f 206//201 205//199 220//221 221//223
f 199//202 198//200 213//222 214//224
f 207//203 206//201 221//223 222//225
f 200//204 199//202 214//224 215//211
f 208//205 207//203 222//225 223//213
f 220//221 219//218 234//226 235//227
f 213//222 212//220 227//228 228//229
f 221//223 220//221 235//227 236//230
f 214//224 213//222 228//229 229//231
f 222//225 221//223 236//230 237//232
f 215//211 214//224 229//231 230//233
f 223//213 222//225 237//232 238//234
f 216//212 215//211 230//233 231//235
f 224//214 223//213 238//234 239//236
f 217//215 216//212 231//235 232//237
f 225//216 224//214 239//236 240//238
f 218//217 217//215 232//237 233//239
f 219//218 218//217 233//239 234//226
f 212//220 211//219 226//240 227//228
f 239//236 238//234 253//241 254//242
f 232//237 231//235 246//243 247//244
f 240//238 239//236 254//242 255//245
f 233//239 232//237 247//244 248//246
f 234//226 233//239 248//246 249//247
f 227//228 226//240 241//248 242//249
f 235//227 234//226 249//247 250//250
f 228//229 227//228 242//249 243//251
f 236//230 235//227 250//250 251//252
f 229//231 228//229 243//251 244//253
f 237//232 236//230 251//252 252//254
f 230//233 229//231 244//253 245//255
f 238//234 237//232 252//254 253//241
f 231//235 230//233 245//255 246//243
f 243//251 242//249 257//256 258//257
f 251//252 250//250 265//258 266//259
f 244//253 243//251 258//257 259//260
f 252//254 251//252 266//259 267//261
f 245//255 244//253 259//260 260//262
f 253//241 252//254 267//261 268//263
f 246//243 245//255 260//262 261//264
f 254//242 253//241 268//263 269//265
f 247//244 246//243 261//264 262//266
f 255//245 254//242 269//265 270//267
f 248//246 247//244 262//266 263//268
f 249//247 248//246 263//268 264//269
f 242//249 241//248 256//270 257//256
f 250//250 249//247 264//269 265//258
f 262//266 261//264 276//271 277//272
f 270//267 269//265 284//273 285//274
f 263//268 262//266 277//272 278//275
f 264//269 263//268 278//275 279//276
f 257//256 256//270 271//277 272//278
f 265//258 264//269 279//276 280//279
f 258//257 257//256 272//278 273//280
f 266//259 265//258 280//279 281//281
f 259//260 258//257 273//280 274//282
f 267//261 266//259 281//281 282//283
f 260//262 259//260 274//282 275//284
f 268//263 267//261 282//283 283//285
f 261//264 260//262 275//284 276//271
f 269//265 268//263 283//285 284//273
f 281//281 280//279 295//286 296//287
f 274//282 273//280 288//288 289//289
f 282//283 281//281 296//287 297//290
f 275//284 274//282 289//289 290//291
f 283//285 282//283 297//290 298//292
f 276//271 275//284 290//291 291//293
f 284//273 283//285 298//292 299//294
f 277//272 276//271 291//293 292//295
f 285//274 284//273 299//294 300//296
f 278//275 277//272 292//295 293//297
f 279//276 278//275 293//297 294//298
f 272//278 271//277 286//299 287//300
f 280//279 279//276 294//298 295//286
f 273//280 272//278 287//300 288//288
f 300//296 299//294 314//301 315//302
f 293//297 292//295 307//303 308//304
f 294//298 293//297 308//304 309//305
f 287//300 286//299 301//306 302//307
f 295//286 294//298 309//305 310//308
f 288//288 287//300 302//307 303//309
f 296//287 295//286 310//308 311//310
f 289//289 288//288 303//309 304//311
f 297//290 296//287 311//310 312//312
f 290//291 289//289 304//311 305//313
f 298//292 297//290 312//312 313//314
f 291//293 290//291 305//313 306//315
f 299//294 298//292 313//314 314//301
f 292//295 291//293 306//315 307//303
f 312//312 311//310 326//316 327//317
f 305//313 304//311 319//318 320//319
f 313//314 312//312 327//317 328//320
f 306//315 305//313 320//319 321//321
f 314//301 313//314 328//320 329//322
f 307//303 306//315 321//321 322//323
f 315//302 314//301 329//322 330//324
f 308//304 307//303 322//323 323//325
f 309//305 308//304 323//325 324//326
f 302//307 301//306 316//327 317//328
f 310//308 309//305 324//326 325//329
f 303//309 302//307 317//328 318//330
f 311//310 310//308 325//329 326//316
f 304//311 303//309 318//330 319//318
f 324//326 323//325 339//331 340//332
f 317//328 316//327 332//333 333//334
f 325//329 324//326 340//332 341//335
f 318//330 317//328 333//334 334//336
f 326//316 325//329 341//335 342//337
f 319//318 318//330 334//336 335//338
f 327//317 326//316 342//337 343//339
f 320//319 319//318 335//338 336//340
f 328//320 327//317 343//339 344//341
f 321//321 320//319 336//340 337//342
f 329//322 328//320 344//341 345//343
f 322//323 321//321 337//342 338//344
f 330//324 329//322 345//343 346//345
f 323//325 322//323 338//344 339//331
f 336//340 335//338 350//346 351//347
f 344//341 343//339 358//348 359//349
f 337//342 336//340 351//347 352//350
f 345//343 344//341 359//349 360//351
f 338//344 337//342 352//350 353//352
f 346//345 345//343 360//351 361//353
f 339//331 338//344 353//352 354//354
f 340//332 339//331 354//354 355//355
f 333//334 332//333 347//356 348//357
f 341//335 340//332 355//355 356//358
f 334//336 333//334 348//357 349//359
f 342//337 341//335 356//358 357//360
f 335//338 334//336 349//359 350//346
f 343//339 342//337 357//360 358//348
f 355//355 354//354 369//361 370//362
f 348//357 347//356 362//363 363//364
f 356//358 355//355 370//362 371//365
f 349//359 348//357 363//364 364//366
f 357//360 356//358 371//365 372//367
f 350//346 349//359 364//366 365//368
f 358//348 357//360 372//367 373//369
f 351//347 350//346 365//368 366//370
f 359//349 358//348 373//369 374//371
f 352//350 351//347 366//370 367//372
f 360//351 359//349 374//371 375//373
f 353//352 352//350 367//372 368//374
f 361//353 360//351 375//373 376//375
f 354//354 353//352 368//374 369//361
f 374//371 373//369 388//376 389//377
f 367//372 366//370 381//378 382//379
f 375//373 374//371 389//377 390//380
f 368//374 367//372 382//379 383//381
f 376//375 375//373 390//380 391//382
f 369//361 368//374 383//381 384//383
f 370//362 369//361 384//383 385//384
f 363//364 362//363 377//385 378//386
f 371//365 370//362 385//384 386//387
f 364//366 363//364 378//386 379//388
f 372//367 371//365 386//387 387//389
f 365//368 364//366 379//388 380//390
f 373//369 372//367 387//389 388//376
f 366//370 365//368 380//390 381//378
f 378//386 377//385 392//391 393//392
f 386//387 385//384 400//393 401//394
f 379//388 378//386 393//392 394//395
f 387//389 386//387 401//394 402//396
f 380//390 379//388 394//395 395//397
f 388//376 387//389 402//396 403//398
f 381//378 380//390 395//397 396//399
f 389//377 388//376 403//398 404//400
f 382//379 381//378 396//399 397//401
f 390//380 389//377 404//400 405//402
f 383//381 382//379 397//401 398//403
f 391//382 390//380 405//402 406//404
f 384//383 383//381 398//403 399//405
f 385//384 384//383 399//405 400//393
f 397//401 396//399 411//406 412//407
f 405//402 404//400 419//408 420//409
f 398//403 397//401 412//407 413//410
f 406//404 405//402 420//409 421//411
f 399//405 398//403 413//410 414//412
f 400//393 399//405 414//412 415//413
f 393//392 392//391 407//414 408//415
f 401//394 400//393 415//413 416//416
f 394//395 393//392 408//415 409//417
f 402//396 401//394 416//416 417//418
f 395//397 394//395 409//417 410//419
f 403//398 402//396 417//418 418//420
f 396//399 395//397 410//419 411//406
f 404//400 403//398 418//420 419//408
f 416//416 415//413 430//421 431//422
f 409//417 408//415 423//423 424//424
f 417//418 416//416 431//422 432//425
f 410//419 409//417 424//424 425//426
f 418//420 417//418 432//425 433//427
f 411//406 410//419 425//426 426//428
f 419//408 418//420 433//427 434//429
f 412//407 411//406 426//428 427//430
f 420//409 419//408 434//429 435//431
f 413//410 412//407 427//430 428//432
f 421//411 420//409 435//431 436//433
f 414//412 413//410 428//432 429//434
f 415//413 414//412 429//434 430//421
f 408//415 407//414 422//435 423//423
f 435//431 434//429 449//436 450//437
f 428//432 427//430 442//438 443//439
f 436//433 435//431 450//437 451//440
f 429//434 428//432 443//439 444//441
f 430//421 429//434 444//441 445//442
f 423//423 422//435 437//443 438//444
f 431//422 430//421 445//442 446//445
f 424//424 423//423 438//444 439//446
f 432//425 431//422 446//445 447//447
f 425//426 424//424 439//446 440//448
f 433//427 432//425 447//447 448//449
f 426//428 425//426 440//448 441//450
f 434//429 433//427 448//449 449//436
f 427//430 426//428 441//450 442//438
f 447//447 446//445 462//451 463//452
f 440//448 439//446 455//453 456//454
f 448//449 447//447 463//452 464//455
f 441//450 440//448 456//454 457//456
f 449//436 448//449 464//455 465//457
f 442//438 441//450 457//456 458//458
f 450//437 449//436 465//457 466//459
f 443//439 442//438 458//458 459//460
f 451//440 450//437 466//459 467//461
f 444//441 443//439 459//460 460//462
f 445//442 444//441 460//462 461//463
f 438//444 437//443 453//464 454//465
f 446//445 445//442 461//463 462//451
f 439//446 438//444 454//465 455//453
f 467//461 466//459 481//466 482//467
f 460//462 459//460 474//468 475//469
f 461//463 460//462 475//469 476//470
f 454//465 453//464 468//471 469//472
f 462//451 461//463 476//470 477//473
f 455//453 454//465 469//472 470//474
f 463//452 462//451 477//473 478//475
f 456//454 455//453 470//474 471//476
f 464//455 463//452 478//475 479//477
f 457//456 456//454 471//476 472//478
f 465//457 464//455 479//477 480//479
f 458//458 457//456 472//478 473//480
f 466//459 465//457 480//479 481//466
f 459//460 458//458 473//480 474//468
f 1//28 452//481 16//29
f 331//482 15//21 30//22
f 16//29 452//481 31//45
f 331//482 30//22 45//43
f 31//45 452//481 46//53
f 331//482 45//43 60//50
f 46//53 452//481 61//75
f 331//482 60//50 75//72
f 61//75 452//481 76//82
f 331//482 75//72 90//79
f 76//82 452//481 91//104
f 331//482 90//79 105//101
f 91//104 452//481 106//111
f 331//482 105//101 120//107
f 106//111 452//481 121//133
f 331//482 120//107 135//130
f 121//133 452//481 136//139
f 331//482 135//130 150//150
f 136//139 452//481 151//162
f 331//482 150//150 165//159
f 331//482 165//159 180//180
f 151//162 452//481 166//168
f 166//168 452//481 181//190
f 331//482 180//180 195//187
f 181//190 452//481 196//196
f 331//482 195//187 210//209
f 196//196 452//481 211//219
f 331//482 210//209 225//216
f 211//219 452//481 226//240
f 331//482 225//216 240//238
f 226//240 452//481 241//248
f 331//482 240//238 255//245
f 241//248 452//481 256//270
f 331//482 255//245 270//267
f 256//270 452//481 271//277
f 331//482 270//267 285//274
f 271//277 452//481 286//299
f 331//482 285//274 300//296
f 286//299 452//481 301//306
f 331//482 300//296 315//302
f 301//306 452//481 316//327
f 331//482 315//302 330//324
f 316//327 452//481 332//333
f 331//482 330//324 346//345
f 332//333 452//481 347//356
f 331//482 346//345 361//353
f 347//356 452//481 362//363
f 331//482 361//353 376//375
f 362//363 452//481 377//385
f 331//482 376//375 391//382
f 377//385 452//481 392//391
f 331//482 391//382 406//404
f 392//391 452//481 407//414
f 331//482 406//404 421//411
f 407//414 452//481 422//435
f 331//482 421//411 436//433
f 422//435 452//481 437//443
f 331//482 436//433 451//440
f 437//443 452//481 453//464
f 331//482 451//440 467//461
f 453//464 452//481 468//471
f 331//482 467//461 482//467
f 471//476 470//474 3//6 4//5
f 479//477 478//475 11//1 12//9
f 472//478 471//476 4//5 5//11
f 480//479 479//477 12//9 13//13
f 473//480 472//478 5//11 6//15
f 481//466 480//479 13//13 14//17
f 474//468 473//480 6//15 7//19
f 482//467 481//466 14//17 15//21
f 475//469 474//468 7//19 8//23
f 452//481 1//28 468//471
f 331//482 482//467 15//21
f 476//470 475//469 8//23 9//25
f 1//28 2//27 469//472 468//471
f 477//473 476//470 9//25 10//2
f 470//474 469//472 2//27 3//6
f 478//475 477//473 10//2 11//1
l 1 2
l 2 3
l 3 4
l 4 5
l 5 6
l 6 7
l 7 8
l 8 9
l 9 10
l 10 11
l 11 12
l 12 13
l 13 14
l 14 15
l 16 17
l 17 18
l 18 19
l 19 20
l 20 21
l 21 22
l 22 23
l 23 24
l 24 25
l 25 26
l 26 27
l 27 28
l 28 29
l 29 30
l 11 26
l 10 25
l 4 19
l 3 18
l 12 27
l 5 20
l 13 28
l 6 21
l 14 29
l 7 22
l 15 30
l 8 23
l 1 16
l 9 24
l 2 17
l 31 32
l 32 33
l 33 34
l 34 35
l 35 36
l 36 37
l 37 38
l 38 39
l 39 40
l 40 41
l 41 42
l 42 43
l 43 44
l 44 45
l 25 40
l 24 39
l 18 33
l 17 32
l 26 41
l 19 34
l 27 42
l 20 35
l 28 43
l 21 36
l 29 44
l 22 37
l 30 45
l 23 38
l 16 31
l 46 47
l 47 48
l 48 49
l 49 50
l 50 51
l 51 52
l 52 53
l 53 54
l 54 55
l 55 56
l 56 57
l 57 58
l 58 59
l 59 60
l 44 59
l 43 58
l 37 52
l 36 51
l 45 60
l 38 53
l 31 46
l 39 54
l 32 47
l 40 55
l 33 48
l 41 56
l 34 49
l 42 57
l 35 50
l 61 62
l 62 63
l 63 64
l 64 65
l 65 66
l 66 67
l 67 68
l 68 69
l 69 70
l 70 71
l 71 72
l 72 73
l 73 74
l 74 75
l 48 63
l 47 62
l 56 71
l 55 70
l 49 64
l 57 72
l 50 65
l 58 73
l 51 66
l 59 74
l 52 67
l 60 75
l 53 68
l 46 61
l 54 69
l 76 77
l 77 78
l 78 79
l 79 80
l 80 81
l 81 82
l 82 83
l 83 84
l 84 85
l 85 86
l 86 87
l 87 88
l 88 89
l 89 90
l 67 82
l 66 81
l 75 90
l 74 89
l 68 83
l 61 76
l 69 84
l 62 77
l 70 85
l 63 78
l 71 86
l 64 79
l 72 87
l 65 80
l 73 88
l 91 92
l 92 93
l 93 94
l 94 95
l 95 96
l 96 97
l 97 98
l 98 99
l 99 100
l 100 101
l 101 102
l 102 103
l 103 104
l 104 105
l 86 101
l 85 100
l 79 94
l 78 93
l 87 102
l 80 95
l 88 103
l 81 96
l 89 104
l 82 97
l 90 105
l 83 98
l 76 91
l 84 99
l 77 92
l 106 107
l 107 108
l 108 109
l 109 110
l 110 111
l 111 112
l 112 113
l 113 114
l 114 115
l 115 116
l 116 117
l 117 118
l 118 119
l 119 120
l 105 120
l 104 119
l 98 113
l 97 112
l 91 106
l 99 114
l 92 107
l 100 115
l 93 108
l 101 116
l 94 109
l 102 117
l 95 110
l 103 118
l 96 111
l 121 122
l 122 123
l 123 124
l 124 125
l 125 126
l 126 127
l 127 128
l 128 129
l 129 130
l 130 131
l 131 132
l 132 133
l 133 134
l 134 135
l 109 124
l 108 123
l 117 132
l 116 131
l 110 125
l 118 133
l 111 126
l 119 134
l 112 127
l 120 135
l 113 128
l 106 121
l 114 129
l 107 122
l 115 130
l 136 137
l 137 138
l 138 139
l 139 140
l 140 141
l 141 142
l 142 143
l 143 144
l 144 145
l 145 146
l 146 147
l 147 148
l 148 149
l 149 150
l 128 143
l 127 142
l 121 136
l 135 150
l 129 144
l 122 137
l 130 145
l 123 138
l 131 146
l 124 139
l 132 147
l 125 140
l 133 148
l 126 141
l 134 149
l 151 152
l 152 153
l 153 154
l 154 155
l 155 156
l 156 157
l 157 158
l 158 159
l 159 160
l 160 161
l 161 162
l 162 163
l 163 164
l 164 165
l 147 162
l 146 161
l 140 155
l 139 154
l 148 163
l 141 156
l 149 164
l 142 157
l 150 165
l 143 158
l 136 151
l 144 159
l 137 152
l 145 160
l 138 153
l 166 167
l 167 168
l 168 169
l 169 170
l 170 171
l 171 172
l 172 173
l 173 174
l 174 175
l 175 176
l 176 177
l 177 178
l 178 179
l 179 180
l 165 180
l 159 174
l 158 173
l 152 167
l 151 166
l 160 175
l 153 168
l 161 176
l 154 169
l 162 177
l 155 170
l 163 178
l 156 171
l 164 179
l 157 172
l 181 182
l 182 183
l 183 184
l 184 185
l 185 186
l 186 187
l 187 188
l 188 189
l 189 190
l 190 191
l 191 192
l 192 193
l 193 194
l 194 195
l 178 193
l 177 192
l 171 186
l 170 185
l 179 194
l 172 187
l 180 195
l 173 188
l 166 181
l 174 189
l 167 182
l 175 190
l 168 183
l 176 191
l 169 184
l 196 197
l 197 198
l 198 199
l 199 200
l 200 201
l 201 202
l 202 203
l 203 204
l 204 205
l 205 206
l 206 207
l 207 208
l 208 209
l 209 210
l 182 197
l 181 196
l 190 205
l 189 204
l 183 198
l 191 206
l 184 199
l 192 207
l 185 200
l 193 208
l 186 201
l 194 209
l 187 202
l 195 210
l 188 203
l 211 212
l 212 213
l 213 214
l 214 215
l 215 216
l 216 217
l 217 218
l 218 219
l 219 220
l 220 221
l 221 222
l 222 223
l 223 224
l 224 225
l 201 216
l 200 215
l 209 224
l 208 223
l 202 217
l 210 225
l 203 218
l 196 211
l 204 219
l 197 212
l 205 220
l 198 213
l 206 221
l 199 214
l 207 222
l 226 227
l 227 228
l 228 229
l 229 230
l 230 231
l 231 232
l 232 233
l 233 234
l 234 235
l 235 236
l 236 237
l 237 238
l 238 239
l 239 240
l 220 235
l 219 234
l 213 228
l 212 227
l 221 236
l 214 229
l 222 237
l 215 230
l 223 238
l 216 231
l 224 239
l 217 232
l 225 240
l 218 233
l 211 226
l 241 242
l 242 243
l 243 244
l 244 245
l 245 246
l 246 247
l 247 248
l 248 249
l 249 250
l 250 251
l 251 252
l 252 253
l 253 254
l 254 255
l 239 254
l 238 253
l 232 247
l 231 246
l 240 255
l 233 248
l 226 241
l 234 249
l 227 242
l 235 250
l 228 243
l 236 251
l 229 244
l 237 252
l 230 245
l 256 257
l 257 258
l 258 259
l 259 260
l 260 261
l 261 262
l 262 263
l 263 264
l 264 265
l 265 266
l 266 267
l 267 268
l 268 269
l 269 270
l 243 258
l 242 257
l 251 266
l 250 265
l 244 259
l 252 267
l 245 260
l 253 268
l 246 261
l 254 269
l 247 262
l 255 270
l 248 263
l 241 256
l 249 264
l 271 272
l 272 273
l 273 274
l 274 275
l 275 276
l 276 277
l 277 278
l 278 279
l 279 280
l 280 281
l 281 282
l 282 283
l 283 284
l 284 285
l 262 277
l 261 276
l 270 285
l 269 284
l 263 278
l 256 271
l 264 279
l 257 272
l 265 280
l 258 273
l 266 281
l 259 274
l 267 282
l 260 275
l 268 283
l 286 287
l 287 288
l 288 289
l 289 290
l 290 291
l 291 292
l 292 293
l 293 294
l 294 295
l 295 296
l 296 297
l 297 298
l 298 299
l 299 300
l 281 296
l 280 295
l 274 289
l 273 288
l 282 297
l 275 290
l 283 298
l 276 291
l 284 299
l 277 292
l 285 300
l 278 293
l 271 286
l 279 294
l 272 287
l 301 302
l 302 303
l 303 304
l 304 305
l 305 306
l 306 307
l 307 308
l 308 309
l 309 310
l 310 311
l 311 312
l 312 313
l 313 314
l 314 315
l 300 315
l 299 314
l 293 308
l 292 307
l 286 301
l 294 309
l 287 302
l 295 310
l 288 303
l 296 311
l 289 304
l 297 312
l 290 305
l 298 313
l 291 306
l 316 317
l 317 318
l 318 319
l 319 320
l 320 321
l 321 322
l 322 323
l 323 324
l 324 325
l 325 326
l 326 327
l 327 328
l 328 329
l 329 330
l 330 331
l 312 327
l 311 326
l 305 320
l 304 319
l 313 328
l 306 321
l 314 329
l 307 322
l 315 330
l 308 323
l 301 316
l 309 324
l 302 317
l 310 325
l 303 318
l 332 333
l 333 334
l 334 335
l 335 336
l 336 337
l 337 338
l 338 339
l 339 340
l 340 341
l 341 342
l 342 343
l 343 344
l 344 345
l 345 346
l 316 332
l 330 346
l 324 340
l 323 339
l 317 333
l 325 341
l 318 334
l 326 342
l 319 335
l 327 343
l 320 336
l 328 344
l 321 337
l 329 345
l 322 338
l 347 348
l 348 349
l 349 350
l 350 351
l 351 352
l 352 353
l 353 354
l 354 355
l 355 356
l 356 357
l 357 358
l 358 359
l 359 360
l 360 361
l 336 351
l 335 350
l 344 359
l 343 358
l 337 352
l 345 360
l 338 353
l 346 361
l 339 354
l 332 347
l 340 355
l 333 348
l 341 356
l 334 349
l 342 357
l 362 363
l 363 364
l 364 365
l 365 366
l 366 367
l 367 368
l 368 369
l 369 370
l 370 371
l 371 372
l 372 373
l 373 374
l 374 375
l 375 376
l 355 370
l 354 369
l 348 363
l 347 362
l 356 371
l 349 364
l 357 372
l 350 365
l 358 373
l 351 366
l 359 374
l 352 367
l 360 375
l 353 368
l 361 376
l 377 378
l 378 379
l 379 380
l 380 381
l 381 382
l 382 383
l 383 384
l 384 385
l 385 386
l 386 387
l 387 388
l 388 389
l 389 390
l 390 391
l 374 389
l 373 388
l 367 382
l 366 381
l 375 390
l 368 383
l 376 391
l 369 384
l 362 377
l 370 385
l 363 378
l 371 386
l 364 379
l 372 387
l 365 380
l 392 393
l 393 394
l 394 395
l 395 396
l 396 397
l 397 398
l 398 399
l 399 400
l 400 401
l 401 402
l 402 403
l 403 404
l 404 405
l 405 406
l 378 393
l 377 392
l 386 401
l 385 400
l 379 394
l 387 402
l 380 395
l 388 403
l 381 396
l 389 404
l 382 397
l 390 405
l 383 398
l 391 406
l 384 399
l 407 408
l 408 409
l 409 410
l 410 411
l 411 412
l 412 413
l 413 414
l 414 415
l 415 416
l 416 417
l 417 418
l 418 419
l 419 420
l 420 421
l 397 412
l 396 411
l 405 420
l 404 419
l 398 413
l 406 421
l 399 414
l 392 407
l 400 415
l 393 408
l 401 416
l 394 409
l 402 417
l 395 410
l 403 418
l 422 423
l 423 424
l 424 425
l 425 426
l 426 427
l 427 428
l 428 429
l 429 430
l 430 431
l 431 432
l 432 433
l 433 434
l 434 435
l 435 436
l 416 431
l 415 430
l 409 424
l 408 423
l 417 432
l 410 425
l 418 433
l 411 426
l 419 434
l 412 427
l 420 435
l 413 428
l 421 436
l 414 429
l 407 422
l 437 438
l 438 439
l 439 440
l 440 441
l 441 442
l 442 443
l 443 444
l 444 445
l 445 446
l 446 447
l 447 448
l 448 449
l 449 450
l 450 451
l 435 450
l 434 449
l 428 443
l 427 442
l 436 451
l 429 444
l 422 437
l 430 445
l 423 438
l 431 446
l 424 439
l 432 447
l 425 440
l 433 448
l 426 441
l 452 453
l 453 454
l 454 455
l 455 456
l 456 457
l 457 458
l 458 459
l 459 460
l 460 461
l 461 462
l 462 463
l 463 464
l 464 465
l 465 466
l 466 467
l 447 463
l 446 462
l 440 456
l 439 455
l 448 464
l 441 457
l 449 465
l 442 458
l 450 466
l 443 459
l 451 467
l 444 460
l 437 453
l 445 461
l 438 454
l 468 469
l 469 470
l 470 471
l 471 472
l 472 473
l 473 474
l 474 475
l 475 476
l 476 477
l 477 478
l 478 479
l 479 480
l 480 481
l 481 482
l 467 482
l 466 481
l 460 475
l 459 474
l 453 468
l 461 476
l 454 469
l 462 477
l 455 470
l 463 478
l 456 471
l 464 479
l 457 472
l 465 480
l 458 473
l 1 452
l 15 331
l 16 452
l 30 331
l 31 452
l 45 331
l 46 452
l 60 331
l 61 452
l 75 331
l 76 452
l 90 331
l 91 452
l 105 331
l 106 452
l 120 331
l 121 452
l 135 331
l 136 452
l 150 331
l 151 452
l 165 331
l 166 452
l 180 331
l 181 452
l 195 331
l 196 452
l 210 331
l 211 452
l 225 331
l 226 452
l 240 331
l 241 452
l 255 331
l 256 452
l 270 331
l 271 452
l 285 331
l 286 452
l 300 331
l 301 452
l 315 331
l 316 452
l 332 452
l 331 346
l 347 452
l 331 361
l 362 452
l 331 376
l 377 452
l 331 391
l 392 452
l 331 406
l 407 452
l 331 421
l 422 452
l 331 436
l 437 452
l 331 451
l 331 467
l 452 468
l 331 482
l 4 471
l 3 470
l 12 479
l 11 478
l 5 472
l 13 480
l 6 473
l 14 481
l 7 474
l 15 482
l 8 475
l 1 468
l 9 476
l 2 469
l 10 477
o Sphere.005
v 0.013452 0.004904 -0.115983
v 0.012789 0.004619 -0.115320
v 0.012178 0.004157 -0.114708
v 0.011642 0.003536 -0.114173
v 0.011202 0.002778 -0.113733
v 0.010876 0.001913 -0.113406
v 0.010675 0.000975 -0.113205
v 0.010607 0.000000 -0.113137
v 0.010675 -0.000975 -0.113205
v 0.010876 -0.001913 -0.113406
v 0.011202 -0.002778 -0.113733
v 0.011642 -0.003536 -0.114173
v 0.012178 -0.004157 -0.114708
v 0.012789 -0.004619 -0.115320
v 0.013452 -0.004904 -0.115983
v 0.013331 0.004904 -0.116131
v 0.012551 0.004619 -0.115610
v 0.011832 0.004157 -0.115129
v 0.011202 0.003536 -0.114708
v 0.010685 0.002778 -0.114363
v 0.010301 0.001913 -0.114106
v 0.010065 0.000975 -0.113948
v 0.009985 0.000000 -0.113895
v 0.010065 -0.000975 -0.113948
v 0.010301 -0.001913 -0.114106
v 0.010685 -0.002778 -0.114363
v 0.011202 -0.003536 -0.114708
v 0.011832 -0.004157 -0.115129
v 0.012551 -0.004619 -0.115610
v 0.013331 -0.004904 -0.116131
v 0.013241 0.004904 -0.116299
v 0.012374 0.004619 -0.115940
v 0.011576 0.004157 -0.115610
v 0.010876 0.003536 -0.115320
v 0.010301 0.002778 -0.115082
v 0.009874 0.001913 -0.114905
v 0.009611 0.000975 -0.114796
v 0.009523 0.000000 -0.114759
v 0.009611 -0.000975 -0.114796
v 0.009874 -0.001913 -0.114905
v 0.010301 -0.002778 -0.115082
v 0.010876 -0.003536 -0.115320
v 0.011576 -0.004157 -0.115610
v 0.012374 -0.004619 -0.115940
v 0.013241 -0.004904 -0.116299
v 0.013185 0.004904 -0.116482
v 0.012265 0.004619 -0.116299
v 0.011418 0.004157 -0.116131
v 0.010675 0.003536 -0.115983
v 0.010065 0.002778 -0.115862
v 0.009611 0.001913 -0.115771
v 0.009332 0.000975 -0.115716
v 0.009238 0.000000 -0.115697
v 0.009332 -0.000975 -0.115716
v 0.009611 -0.001913 -0.115771
v 0.010065 -0.002778 -0.115862
v 0.010675 -0.003536 -0.115983
v 0.011418 -0.004157 -0.116131
v 0.012265 -0.004619 -0.116299
v 0.013185 -0.004904 -0.116482
v 0.013167 0.004904 -0.116673
v 0.012229 0.004619 -0.116673
v 0.011364 0.004157 -0.116673
v 0.010607 0.003536 -0.116673
v 0.009985 0.002778 -0.116673
v 0.009523 0.001913 -0.116673
v 0.009238 0.000975 -0.116673
v 0.009142 0.000000 -0.116673
v 0.009238 -0.000975 -0.116673
v 0.009523 -0.001913 -0.116673
v 0.009985 -0.002778 -0.116673
v 0.010607 -0.003536 -0.116673
v 0.011364 -0.004157 -0.116673
v 0.012229 -0.004619 -0.116673
v 0.013167 -0.004904 -0.116673
v 0.013185 0.004904 -0.116863
v 0.012265 0.004619 -0.117046
v 0.011418 0.004157 -0.117215
v 0.010674 0.003536 -0.117362
v 0.010065 0.002778 -0.117484
v 0.009611 0.001913 -0.117574
v 0.009332 0.000975 -0.117629
v 0.009238 0.000000 -0.117648
v 0.009332 -0.000975 -0.117629
v 0.009611 -0.001913 -0.117574
v 0.010065 -0.002778 -0.117484
v 0.010674 -0.003536 -0.117362
v 0.011418 -0.004157 -0.117215
v 0.012265 -0.004619 -0.117046
v 0.013185 -0.004904 -0.116863
v 0.013241 0.004904 -0.117046
v 0.012374 0.004619 -0.117405
v 0.011576 0.004157 -0.117736
v 0.010876 0.003536 -0.118026
v 0.010301 0.002778 -0.118264
v 0.009874 0.001913 -0.118440
v 0.009611 0.000975 -0.118549
v 0.009523 0.000000 -0.118586
v 0.009611 -0.000975 -0.118549
v 0.009874 -0.001913 -0.118440
v 0.010301 -0.002778 -0.118264
v 0.010876 -0.003536 -0.118026
v 0.011576 -0.004157 -0.117736
v 0.012374 -0.004619 -0.117405
v 0.013241 -0.004904 -0.117046
v 0.013331 0.004904 -0.117215
v 0.012551 0.004619 -0.117736
v 0.011832 0.004157 -0.118216
v 0.011202 0.003536 -0.118637
v 0.010685 0.002778 -0.118982
v 0.010301 0.001913 -0.119239
v 0.010065 0.000975 -0.119397
v 0.009985 0.000000 -0.119450
v 0.010065 -0.000975 -0.119397
v 0.010301 -0.001913 -0.119239
v 0.010685 -0.002778 -0.118982
v 0.011202 -0.003536 -0.118637
v 0.011832 -0.004157 -0.118216
v 0.012551 -0.004619 -0.117736
v 0.013331 -0.004904 -0.117215
v 0.013452 0.004904 -0.117362
v 0.012789 0.004619 -0.118026
v 0.012178 0.004157 -0.118637
v 0.011642 0.003536 -0.119173
v 0.011202 0.002778 -0.119612
v 0.010876 0.001913 -0.119939
v 0.010675 0.000975 -0.120140
v 0.010607 0.000000 -0.120208
v 0.010675 -0.000975 -0.120140
v 0.010876 -0.001913 -0.119939
v 0.011202 -0.002778 -0.119612
v 0.011642 -0.003536 -0.119173
v 0.012178 -0.004157 -0.118637
v 0.012789 -0.004619 -0.118026
v 0.013452 -0.004904 -0.117362
v 0.013600 0.004904 -0.117484
v 0.013079 0.004619 -0.118264
v 0.012599 0.004157 -0.118982
v 0.012178 0.003536 -0.119612
v 0.011832 0.002778 -0.120129
v 0.011576 0.001913 -0.120514
v 0.011418 0.000975 -0.120750
v 0.011364 0.000000 -0.120830
v 0.011418 -0.000975 -0.120750
v 0.011576 -0.001913 -0.120514
v 0.011832 -0.002778 -0.120129
v 0.012178 -0.003536 -0.119612
v 0.012599 -0.004157 -0.118982
v 0.013079 -0.004619 -0.118264
v 0.013600 -0.004904 -0.117484
v 0.013769 0.004904 -0.117574
v 0.013410 0.004619 -0.118440
v 0.013079 0.004157 -0.119239
v 0.012789 0.003536 -0.119939
v 0.012551 0.002778 -0.120514
v 0.012374 0.001913 -0.120940
v 0.012265 0.000975 -0.121203
v 0.012229 0.000000 -0.121292
v 0.012265 -0.000975 -0.121203
v 0.012374 -0.001913 -0.120940
v 0.012551 -0.002778 -0.120514
v 0.012789 -0.003536 -0.119939
v 0.013079 -0.004157 -0.119239
v 0.013410 -0.004619 -0.118440
v 0.013769 -0.004904 -0.117574
v 0.013952 0.004904 -0.117629
v 0.013769 0.004619 -0.118549
v 0.013600 0.004157 -0.119397
v 0.013452 0.003536 -0.120140
v 0.013331 0.002778 -0.120750
v 0.013241 0.001913 -0.121203
v 0.013185 0.000975 -0.121482
v 0.013167 0.000000 -0.121577
v 0.013185 -0.000975 -0.121482
v 0.013241 -0.001913 -0.121203
v 0.013331 -0.002778 -0.120750
v 0.013452 -0.003536 -0.120140
v 0.013600 -0.004157 -0.119397
v 0.013769 -0.004619 -0.118549
v 0.013952 -0.004904 -0.117629
v 0.014142 0.004904 -0.117648
v 0.014142 0.004619 -0.118586
v 0.014142 0.004157 -0.119450
v 0.014142 0.003536 -0.120208
v 0.014142 0.002778 -0.120830
v 0.014142 0.001913 -0.121292
v 0.014142 0.000975 -0.121577
v 0.014142 0.000000 -0.121673
v 0.014142 -0.000975 -0.121577
v 0.014142 -0.001913 -0.121292
v 0.014142 -0.002778 -0.120830
v 0.014142 -0.003536 -0.120208
v 0.014142 -0.004157 -0.119450
v 0.014142 -0.004619 -0.118586
v 0.014142 -0.004904 -0.117648
v 0.014332 0.004904 -0.117629
v 0.014515 0.004619 -0.118549
v 0.014684 0.004157 -0.119397
v 0.014832 0.003536 -0.120140
v 0.014953 0.002778 -0.120750
v 0.015043 0.001913 -0.121203
v 0.015099 0.000975 -0.121482
v 0.015118 0.000000 -0.121577
v 0.015099 -0.000975 -0.121482
v 0.015043 -0.001913 -0.121203
v 0.014953 -0.002778 -0.120750
v 0.014832 -0.003536 -0.120140
v 0.014684 -0.004157 -0.119397
v 0.014515 -0.004619 -0.118549
v 0.014332 -0.004904 -0.117629
v 0.014515 0.004904 -0.117574
v 0.014874 0.004619 -0.118440
v 0.015205 0.004157 -0.119239
v 0.015495 0.003536 -0.119939
v 0.015733 0.002778 -0.120514
v 0.015910 0.001913 -0.120940
v 0.016019 0.000975 -0.121203
v 0.016056 0.000000 -0.121292
v 0.016019 -0.000975 -0.121203
v 0.015910 -0.001913 -0.120940
v 0.015733 -0.002778 -0.120514
v 0.015495 -0.003536 -0.119939
v 0.015205 -0.004157 -0.119239
v 0.014874 -0.004619 -0.118440
v 0.014515 -0.004904 -0.117574
v 0.014684 0.004904 -0.117484
v 0.015205 0.004619 -0.118264
v 0.015685 0.004157 -0.118982
v 0.016106 0.003536 -0.119612
v 0.016452 0.002778 -0.120129
v 0.016708 0.001913 -0.120514
v 0.016867 0.000975 -0.120750
v 0.016920 0.000000 -0.120830
v 0.016867 -0.000975 -0.120750
v 0.016708 -0.001913 -0.120514
v 0.016452 -0.002778 -0.120129
v 0.016106 -0.003536 -0.119612
v 0.015685 -0.004157 -0.118982
v 0.015205 -0.004619 -0.118264
v 0.014684 -0.004904 -0.117484
v 0.014832 0.004904 -0.117362
v 0.015495 0.004619 -0.118026
v 0.016106 0.004157 -0.118637
v 0.016642 0.003536 -0.119173
v 0.017082 0.002778 -0.119612
v 0.017409 0.001913 -0.119939
v 0.017610 0.000975 -0.120140
v 0.017678 0.000000 -0.120208
v 0.017610 -0.000975 -0.120140
v 0.017409 -0.001913 -0.119939
v 0.017082 -0.002778 -0.119612
v 0.016642 -0.003536 -0.119173
v 0.016106 -0.004157 -0.118637
v 0.015495 -0.004619 -0.118026
v 0.014832 -0.004904 -0.117362
v 0.014953 0.004904 -0.117215
v 0.015733 0.004619 -0.117736
v 0.016452 0.004157 -0.118216
v 0.017082 0.003536 -0.118637
v 0.017599 0.002778 -0.118982
v 0.017983 0.001913 -0.119239
v 0.018220 0.000975 -0.119397
v 0.018299 0.000000 -0.119450
v 0.018220 -0.000975 -0.119397
v 0.017983 -0.001913 -0.119239
v 0.017599 -0.002778 -0.118982
v 0.017082 -0.003536 -0.118637
v 0.016452 -0.004157 -0.118216
v 0.015733 -0.004619 -0.117736
v 0.014953 -0.004904 -0.117215
v 0.015043 0.004904 -0.117046
v 0.015910 0.004619 -0.117405
v 0.016709 0.004157 -0.117736
v 0.017409 0.003536 -0.118026
v 0.017983 0.002778 -0.118264
v 0.018410 0.001913 -0.118440
v 0.018673 0.000975 -0.118549
v 0.018761 0.000000 -0.118586
v 0.018673 -0.000975 -0.118549
v 0.018410 -0.001913 -0.118440
v 0.017983 -0.002778 -0.118264
v 0.017409 -0.003536 -0.118026
v 0.016709 -0.004157 -0.117736
v 0.015910 -0.004619 -0.117405
v 0.015043 -0.004904 -0.117046
v 0.015099 0.004904 -0.116863
v 0.016019 0.004619 -0.117046
v 0.016867 0.004157 -0.117215
v 0.017610 0.003536 -0.117362
v 0.018220 0.002778 -0.117484
v 0.018673 0.001913 -0.117574
v 0.018952 0.000975 -0.117629
v 0.019046 0.000000 -0.117648
v 0.018952 -0.000975 -0.117629
v 0.018673 -0.001913 -0.117574
v 0.018220 -0.002778 -0.117484
v 0.017610 -0.003536 -0.117362
v 0.016867 -0.004157 -0.117215
v 0.016019 -0.004619 -0.117046
v 0.015099 -0.004904 -0.116863
v 0.015118 0.004904 -0.116673
v 0.016056 0.004619 -0.116673
v 0.016920 0.004157 -0.116673
v 0.017678 0.003536 -0.116673
v 0.018299 0.002778 -0.116673
v 0.018761 0.001913 -0.116673
v 0.019046 0.000975 -0.116673
v 0.019142 0.000000 -0.116673
v 0.019046 -0.000975 -0.116673
v 0.018761 -0.001913 -0.116673
v 0.018299 -0.002778 -0.116673
v 0.017678 -0.003536 -0.116673
v 0.016920 -0.004157 -0.116673
v 0.016056 -0.004619 -0.116673
v 0.015118 -0.004904 -0.116673
v 0.015099 0.004904 -0.116482
v 0.016019 0.004619 -0.116299
v 0.016867 0.004157 -0.116131
v 0.017610 0.003536 -0.115983
v 0.018220 0.002778 -0.115862
v 0.018673 0.001913 -0.115771
v 0.018952 0.000975 -0.115716
v 0.019046 0.000000 -0.115697
v 0.018952 -0.000975 -0.115716
v 0.018673 -0.001913 -0.115771
v 0.018220 -0.002778 -0.115862
v 0.017610 -0.003536 -0.115983
v 0.016867 -0.004157 -0.116131
v 0.016019 -0.004619 -0.116299
v 0.015099 -0.004904 -0.116482
v 0.014142 -0.005000 -0.116673
v 0.015043 0.004904 -0.116299
v 0.015910 0.004619 -0.115940
v 0.016709 0.004157 -0.115610
v 0.017409 0.003536 -0.115320
v 0.017983 0.002778 -0.115082
v 0.018410 0.001913 -0.114905
v 0.018673 0.000975 -0.114796
v 0.018761 0.000000 -0.114759
v 0.018673 -0.000975 -0.114796
v 0.018410 -0.001913 -0.114905
v 0.017983 -0.002778 -0.115082
v 0.017409 -0.003536 -0.115320
v 0.016709 -0.004157 -0.115610
v 0.015910 -0.004619 -0.115940
v 0.015043 -0.004904 -0.116299
v 0.014953 0.004904 -0.116131
v 0.015733 0.004619 -0.115610
v 0.016452 0.004157 -0.115129
v 0.017082 0.003536 -0.114708
v 0.017599 0.002778 -0.114363
v 0.017983 0.001913 -0.114106
v 0.018220 0.000975 -0.113948
v 0.018299 0.000000 -0.113895
v 0.018220 -0.000975 -0.113948
v 0.017983 -0.001913 -0.114106
v 0.017599 -0.002778 -0.114363
v 0.017082 -0.003536 -0.114708
v 0.016452 -0.004157 -0.115129
v 0.015733 -0.004619 -0.115610
v 0.014953 -0.004904 -0.116131
v 0.014832 0.004904 -0.115983
v 0.015495 0.004619 -0.115320
v 0.016106 0.004157 -0.114708
v 0.016642 0.003536 -0.114173
v 0.017082 0.002778 -0.113733
v 0.017409 0.001913 -0.113406
v 0.017610 0.000975 -0.113205
v 0.017678 0.000000 -0.113137
v 0.017610 -0.000975 -0.113205
v 0.017409 -0.001913 -0.113406
v 0.017082 -0.002778 -0.113733
v 0.016642 -0.003536 -0.114173
v 0.016106 -0.004157 -0.114708
v 0.015495 -0.004619 -0.115320
v 0.014832 -0.004904 -0.115983
v 0.014684 0.004904 -0.115862
v 0.015205 0.004619 -0.115082
v 0.015685 0.004157 -0.114363
v 0.016106 0.003536 -0.113733
v 0.016452 0.002778 -0.113216
v 0.016709 0.001913 -0.112832
v 0.016867 0.000975 -0.112595
v 0.016920 0.000000 -0.112515
v 0.016867 -0.000975 -0.112595
v 0.016709 -0.001913 -0.112832
v 0.016452 -0.002778 -0.113216
v 0.016106 -0.003536 -0.113733
v 0.015685 -0.004157 -0.114363
v 0.015205 -0.004619 -0.115082
v 0.014684 -0.004904 -0.115862
v 0.014515 0.004904 -0.115771
v 0.014874 0.004619 -0.114905
v 0.015205 0.004157 -0.114106
v 0.015495 0.003536 -0.113406
v 0.015733 0.002778 -0.112832
v 0.015910 0.001913 -0.112405
v 0.016019 0.000975 -0.112142
v 0.016056 0.000000 -0.112053
v 0.016019 -0.000975 -0.112142
v 0.015910 -0.001913 -0.112405
v 0.015733 -0.002778 -0.112832
v 0.015495 -0.003536 -0.113406
v 0.015205 -0.004157 -0.114106
v 0.014874 -0.004619 -0.114905
v 0.014515 -0.004904 -0.115771
v 0.014332 0.004904 -0.115716
v 0.014515 0.004619 -0.114796
v 0.014684 0.004157 -0.113948
v 0.014832 0.003536 -0.113205
v 0.014953 0.002778 -0.112595
v 0.015043 0.001913 -0.112142
v 0.015099 0.000975 -0.111863
v 0.015118 0.000000 -0.111769
v 0.015099 -0.000975 -0.111863
v 0.015043 -0.001913 -0.112142
v 0.014953 -0.002778 -0.112595
v 0.014832 -0.003536 -0.113205
v 0.014684 -0.004157 -0.113948
v 0.014515 -0.004619 -0.114796
v 0.014332 -0.004904 -0.115716
v 0.014142 0.004904 -0.115697
v 0.014142 0.004619 -0.114759
v 0.014142 0.004157 -0.113895
v 0.014142 0.003536 -0.113137
v 0.014142 0.002778 -0.112515
v 0.014142 0.001913 -0.112053
v 0.014142 0.000975 -0.111769
v 0.014142 0.000000 -0.111673
v 0.014142 -0.000975 -0.111769
v 0.014142 -0.001913 -0.112053
v 0.014142 -0.002778 -0.112515
v 0.014142 -0.003536 -0.113137
v 0.014142 -0.004157 -0.113895
v 0.014142 -0.004619 -0.114759
v 0.014142 -0.004904 -0.115697
v 0.013952 0.004904 -0.115716
v 0.013769 0.004619 -0.114796
v 0.013600 0.004157 -0.113948
v 0.013452 0.003536 -0.113205
v 0.013331 0.002778 -0.112595
v 0.013241 0.001913 -0.112142
v 0.013185 0.000975 -0.111863
v 0.013167 0.000000 -0.111769
v 0.013185 -0.000975 -0.111863
v 0.013241 -0.001913 -0.112142
v 0.013331 -0.002778 -0.112595
v 0.013452 -0.003536 -0.113205
v 0.013600 -0.004157 -0.113948
v 0.013769 -0.004619 -0.114796
v 0.013952 -0.004904 -0.115716
v 0.014142 0.005000 -0.116673
v 0.013769 0.004904 -0.115771
v 0.013410 0.004619 -0.114905
v 0.013079 0.004157 -0.114106
v 0.012789 0.003536 -0.113406
v 0.012551 0.002778 -0.112832
v 0.012374 0.001913 -0.112405
v 0.012265 0.000975 -0.112142
v 0.012229 0.000000 -0.112053
v 0.012265 -0.000975 -0.112142
v 0.012374 -0.001913 -0.112405
v 0.012551 -0.002778 -0.112832
v 0.012789 -0.003536 -0.113406
v 0.013079 -0.004157 -0.114106
v 0.013410 -0.004619 -0.114905
v 0.013769 -0.004904 -0.115771
v 0.013600 0.004904 -0.115862
v 0.013079 0.004619 -0.115082
v 0.012599 0.004157 -0.114363
v 0.012178 0.003536 -0.113733
v 0.011832 0.002778 -0.113216
v 0.011576 0.001913 -0.112832
v 0.011418 0.000975 -0.112595
v 0.011364 0.000000 -0.112515
v 0.011418 -0.000975 -0.112595
v 0.011576 -0.001913 -0.112832
v 0.011832 -0.002778 -0.113216
v 0.012178 -0.003536 -0.113733
v 0.012599 -0.004157 -0.114363
v 0.013079 -0.004619 -0.115082
v 0.013600 -0.004904 -0.115862
vn -0.5893 -0.5528 0.5893
vn -0.6539 -0.3805 0.6539
vn -0.7689 -0.3805 0.5137
vn -0.6929 -0.5528 0.4630
vn -0.5021 0.7040 0.5021
vn -0.3958 0.8286 0.3958
vn -0.4654 0.8286 0.3110
vn -0.5904 0.7040 0.3945
vn -0.5021 -0.7040 0.5021
vn -0.5904 -0.7040 0.3945
vn -0.5893 0.5528 0.5893
vn -0.6929 0.5528 0.4630
vn -0.3958 -0.8286 0.3958
vn -0.4654 -0.8286 0.3110
vn -0.6539 0.3805 0.6539
vn -0.7689 0.3805 0.5137
vn -0.2743 -0.9217 0.2743
vn -0.3225 -0.9217 0.2155
vn -0.6937 0.1939 0.6937
vn -0.8157 0.1939 0.5450
vn -0.1421 -0.9796 0.1421
vn -0.1671 -0.9796 0.1116
vn -0.7071 0.0000 0.7071
vn -0.8314 0.0000 0.5556
vn -0.6937 -0.1939 0.6937
vn -0.8157 -0.1939 0.5450
vn -0.2743 0.9217 0.2743
vn -0.1421 0.9796 0.1421
vn -0.1671 0.9796 0.1116
vn -0.3225 0.9217 0.2155
vn -0.9063 -0.1939 0.3754
vn -0.8544 -0.3805 0.3539
vn -0.3583 0.9217 0.1484
vn -0.5171 0.8286 0.2142
vn -0.7699 -0.5528 0.3189
vn -0.6561 0.7040 0.2717
vn -0.6561 -0.7040 0.2717
vn -0.7699 0.5528 0.3189
vn -0.5171 -0.8286 0.2142
vn -0.8544 0.3805 0.3539
vn -0.3583 -0.9217 0.1484
vn -0.9063 0.1939 0.3754
vn -0.1856 -0.9796 0.0769
vn -0.9239 0.0000 0.3827
vn -0.1856 0.9796 0.0769
vn -0.5490 -0.8286 0.1092
vn -0.3804 -0.9217 0.0757
vn -0.9070 0.3805 0.1804
vn -0.9622 0.1939 0.1914
vn -0.1971 -0.9796 0.0392
vn -0.9808 0.0000 0.1951
vn -0.9622 -0.1939 0.1914
vn -0.1971 0.9796 0.0392
vn -0.3804 0.9217 0.0757
vn -0.9070 -0.3805 0.1804
vn -0.5490 0.8286 0.1092
vn -0.8173 -0.5528 0.1626
vn -0.6965 0.7040 0.1385
vn -0.6965 -0.7040 0.1385
vn -0.8173 0.5528 0.1626
vn -0.3879 0.9217 0.0000
vn -0.5598 0.8286 0.0000
vn -0.9247 -0.3805 0.0000
vn -0.8333 -0.5528 0.0000
vn -0.7101 0.7040 0.0000
vn -0.7101 -0.7040 0.0000
vn -0.8333 0.5528 0.0000
vn -0.5598 -0.8286 0.0000
vn -0.9247 0.3805 0.0000
vn -0.3879 -0.9217 0.0000
vn -0.9810 0.1939 0.0000
vn -0.2010 -0.9796 0.0000
vn -1.0000 0.0000 0.0000
vn -0.9810 -0.1939 0.0000
vn -0.2010 0.9796 0.0000
vn -0.9070 0.3805 -0.1804
vn -0.9622 0.1939 -0.1914
vn -0.3804 -0.9217 -0.0757
vn -0.1971 -0.9796 -0.0392
vn -0.9808 0.0000 -0.1951
vn -0.9622 -0.1939 -0.1914
vn -0.1971 0.9796 -0.0392
vn -0.3804 0.9217 -0.0757
vn -0.9070 -0.3805 -0.1804
vn -0.5490 0.8286 -0.1092
vn -0.8173 -0.5528 -0.1626
vn -0.6965 0.7040 -0.1385
vn -0.6965 -0.7040 -0.1385
vn -0.8173 0.5528 -0.1626
vn -0.5490 -0.8286 -0.1092
vn -0.8544 -0.3805 -0.3539
vn -0.7699 -0.5528 -0.3189
vn -0.5171 0.8286 -0.2142
vn -0.6561 0.7040 -0.2717
vn -0.6561 -0.7040 -0.2717
vn -0.7699 0.5528 -0.3189
vn -0.5171 -0.8286 -0.2142
vn -0.8544 0.3805 -0.3539
vn -0.3583 -0.9217 -0.1484
vn -0.9063 0.1939 -0.3754
vn -0.1856 -0.9796 -0.0769
vn -0.9239 0.0000 -0.3827
vn -0.9063 -0.1939 -0.3754
vn -0.1856 0.9796 -0.0769
vn -0.3583 0.9217 -0.1484
vn -0.3225 -0.9217 -0.2155
vn -0.1671 -0.9796 -0.1116
vn -0.8157 0.1939 -0.5450
vn -0.8314 0.0000 -0.5556
vn -0.8157 -0.1939 -0.5450
vn -0.1671 0.9796 -0.1116
vn -0.3225 0.9217 -0.2155
vn -0.7689 -0.3805 -0.5137
vn -0.4654 0.8286 -0.3110
vn -0.6929 -0.5528 -0.4630
vn -0.5904 0.7040 -0.3945
vn -0.5904 -0.7040 -0.3945
vn -0.6929 0.5528 -0.4630
vn -0.4654 -0.8286 -0.3110
vn -0.7689 0.3805 -0.5137
vn -0.3958 0.8286 -0.3958
vn -0.5021 0.7040 -0.5021
vn -0.5893 -0.5528 -0.5893
vn -0.5021 -0.7040 -0.5021
vn -0.5893 0.5528 -0.5893
vn -0.3958 -0.8286 -0.3958
vn -0.6539 0.3805 -0.6539
vn -0.2743 -0.9217 -0.2743
vn -0.6937 0.1939 -0.6937
vn -0.1421 -0.9796 -0.1421
vn -0.7071 0.0000 -0.7071
vn -0.6937 -0.1939 -0.6937
vn -0.1421 0.9796 -0.1421
vn -0.2743 0.9217 -0.2743
vn -0.6539 -0.3805 -0.6539
vn -0.5450 0.1939 -0.8157
vn -0.5556 0.0000 -0.8314
vn -0.5450 -0.1939 -0.8157
vn -0.1116 0.9796 -0.1671
vn -0.2155 0.9217 -0.3225
vn -0.5137 -0.3805 -0.7689
vn -0.3110 0.8286 -0.4654
vn -0.4630 -0.5528 -0.6929
vn -0.3945 0.7040 -0.5904
vn -0.3945 -0.7040 -0.5904
vn -0.4630 0.5528 -0.6929
vn -0.3110 -0.8286 -0.4654
vn -0.5137 0.3805 -0.7689
vn -0.2155 -0.9217 -0.3225
vn -0.1116 -0.9796 -0.1671
vn -0.3189 -0.5528 -0.7699
vn -0.2717 -0.7040 -0.6561
vn -0.2717 0.7040 -0.6561
vn -0.3189 0.5528 -0.7699
vn -0.2142 -0.8286 -0.5171
vn -0.3539 0.3805 -0.8544
vn -0.1484 -0.9217 -0.3583
vn -0.3754 0.1939 -0.9063
vn -0.0769 -0.9796 -0.1856
vn -0.3827 0.0000 -0.9239
vn -0.3754 -0.1939 -0.9063
vn -0.0769 0.9796 -0.1856
vn -0.1484 0.9217 -0.3583
vn -0.3539 -0.3805 -0.8544
vn -0.2142 0.8286 -0.5171
vn -0.1951 0.0000 -0.9808
vn -0.1914 -0.1939 -0.9622
vn -0.0392 0.9796 -0.1971
vn -0.0757 0.9217 -0.3804
vn -0.1804 -0.3805 -0.9070
vn -0.1092 0.8286 -0.5490
vn -0.1626 -0.5528 -0.8173
vn -0.1385 0.7040 -0.6965
vn -0.1385 -0.7040 -0.6965
vn -0.1626 0.5528 -0.8173
vn -0.1092 -0.8286 -0.5490
vn -0.1804 0.3805 -0.9070
vn -0.0757 -0.9217 -0.3804
vn -0.1914 0.1939 -0.9622
vn -0.0392 -0.9796 -0.1971
vn 0.0000 -0.7040 -0.7101
vn 0.0000 -0.8286 -0.5598
vn 0.0000 0.5528 -0.8333
vn 0.0000 0.3805 -0.9247
vn 0.0000 -0.9217 -0.3879
vn 0.0000 0.1939 -0.9810
vn 0.0000 -0.9796 -0.2010
vn 0.0000 0.0000 -1.0000
vn 0.0000 -0.1939 -0.9810
vn 0.0000 0.9796 -0.2010
vn 0.0000 0.9217 -0.3879
vn 0.0000 -0.3805 -0.9247
vn 0.0000 0.8286 -0.5598
vn 0.0000 -0.5528 -0.8333
vn 0.0000 0.7040 -0.7101
vn 0.0392 0.9796 -0.1971
vn 0.0757 0.9217 -0.3804
vn 0.1914 -0.1939 -0.9622
vn 0.1804 -0.3805 -0.9070
vn 0.1092 0.8286 -0.5490
vn 0.1626 -0.5528 -0.8173
vn 0.1385 0.7040 -0.6965
vn 0.1385 -0.7040 -0.6965
vn 0.1626 0.5528 -0.8173
vn 0.1092 -0.8286 -0.5490
vn 0.1804 0.3805 -0.9070
vn 0.0757 -0.9217 -0.3804
vn 0.1914 0.1939 -0.9622
vn 0.0392 -0.9796 -0.1971
vn 0.1951 0.0000 -0.9808
vn 0.3189 0.5528 -0.7699
vn 0.3539 0.3805 -0.8544
vn 0.2142 -0.8286 -0.5171
vn 0.1484 -0.9217 -0.3583
vn 0.3754 0.1939 -0.9063
vn 0.0769 -0.9796 -0.1856
vn 0.3827 0.0000 -0.9239
vn 0.3754 -0.1939 -0.9063
vn 0.0769 0.9796 -0.1856
vn 0.1484 0.9217 -0.3583
vn 0.3539 -0.3805 -0.8544
vn 0.2142 0.8286 -0.5171
vn 0.3189 -0.5528 -0.7699
vn 0.2717 0.7040 -0.6561
vn 0.2717 -0.7040 -0.6561
vn 0.5450 -0.1939 -0.8157
vn 0.5137 -0.3805 -0.7689
vn 0.2155 0.9217 -0.3225
vn 0.3110 0.8286 -0.4654
vn 0.4630 -0.5528 -0.6929
vn 0.3945 0.7040 -0.5904
vn 0.3945 -0.7040 -0.5904
vn 0.4630 0.5528 -0.6929
vn 0.3110 -0.8286 -0.4654
vn 0.5137 0.3805 -0.7689
vn 0.2155 -0.9217 -0.3225
vn 0.5450 0.1939 -0.8157
vn 0.1116 -0.9796 -0.1671
vn 0.5556 0.0000 -0.8314
vn 0.1116 0.9796 -0.1671
vn 0.3958 -0.8286 -0.3958
vn 0.2743 -0.9217 -0.2743
vn 0.6539 0.3805 -0.6539
vn 0.6937 0.1939 -0.6937
vn 0.1421 -0.9796 -0.1421
vn 0.7071 0.0000 -0.7071
vn 0.6937 -0.1939 -0.6937
vn 0.1421 0.9796 -0.1421
vn 0.2743 0.9217 -0.2743
vn 0.6539 -0.3805 -0.6539
vn 0.3958 0.8286 -0.3958
vn 0.5893 -0.5528 -0.5893
vn 0.5021 0.7040 -0.5021
vn 0.5021 -0.7040 -0.5021
vn 0.5893 0.5528 -0.5893
vn 0.3225 0.9217 -0.2155
vn 0.4654 0.8286 -0.3110
vn 0.7689 -0.3805 -0.5137
vn 0.6929 -0.5528 -0.4630
vn 0.5904 0.7040 -0.3945
vn 0.5904 -0.7040 -0.3945
vn 0.6929 0.5528 -0.4630
vn 0.4654 -0.8286 -0.3110
vn 0.7689 0.3805 -0.5137
vn 0.3225 -0.9217 -0.2155
vn 0.8157 0.1939 -0.5450
vn 0.1671 -0.9796 -0.1116
vn 0.8314 0.0000 -0.5556
vn 0.8157 -0.1939 -0.5450
vn 0.1671 0.9796 -0.1116
vn 0.8544 0.3805 -0.3539
vn 0.9063 0.1939 -0.3754
vn 0.3583 -0.9217 -0.1484
vn 0.1856 -0.9796 -0.0769
vn 0.9239 0.0000 -0.3827
vn 0.9063 -0.1939 -0.3754
vn 0.1856 0.9796 -0.0769
vn 0.3583 0.9217 -0.1484
vn 0.8544 -0.3805 -0.3539
vn 0.5171 0.8286 -0.2142
vn 0.7699 -0.5528 -0.3189
vn 0.6561 0.7040 -0.2717
vn 0.6561 -0.7040 -0.2717
vn 0.7699 0.5528 -0.3189
vn 0.5171 -0.8286 -0.2142
vn 0.9070 -0.3805 -0.1804
vn 0.8173 -0.5528 -0.1626
vn 0.5490 0.8286 -0.1092
vn 0.6965 0.7040 -0.1385
vn 0.6965 -0.7040 -0.1385
vn 0.8173 0.5528 -0.1626
vn 0.5490 -0.8286 -0.1092
vn 0.9070 0.3805 -0.1804
vn 0.3804 -0.9217 -0.0757
vn 0.9622 0.1939 -0.1914
vn 0.1971 -0.9796 -0.0392
vn 0.9808 0.0000 -0.1951
vn 0.9622 -0.1939 -0.1914
vn 0.1971 0.9796 -0.0392
vn 0.3804 0.9217 -0.0757
vn 0.3879 -0.9217 0.0000
vn 0.2010 -0.9796 0.0000
vn 0.9810 0.1939 0.0000
vn 1.0000 0.0000 0.0000
vn 0.9810 -0.1939 0.0000
vn 0.2010 0.9796 0.0000
vn 0.3879 0.9217 0.0000
vn 0.9247 -0.3805 0.0000
vn 0.5598 0.8286 0.0000
vn 0.8333 -0.5528 0.0000
vn 0.7101 0.7040 0.0000
vn 0.7101 -0.7040 0.0000
vn 0.8333 0.5528 0.0000
vn 0.5598 -0.8286 0.0000
vn 0.9247 0.3805 0.0000
vn 0.8173 -0.5528 0.1626
vn 0.6965 -0.7040 0.1385
vn 0.6965 0.7040 0.1385
vn 0.8173 0.5528 0.1626
vn 0.5490 -0.8286 0.1092
vn 0.9070 0.3805 0.1804
vn 0.3804 -0.9217 0.0757
vn 0.9622 0.1939 0.1914
vn 0.1971 -0.9796 0.0392
vn 0.9808 0.0000 0.1951
vn 0.9622 -0.1939 0.1914
vn 0.1971 0.9796 0.0392
vn 0.3804 0.9217 0.0757
vn 0.9070 -0.3805 0.1804
vn 0.5490 0.8286 0.1092
vn 0.9239 0.0000 0.3827
vn 0.9063 -0.1939 0.3754
vn 0.1856 0.9796 0.0769
vn 0.3583 0.9217 0.1484
vn 0.8544 -0.3805 0.3539
vn 0.5171 0.8286 0.2142
vn 0.7699 -0.5528 0.3189
vn 0.6561 0.7040 0.2717
vn 0.6561 -0.7040 0.2717
vn 0.7699 0.5528 0.3189
vn 0.5171 -0.8286 0.2142
vn 0.8544 0.3805 0.3539
vn 0.3583 -0.9217 0.1484
vn 0.9063 0.1939 0.3754
vn 0.1856 -0.9796 0.0769
vn 0.5904 0.7040 0.3945
vn 0.6929 0.5528 0.4630
vn 0.5904 -0.7040 0.3945
vn 0.4654 -0.8286 0.3110
vn 0.7689 0.3805 0.5137
vn 0.3225 -0.9217 0.2155
vn 0.8157 0.1939 0.5450
vn 0.1671 -0.9796 0.1116
vn 0.8314 0.0000 0.5556
vn 0.8157 -0.1939 0.5450
vn 0.1671 0.9796 0.1116
vn 0.3225 0.9217 0.2155
vn 0.7689 -0.3805 0.5137
vn 0.4654 0.8286 0.3110
vn 0.6929 -0.5528 0.4630
vn 0.7071 0.0000 0.7071
vn 0.6937 -0.1939 0.6937
vn 0.1421 0.9796 0.1421
vn 0.2743 0.9217 0.2743
vn 0.6539 -0.3805 0.6539
vn 0.3958 0.8286 0.3958
vn 0.5893 -0.5528 0.5893
vn 0.5021 0.7040 0.5021
vn 0.5021 -0.7040 0.5021
vn 0.5893 0.5528 0.5893
vn 0.3958 -0.8286 0.3958
vn 0.6539 0.3805 0.6539
vn 0.2743 -0.9217 0.2743
vn 0.6937 0.1939 0.6937
vn 0.1421 -0.9796 0.1421
vn 0.3945 -0.7040 0.5904
vn 0.3110 -0.8286 0.4654
vn 0.4630 0.5528 0.6929
vn 0.5137 0.3805 0.7689
vn 0.2155 -0.9217 0.3225
vn 0.5450 0.1939 0.8157
vn 0.1116 -0.9796 0.1671
vn 0.5556 0.0000 0.8314
vn 0.5450 -0.1939 0.8157
vn 0.1116 0.9796 0.1671
vn 0.2155 0.9217 0.3225
vn 0.5137 -0.3805 0.7689
vn 0.3110 0.8286 0.4654
vn 0.4630 -0.5528 0.6929
vn 0.3945 0.7040 0.5904
vn 0.0769 0.9796 0.1856
vn 0.1484 0.9217 0.3583
vn 0.3754 -0.1939 0.9063
vn 0.3539 -0.3805 0.8544
vn 0.2142 0.8286 0.5171
vn 0.3189 -0.5528 0.7699
vn 0.2717 0.7040 0.6561
vn 0.2717 -0.7040 0.6561
vn 0.3189 0.5528 0.7699
vn 0.2142 -0.8286 0.5171
vn 0.3539 0.3805 0.8544
vn 0.1484 -0.9217 0.3583
vn 0.3754 0.1939 0.9063
vn 0.0769 -0.9796 0.1856
vn 0.3827 0.0000 0.9239
vn 0.1626 0.5528 0.8173
vn 0.1804 0.3805 0.9070
vn 0.1092 -0.8286 0.5490
vn 0.0757 -0.9217 0.3804
vn 0.1914 0.1939 0.9622
vn 0.0392 -0.9796 0.1971
vn 0.1951 0.0000 0.9808
vn 0.1914 -0.1939 0.9622
vn 0.0392 0.9796 0.1971
vn 0.0757 0.9217 0.3804
vn 0.1804 -0.3805 0.9070
vn 0.1092 0.8286 0.5490
vn 0.1626 -0.5528 0.8173
vn 0.1385 0.7040 0.6965
vn 0.1385 -0.7040 0.6965
vn 0.0000 -0.1939 0.9810
vn 0.0000 -0.3805 0.9247
vn 0.0000 0.9217 0.3879
vn 0.0000 0.8286 0.5598
vn 0.0000 -0.5528 0.8333
vn 0.0000 0.7040 0.7101
vn 0.0000 -0.7040 0.7101
vn 0.0000 0.5528 0.8333
vn 0.0000 -0.8286 0.5598
vn 0.0000 0.3805 0.9247
vn 0.0000 -0.9217 0.3879
vn 0.0000 0.1939 0.9810
vn 0.0000 -0.9796 0.2010
vn 0.0000 0.0000 1.0000
vn 0.0000 0.9796 0.2010
vn -0.1092 -0.8286 0.5490
vn -0.0757 -0.9217 0.3804
vn -0.1804 0.3805 0.9070
vn -0.1914 0.1939 0.9622
vn -0.0392 -0.9796 0.1971
vn -0.1951 0.0000 0.9808
vn -0.1914 -0.1939 0.9622
vn -0.0392 0.9796 0.1971
vn -0.0757 0.9217 0.3804
vn -0.1804 -0.3805 0.9070
vn -0.1092 0.8286 0.5490
vn -0.1626 -0.5528 0.8173
vn -0.1385 0.7040 0.6965
vn -0.1385 -0.7040 0.6965
vn -0.1626 0.5528 0.8173
vn -0.3539 -0.3805 0.8544
vn -0.3189 -0.5528 0.7699
vn -0.2142 0.8286 0.5171
vn -0.2717 0.7040 0.6561
vn -0.2717 -0.7040 0.6561
vn -0.3189 0.5528 0.7699
vn -0.2142 -0.8286 0.5171
vn -0.3539 0.3805 0.8544
vn -0.1484 -0.9217 0.3583
vn -0.3754 0.1939 0.9063
vn -0.0769 -0.9796 0.1856
vn -0.3827 0.0000 0.9239
vn -0.3754 -0.1939 0.9063
vn -0.0769 0.9796 0.1856
vn -0.1484 0.9217 0.3583
vn -0.2155 -0.9217 0.3225
vn -0.1116 -0.9796 0.1671
vn -0.5450 0.1939 0.8157
vn -0.5556 0.0000 0.8314
vn -0.5450 -0.1939 0.8157
vn -0.1116 0.9796 0.1671
vn -0.2155 0.9217 0.3225
vn -0.5137 -0.3805 0.7689
vn -0.3110 0.8286 0.4654
vn -0.4630 -0.5528 0.6929
vn -0.3945 0.7040 0.5904
vn -0.3945 -0.7040 0.5904
vn -0.4630 0.5528 0.6929
vn -0.3110 -0.8286 0.4654
vn -0.5137 0.3805 0.7689
vn 0.0000 1.0000 0.0000
vn 0.0000 -1.0000 0.0000
usemtl Material.001
s 1
f 493//483 492//484 507//485 508//486
f 486//487 485//488 500//489 501//490
f 494//491 493//483 508//486 509//492
f 487//493 486//487 501//490 502//494
f 495//495 494//491 509//492 510//496
f 488//497 487//493 502//494 503//498
f 496//499 495//495 510//496 511//500
f 489//501 488//497 503//498 504//502
f 497//503 496//499 511//500 512//504
f 490//505 489//501 504//502 505//506
f 491//507 490//505 505//506 506//508
f 484//509 483//510 498//511 499//512
f 492//484 491//507 506//508 507//485
f 485//488 484//509 499//512 500//489
f 507//485 506//508 521//513 522//514
f 500//489 499//512 514//515 515//516
f 508//486 507//485 522//514 523//517
f 501//490 500//489 515//516 516//518
f 509//492 508//486 523//517 524//519
f 502//494 501//490 516//518 517//520
f 510//496 509//492 524//519 525//521
f 503//498 502//494 517//520 518//522
f 511//500 510//496 525//521 526//523
f 504//502 503//498 518//522 519//524
f 512//504 511//500 526//523 527//525
f 505//506 504//502 519//524 520//526
f 506//508 505//506 520//526 521//513
f 499//512 498//511 513//527 514//515
f 526//523 525//521 540//528 541//529
f 519//524 518//522 533//530 534//531
f 527//525 526//523 541//529 542//532
f 520//526 519//524 534//531 535//533
f 521//513 520//526 535//533 536//534
f 514//515 513//527 528//535 529//536
f 522//514 521//513 536//534 537//537
f 515//516 514//515 529//536 530//538
f 523//517 522//514 537//537 538//539
f 516//518 515//516 530//538 531//540
f 524//519 523//517 538//539 539//541
f 517//520 516//518 531//540 532//542
f 525//521 524//519 539//541 540//528
f 518//522 517//520 532//542 533//530
f 530//538 529//536 544//543 545//544
f 538//539 537//537 552//545 553//546
f 531//540 530//538 545//544 546//547
f 539//541 538//539 553//546 554//548
f 532//542 531//540 546//547 547//549
f 540//528 539//541 554//548 555//550
f 533//530 532//542 547//549 548//551
f 541//529 540//528 555//550 556//552
f 534//531 533//530 548//551 549//553
f 542//532 541//529 556//552 557//554
f 535//533 534//531 549//553 550//555
f 536//534 535//533 550//555 551//556
f 529//536 528//535 543//557 544//543
f 537//537 536//534 551//556 552//545
f 549//553 548//551 563//558 564//559
f 557//554 556//552 571//560 572//561
f 550//555 549//553 564//559 565//562
f 551//556 550//555 565//562 566//563
f 544//543 543//557 558//564 559//565
f 552//545 551//556 566//563 567//566
f 545//544 544//543 559//565 560//567
f 553//546 552//545 567//566 568//568
f 546//547 545//544 560//567 561//569
f 554//548 553//546 568//568 569//570
f 547//549 546//547 561//569 562//571
f 555//550 554//548 569//570 570//572
f 548//551 547//549 562//571 563//558
f 556//552 555//550 570//572 571//560
f 568//568 567//566 582//573 583//574
f 561//569 560//567 575//575 576//576
f 569//570 568//568 583//574 584//577
f 562//571 561//569 576//576 577//578
f 570//572 569//570 584//577 585//579
f 563//558 562//571 577//578 578//580
f 571//560 570//572 585//579 586//581
f 564//559 563//558 578//580 579//582
f 572//561 571//560 586//581 587//583
f 565//562 564//559 579//582 580//584
f 566//563 565//562 580//584 581//585
f 559//565 558//564 573//586 574//587
f 567//566 566//563 581//585 582//573
f 560//567 559//565 574//587 575//575
f 587//583 586//581 601//588 602//589
f 580//584 579//582 594//590 595//591
f 581//585 580//584 595//591 596//592
f 574//587 573//586 588//593 589//594
f 582//573 581//585 596//592 597//595
f 575//575 574//587 589//594 590//596
f 583//574 582//573 597//595 598//597
f 576//576 575//575 590//596 591//598
f 584//577 583//574 598//597 599//599
f 577//578 576//576 591//598 592//600
f 585//579 584//577 599//599 600//601
f 578//580 577//578 592//600 593//602
f 586//581 585//579 600//601 601//588
f 579//582 578//580 593//602 594//590
f 591//598 590//596 605//603 606//604
f 599//599 598//597 613//605 614//606
f 592//600 591//598 606//604 607//607
f 600//601 599//599 614//606 615//608
f 593//602 592//600 607//607 608//609
f 601//588 600//601 615//608 616//610
f 594//590 593//602 608//609 609//611
f 602//589 601//588 616//610 617//612
f 595//591 594//590 609//611 610//613
f 596//592 595//591 610//613 611//614
f 589//594 588//593 603//615 604//616
f 597//595 596//592 611//614 612//617
f 590//596 589//594 604//616 605//603
f 598//597 597//595 612//617 613//605
f 610//613 609//611 624//618 625//619
f 611//614 610//613 625//619 626//620
f 604//616 603//615 618//621 619//622
f 612//617 611//614 626//620 627//623
f 605//603 604//616 619//622 620//624
f 613//605 612//617 627//623 628//625
f 606//604 605//603 620//624 621//626
f 614//606 613//605 628//625 629//627
f 607//607 606//604 621//626 622//628
f 615//608 614//606 629//627 630//629
f 608//609 607//607 622//628 623//630
f 616//610 615//608 630//629 631//631
f 609//611 608//609 623//630 624//618
f 617//612 616//610 631//631 632//632
f 629//627 628//625 643//633 644//634
f 622//628 621//626 636//635 637//636
f 630//629 629//627 644//634 645//637
f 623//630 622//628 637//636 638//638
f 631//631 630//629 645//637 646//639
f 624//618 623//630 638//638 639//640
f 632//632 631//631 646//639 647//641
f 625//619 624//618 639//640 640//642
f 626//620 625//619 640//642 641//643
f 619//622 618//621 633//644 634//645
f 627//623 626//620 641//643 642//646
f 620//624 619//622 634//645 635//647
f 628//625 627//623 642//646 643//633
f 621//626 620//624 635//647 636//635
f 641//643 640//642 655//648 656//649
f 634//645 633//644 648//650 649//651
f 642//646 641//643 656//649 657//652
f 635//647 634//645 649//651 650//653
f 643//633 642//646 657//652 658//654
f 636//635 635//647 650//653 651//655
f 644//634 643//633 658//654 659//656
f 637//636 636//635 651//655 652//657
f 645//637 644//634 659//656 660//658
f 638//638 637//636 652//657 653//659
f 646//639 645//637 660//658 661//660
f 639//640 638//638 653//659 654//661
f 647//641 646//639 661//660 662//662
f 640//642 639//640 654//661 655//648
f 660//658 659//656 674//663 675//664
f 653//659 652//657 667//665 668//666
f 661//660 660//658 675//664 676//667
f 654//661 653//659 668//666 669//668
f 662//662 661//660 676//667 677//669
f 655//648 654//661 669//668 670//670
f 656//649 655//648 670//670 671//671
f 649//651 648//650 663//672 664//673
f 657//652 656//649 671//671 672//674
f 650//653 649//651 664//673 665//675
f 658//654 657//652 672//674 673//676
f 651//655 650//653 665//675 666//677
f 659//656 658//654 673//676 674//663
f 652//657 651//655 666//677 667//665
f 664//673 663//672 678//678 679//679
f 672//674 671//671 686//680 687//681
f 665//675 664//673 679//679 680//682
f 673//676 672//674 687//681 688//683
f 666//677 665//675 680//682 681//684
f 674//663 673//676 688//683 689//685
f 667//665 666//677 681//684 682//686
f 675//664 674//663 689//685 690//687
f 668//666 667//665 682//686 683//688
f 676//667 675//664 690//687 691//689
f 669//668 668//666 683//688 684//690
f 677//669 676//667 691//689 692//691
f 670//670 669//668 684//690 685//692
f 671//671 670//670 685//692 686//680
f 683//688 682//686 697//693 698//694
f 691//689 690//687 705//695 706//696
f 684//690 683//688 698//694 699//697
f 692//691 691//689 706//696 707//698
f 685//692 684//690 699//697 700//699
f 686//680 685//692 700//699 701//700
f 679//679 678//678 693//701 694//702
f 687//681 686//680 701//700 702//703
f 680//682 679//679 694//702 695//704
f 688//683 687//681 702//703 703//705
f 681//684 680//682 695//704 696//706
f 689//685 688//683 703//705 704//707
f 682//686 681//684 696//706 697//693
f 690//687 689//685 704//707 705//695
f 702//703 701//700 716//708 717//709
f 695//704 694//702 709//710 710//711
f 703//705 702//703 717//709 718//712
f 696//706 695//704 710//711 711//713
f 704//707 703//705 718//712 719//714
f 697//693 696//706 711//713 712//715
f 705//695 704//707 719//714 720//716
f 698//694 697//693 712//715 713//717
f 706//696 705//695 720//716 721//718
f 699//697 698//694 713//717 714//719
f 707//698 706//696 721//718 722//720
f 700//699 699//697 714//719 715//721
f 701//700 700//699 715//721 716//708
f 694//702 693//701 708//722 709//710
f 721//718 720//716 735//723 736//724
f 714//719 713//717 728//725 729//726
f 722//720 721//718 736//724 737//727
f 715//721 714//719 729//726 730//728
f 716//708 715//721 730//728 731//729
f 709//710 708//722 723//730 724//731
f 717//709 716//708 731//729 732//732
f 710//711 709//710 724//731 725//733
f 718//712 717//709 732//732 733//734
f 711//713 710//711 725//733 726//735
f 719//714 718//712 733//734 734//736
f 712//715 711//713 726//735 727//737
f 720//716 719//714 734//736 735//723
f 713//717 712//715 727//737 728//725
f 725//733 724//731 739//738 740//739
f 733//734 732//732 747//740 748//741
f 726//735 725//733 740//739 741//742
f 734//736 733//734 748//741 749//743
f 727//737 726//735 741//742 742//744
f 735//723 734//736 749//743 750//745
f 728//725 727//737 742//744 743//746
f 736//724 735//723 750//745 751//747
f 729//726 728//725 743//746 744//748
f 737//727 736//724 751//747 752//749
f 730//728 729//726 744//748 745//750
f 731//729 730//728 745//750 746//751
f 724//731 723//730 738//752 739//738
f 732//732 731//729 746//751 747//740
f 744//748 743//746 758//753 759//754
f 752//749 751//747 766//755 767//756
f 745//750 744//748 759//754 760//757
f 746//751 745//750 760//757 761//758
f 739//738 738//752 753//759 754//760
f 747//740 746//751 761//758 762//761
f 740//739 739//738 754//760 755//762
f 748//741 747//740 762//761 763//763
f 741//742 740//739 755//762 756//764
f 749//743 748//741 763//763 764//765
f 742//744 741//742 756//764 757//766
f 750//745 749//743 764//765 765//767
f 743//746 742//744 757//766 758//753
f 751//747 750//745 765//767 766//755
f 763//763 762//761 777//768 778//769
f 756//764 755//762 770//770 771//771
f 764//765 763//763 778//769 779//772
f 757//766 756//764 771//771 772//773
f 765//767 764//765 779//772 780//774
f 758//753 757//766 772//773 773//775
f 766//755 765//767 780//774 781//776
f 759//754 758//753 773//775 774//777
f 767//756 766//755 781//776 782//778
f 760//757 759//754 774//777 775//779
f 761//758 760//757 775//779 776//780
f 754//760 753//759 768//781 769//782
f 762//761 761//758 776//780 777//768
f 755//762 754//760 769//782 770//770
f 782//778 781//776 796//783 797//784
f 775//779 774//777 789//785 790//786
f 776//780 775//779 790//786 791//787
f 769//782 768//781 783//788 784//789
f 777//768 776//780 791//787 792//790
f 770//770 769//782 784//789 785//791
f 778//769 777//768 792//790 793//792
f 771//771 770//770 785//791 786//793
f 779//772 778//769 793//792 794//794
f 772//773 771//771 786//793 787//795
f 780//774 779//772 794//794 795//796
f 773//775 772//773 787//795 788//797
f 781//776 780//774 795//796 796//783
f 774//777 773//775 788//797 789//785
f 794//794 793//792 808//798 809//799
f 787//795 786//793 801//800 802//801
f 795//796 794//794 809//799 810//802
f 788//797 787//795 802//801 803//803
f 796//783 795//796 810//802 811//804
f 789//785 788//797 803//803 804//805
f 797//784 796//783 811//804 812//806
f 790//786 789//785 804//805 805//807
f 791//787 790//786 805//807 806//808
f 784//789 783//788 798//809 799//810
f 792//790 791//787 806//808 807//811
f 785//791 784//789 799//810 800//812
f 793//792 792//790 807//811 808//798
f 786//793 785//791 800//812 801//800
f 806//808 805//807 821//813 822//814
f 799//810 798//809 814//815 815//816
f 807//811 806//808 822//814 823//817
f 800//812 799//810 815//816 816//818
f 808//798 807//811 823//817 824//819
f 801//800 800//812 816//818 817//820
f 809//799 808//798 824//819 825//821
f 802//801 801//800 817//820 818//822
f 810//802 809//799 825//821 826//823
f 803//803 802//801 818//822 819//824
f 811//804 810//802 826//823 827//825
f 804//805 803//803 819//824 820//826
f 812//806 811//804 827//825 828//827
f 805//807 804//805 820//826 821//813
f 818//822 817//820 832//828 833//829
f 826//823 825//821 840//830 841//831
f 819//824 818//822 833//829 834//832
f 827//825 826//823 841//831 842//833
f 820//826 819//824 834//832 835//834
f 828//827 827//825 842//833 843//835
f 821//813 820//826 835//834 836//836
f 822//814 821//813 836//836 837//837
f 815//816 814//815 829//838 830//839
f 823//817 822//814 837//837 838//840
f 816//818 815//816 830//839 831//841
f 824//819 823//817 838//840 839//842
f 817//820 816//818 831//841 832//828
f 825//821 824//819 839//842 840//830
f 837//837 836//836 851//843 852//844
f 830//839 829//838 844//845 845//846
f 838//840 837//837 852//844 853//847
f 831//841 830//839 845//846 846//848
f 839//842 838//840 853//847 854//849
f 832//828 831//841 846//848 847//850
f 840//830 839//842 854//849 855//851
f 833//829 832//828 847//850 848//852
f 841//831 840//830 855//851 856//853
f 834//832 833//829 848//852 849//854
f 842//833 841//831 856//853 857//855
f 835//834 834//832 849//854 850//856
f 843//835 842//833 857//855 858//857
f 836//836 835//834 850//856 851//843
f 856//853 855//851 870//858 871//859
f 849//854 848//852 863//860 864//861
f 857//855 856//853 871//859 872//862
f 850//856 849//854 864//861 865//863
f 858//857 857//855 872//862 873//864
f 851//843 850//856 865//863 866//865
f 852//844 851//843 866//865 867//866
f 845//846 844//845 859//867 860//868
f 853//847 852//844 867//866 868//869
f 846//848 845//846 860//868 861//870
f 854//849 853//847 868//869 869//871
f 847//850 846//848 861//870 862//872
f 855//851 854//849 869//871 870//858
f 848//852 847//850 862//872 863//860
f 860//868 859//867 874//873 875//874
f 868//869 867//866 882//875 883//876
f 861//870 860//868 875//874 876//877
f 869//871 868//869 883//876 884//878
f 862//872 861//870 876//877 877//879
f 870//858 869//871 884//878 885//880
f 863//860 862//872 877//879 878//881
f 871//859 870//858 885//880 886//882
f 864//861 863//860 878//881 879//883
f 872//862 871//859 886//882 887//884
f 865//863 864//861 879//883 880//885
f 873//864 872//862 887//884 888//886
f 866//865 865//863 880//885 881//887
f 867//866 866//865 881//887 882//875
f 879//883 878//881 893//888 894//889
f 887//884 886//882 901//890 902//891
f 880//885 879//883 894//889 895//892
f 888//886 887//884 902//891 903//893
f 881//887 880//885 895//892 896//894
f 882//875 881//887 896//894 897//895
f 875//874 874//873 889//896 890//897
f 883//876 882//875 897//895 898//898
f 876//877 875//874 890//897 891//899
f 884//878 883//876 898//898 899//900
f 877//879 876//877 891//899 892//901
f 885//880 884//878 899//900 900//902
f 878//881 877//879 892//901 893//888
f 886//882 885//880 900//902 901//890
f 898//898 897//895 912//903 913//904
f 891//899 890//897 905//905 906//906
f 899//900 898//898 913//904 914//907
f 892//901 891//899 906//906 907//908
f 900//902 899//900 914//907 915//909
f 893//888 892//901 907//908 908//910
f 901//890 900//902 915//909 916//911
f 894//889 893//888 908//910 909//912
f 902//891 901//890 916//911 917//913
f 895//892 894//889 909//912 910//914
f 903//893 902//891 917//913 918//915
f 896//894 895//892 910//914 911//916
f 897//895 896//894 911//916 912//903
f 890//897 889//896 904//917 905//905
f 917//913 916//911 931//918 932//919
f 910//914 909//912 924//920 925//921
f 918//915 917//913 932//919 933//922
f 911//916 910//914 925//921 926//923
f 912//903 911//916 926//923 927//924
f 905//905 904//917 919//925 920//926
f 913//904 912//903 927//924 928//927
f 906//906 905//905 920//926 921//928
f 914//907 913//904 928//927 929//929
f 907//908 906//906 921//928 922//930
f 915//909 914//907 929//929 930//931
f 908//910 907//908 922//930 923//932
f 916//911 915//909 930//931 931//918
f 909//912 908//910 923//932 924//920
f 929//929 928//927 944//933 945//934
f 922//930 921//928 937//935 938//936
f 930//931 929//929 945//934 946//937
f 923//932 922//930 938//936 939//938
f 931//918 930//931 946//937 947//939
f 924//920 923//932 939//938 940//940
f 932//919 931//918 947//939 948//941
f 925//921 924//920 940//940 941//942
f 933//922 932//919 948//941 949//943
f 926//923 925//921 941//942 942//944
f 927//924 926//923 942//944 943//945
f 920//926 919//925 935//946 936//947
f 928//927 927//924 943//945 944//933
f 921//928 920//926 936//947 937//935
f 949//943 948//941 963//948 964//949
f 942//944 941//942 956//950 957//951
f 943//945 942//944 957//951 958//952
f 936//947 935//946 950//953 951//954
f 944//933 943//945 958//952 959//955
f 937//935 936//947 951//954 952//956
f 945//934 944//933 959//955 960//957
f 938//936 937//935 952//956 953//958
f 946//937 945//934 960//957 961//959
f 939//938 938//936 953//958 954//960
f 947//939 946//937 961//959 962//961
f 940//940 939//938 954//960 955//962
f 948//941 947//939 962//961 963//948
f 941//942 940//940 955//962 956//950
f 483//510 934//963 498//511
f 813//964 497//503 512//504
f 498//511 934//963 513//527
f 813//964 512//504 527//525
f 513//527 934//963 528//535
f 813//964 527//525 542//532
f 528//535 934//963 543//557
f 813//964 542//532 557//554
f 543//557 934//963 558//564
f 813//964 557//554 572//561
f 558//564 934//963 573//586
f 813//964 572//561 587//583
f 573//586 934//963 588//593
f 813//964 587//583 602//589
f 588//593 934//963 603//615
f 813//964 602//589 617//612
f 603//615 934//963 618//621
f 813//964 617//612 632//632
f 618//621 934//963 633//644
f 813//964 632//632 647//641
f 813//964 647//641 662//662
f 633//644 934//963 648//650
f 648//650 934//963 663//672
f 813//964 662//662 677//669
f 663//672 934//963 678//678
f 813//964 677//669 692//691
f 678//678 934//963 693//701
f 813//964 692//691 707//698
f 693//701 934//963 708//722
f 813//964 707//698 722//720
f 708//722 934//963 723//730
f 813//964 722//720 737//727
f 723//730 934//963 738//752
f 813//964 737//727 752//749
f 738//752 934//963 753//759
f 813//964 752//749 767//756
f 753//759 934//963 768//781
f 813//964 767//756 782//778
f 768//781 934//963 783//788
f 813//964 782//778 797//784
f 783//788 934//963 798//809
f 813//964 797//784 812//806
f 798//809 934//963 814//815
f 813//964 812//806 828//827
f 814//815 934//963 829//838
f 813//964 828//827 843//835
f 829//838 934//963 844//845
f 813//964 843//835 858//857
f 844//845 934//963 859//867
f 813//964 858//857 873//864
f 859//867 934//963 874//873
f 813//964 873//864 888//886
f 874//873 934//963 889//896
f 813//964 888//886 903//893
f 889//896 934//963 904//917
f 813//964 903//893 918//915
f 904//917 934//963 919//925
f 813//964 918//915 933//922
f 919//925 934//963 935//946
f 813//964 933//922 949//943
f 935//946 934//963 950//953
f 813//964 949//943 964//949
f 953//958 952//956 485//488 486//487
f 961//959 960//957 493//483 494//491
f 954//960 953//958 486//487 487//493
f 962//961 961//959 494//491 495//495
f 955//962 954//960 487//493 488//497
f 963//948 962//961 495//495 496//499
f 956//950 955//962 488//497 489//501
f 964//949 963//948 496//499 497//503
f 957//951 956//950 489//501 490//505
f 934//963 483//510 950//953
f 813//964 964//949 497//503
f 958//952 957//951 490//505 491//507
f 483//510 484//509 951//954 950//953
f 959//955 958//952 491//507 492//484
f 952//956 951//954 484//509 485//488
f 960//957 959//955 492//484 493//483
l 483 484
l 484 485
l 485 486
l 486 487
l 487 488
l 488 489
l 489 490
l 490 491
l 491 492
l 492 493
l 493 494
l 494 495
l 495 496
l 496 497
l 498 499
l 499 500
l 500 501
l 501 502
l 502 503
l 503 504
l 504 505
l 505 506
l 506 507
l 507 508
l 508 509
l 509 510
l 510 511
l 511 512
l 493 508
l 492 507
l 486 501
l 485 500
l 494 509
l 487 502
l 495 510
l 488 503
l 496 511
l 489 504
l 497 512
l 490 505
l 483 498
l 491 506
l 484 499
l 513 514
l 514 515
l 515 516
l 516 517
l 517 518
l 518 519
l 519 520
l 520 521
l 521 522
l 522 523
l 523 524
l 524 525
l 525 526
l 526 527
l 507 522
l 506 521
l 500 515
l 499 514
l 508 523
l 501 516
l 509 524
l 502 517
l 510 525
l 503 518
l 511 526
l 504 519
l 512 527
l 505 520
l 498 513
l 528 529
l 529 530
l 530 531
l 531 532
l 532 533
l 533 534
l 534 535
l 535 536
l 536 537
l 537 538
l 538 539
l 539 540
l 540 541
l 541 542
l 526 541
l 525 540
l 519 534
l 518 533
l 527 542
l 520 535
l 513 528
l 521 536
l 514 529
l 522 537
l 515 530
l 523 538
l 516 531
l 524 539
l 517 532
l 543 544
l 544 545
l 545 546
l 546 547
l 547 548
l 548 549
l 549 550
l 550 551
l 551 552
l 552 553
l 553 554
l 554 555
l 555 556
l 556 557
l 530 545
l 529 544
l 538 553
l 537 552
l 531 546
l 539 554
l 532 547
l 540 555
l 533 548
l 541 556
l 534 549
l 542 557
l 535 550
l 528 543
l 536 551
l 558 559
l 559 560
l 560 561
l 561 562
l 562 563
l 563 564
l 564 565
l 565 566
l 566 567
l 567 568
l 568 569
l 569 570
l 570 571
l 571 572
l 549 564
l 548 563
l 557 572
l 556 571
l 550 565
l 543 558
l 551 566
l 544 559
l 552 567
l 545 560
l 553 568
l 546 561
l 554 569
l 547 562
l 555 570
l 573 574
l 574 575
l 575 576
l 576 577
l 577 578
l 578 579
l 579 580
l 580 581
l 581 582
l 582 583
l 583 584
l 584 585
l 585 586
l 586 587
l 568 583
l 567 582
l 561 576
l 560 575
l 569 584
l 562 577
l 570 585
l 563 578
l 571 586
l 564 579
l 572 587
l 565 580
l 558 573
l 566 581
l 559 574
l 588 589
l 589 590
l 590 591
l 591 592
l 592 593
l 593 594
l 594 595
l 595 596
l 596 597
l 597 598
l 598 599
l 599 600
l 600 601
l 601 602
l 587 602
l 586 601
l 580 595
l 579 594
l 573 588
l 581 596
l 574 589
l 582 597
l 575 590
l 583 598
l 576 591
l 584 599
l 577 592
l 585 600
l 578 593
l 603 604
l 604 605
l 605 606
l 606 607
l 607 608
l 608 609
l 609 610
l 610 611
l 611 612
l 612 613
l 613 614
l 614 615
l 615 616
l 616 617
l 591 606
l 590 605
l 599 614
l 598 613
l 592 607
l 600 615
l 593 608
l 601 616
l 594 609
l 602 617
l 595 610
l 588 603
l 596 611
l 589 604
l 597 612
l 618 619
l 619 620
l 620 621
l 621 622
l 622 623
l 623 624
l 624 625
l 625 626
l 626 627
l 627 628
l 628 629
l 629 630
l 630 631
l 631 632
l 610 625
l 609 624
l 603 618
l 617 632
l 611 626
l 604 619
l 612 627
l 605 620
l 613 628
l 606 621
l 614 629
l 607 622
l 615 630
l 608 623
l 616 631
l 633 634
l 634 635
l 635 636
l 636 637
l 637 638
l 638 639
l 639 640
l 640 641
l 641 642
l 642 643
l 643 644
l 644 645
l 645 646
l 646 647
l 629 644
l 628 643
l 622 637
l 621 636
l 630 645
l 623 638
l 631 646
l 624 639
l 632 647
l 625 640
l 618 633
l 626 641
l 619 634
l 627 642
l 620 635
l 648 649
l 649 650
l 650 651
l 651 652
l 652 653
l 653 654
l 654 655
l 655 656
l 656 657
l 657 658
l 658 659
l 659 660
l 660 661
l 661 662
l 647 662
l 641 656
l 640 655
l 634 649
l 633 648
l 642 657
l 635 650
l 643 658
l 636 651
l 644 659
l 637 652
l 645 660
l 638 653
l 646 661
l 639 654
l 663 664
l 664 665
l 665 666
l 666 667
l 667 668
l 668 669
l 669 670
l 670 671
l 671 672
l 672 673
l 673 674
l 674 675
l 675 676
l 676 677
l 660 675
l 659 674
l 653 668
l 652 667
l 661 676
l 654 669
l 662 677
l 655 670
l 648 663
l 656 671
l 649 664
l 657 672
l 650 665
l 658 673
l 651 666
l 678 679
l 679 680
l 680 681
l 681 682
l 682 683
l 683 684
l 684 685
l 685 686
l 686 687
l 687 688
l 688 689
l 689 690
l 690 691
l 691 692
l 664 679
l 663 678
l 672 687
l 671 686
l 665 680
l 673 688
l 666 681
l 674 689
l 667 682
l 675 690
l 668 683
l 676 691
l 669 684
l 677 692
l 670 685
l 693 694
l 694 695
l 695 696
l 696 697
l 697 698
l 698 699
l 699 700
l 700 701
l 701 702
l 702 703
l 703 704
l 704 705
l 705 706
l 706 707
l 683 698
l 682 697
l 691 706
l 690 705
l 684 699
l 692 707
l 685 700
l 678 693
l 686 701
l 679 694
l 687 702
l 680 695
l 688 703
l 681 696
l 689 704
l 708 709
l 709 710
l 710 711
l 711 712
l 712 713
l 713 714
l 714 715
l 715 716
l 716 717
l 717 718
l 718 719
l 719 720
l 720 721
l 721 722
l 702 717
l 701 716
l 695 710
l 694 709
l 703 718
l 696 711
l 704 719
l 697 712
l 705 720
l 698 713
l 706 721
l 699 714
l 707 722
l 700 715
l 693 708
l 723 724
l 724 725
l 725 726
l 726 727
l 727 728
l 728 729
l 729 730
l 730 731
l 731 732
l 732 733
l 733 734
l 734 735
l 735 736
l 736 737
l 721 736
l 720 735
l 714 729
l 713 728
l 722 737
l 715 730
l 708 723
l 716 731
l 709 724
l 717 732
l 710 725
l 718 733
l 711 726
l 719 734
l 712 727
l 738 739
l 739 740
l 740 741
l 741 742
l 742 743
l 743 744
l 744 745
l 745 746
l 746 747
l 747 748
l 748 749
l 749 750
l 750 751
l 751 752
l 725 740
l 724 739
l 733 748
l 732 747
l 726 741
l 734 749
l 727 742
l 735 750
l 728 743
l 736 751
l 729 744
l 737 752
l 730 745
l 723 738
l 731 746
l 753 754
l 754 755
l 755 756
l 756 757
l 757 758
l 758 759
l 759 760
l 760 761
l 761 762
l 762 763
l 763 764
l 764 765
l 765 766
l 766 767
l 744 759
l 743 758
l 752 767
l 751 766
l 745 760
l 738 753
l 746 761
l 739 754
l 747 762
l 740 755
l 748 763
l 741 756
l 749 764
l 742 757
l 750 765
l 768 769
l 769 770
l 770 771
l 771 772
l 772 773
l 773 774
l 774 775
l 775 776
l 776 777
l 777 778
l 778 779
l 779 780
l 780 781
l 781 782
l 763 778
l 762 777
l 756 771
l 755 770
l 764 779
l 757 772
l 765 780
l 758 773
l 766 781
l 759 774
l 767 782
l 760 775
l 753 768
l 761 776
l 754 769
l 783 784
l 784 785
l 785 786
l 786 787
l 787 788
l 788 789
l 789 790
l 790 791
l 791 792
l 792 793
l 793 794
l 794 795
l 795 796
l 796 797
l 782 797
l 781 796
l 775 790
l 774 789
l 768 783
l 776 791
l 769 784
l 777 792
l 770 785
l 778 793
l 771 786
l 779 794
l 772 787
l 780 795
l 773 788
l 798 799
l 799 800
l 800 801
l 801 802
l 802 803
l 803 804
l 804 805
l 805 806
l 806 807
l 807 808
l 808 809
l 809 810
l 810 811
l 811 812
l 812 813
l 794 809
l 793 808
l 787 802
l 786 801
l 795 810
l 788 803
l 796 811
l 789 804
l 797 812
l 790 805
l 783 798
l 791 806
l 784 799
l 792 807
l 785 800
l 814 815
l 815 816
l 816 817
l 817 818
l 818 819
l 819 820
l 820 821
l 821 822
l 822 823
l 823 824
l 824 825
l 825 826
l 826 827
l 827 828
l 798 814
l 812 828
l 806 822
l 805 821
l 799 815
l 807 823
l 800 816
l 808 824
l 801 817
l 809 825
l 802 818
l 810 826
l 803 819
l 811 827
l 804 820
l 829 830
l 830 831
l 831 832
l 832 833
l 833 834
l 834 835
l 835 836
l 836 837
l 837 838
l 838 839
l 839 840
l 840 841
l 841 842
l 842 843
l 818 833
l 817 832
l 826 841
l 825 840
l 819 834
l 827 842
l 820 835
l 828 843
l 821 836
l 814 829
l 822 837
l 815 830
l 823 838
l 816 831
l 824 839
l 844 845
l 845 846
l 846 847
l 847 848
l 848 849
l 849 850
l 850 851
l 851 852
l 852 853
l 853 854
l 854 855
l 855 856
l 856 857
l 857 858
l 837 852
l 836 851
l 830 845
l 829 844
l 838 853
l 831 846
l 839 854
l 832 847
l 840 855
l 833 848
l 841 856
l 834 849
l 842 857
l 835 850
l 843 858
l 859 860
l 860 861
l 861 862
l 862 863
l 863 864
l 864 865
l 865 866
l 866 867
l 867 868
l 868 869
l 869 870
l 870 871
l 871 872
l 872 873
l 856 871
l 855 870
l 849 864
l 848 863
l 857 872
l 850 865
l 858 873
l 851 866
l 844 859
l 852 867
l 845 860
l 853 868
l 846 861
l 854 869
l 847 862
l 874 875
l 875 876
l 876 877
l 877 878
l 878 879
l 879 880
l 880 881
l 881 882
l 882 883
l 883 884
l 884 885
l 885 886
l 886 887
l 887 888
l 860 875
l 859 874
l 868 883
l 867 882
l 861 876
l 869 884
l 862 877
l 870 885
l 863 878
l 871 886
l 864 879
l 872 887
l 865 880
l 873 888
l 866 881
l 889 890
l 890 891
l 891 892
l 892 893
l 893 894
l 894 895
l 895 896
l 896 897
l 897 898
l 898 899
l 899 900
l 900 901
l 901 902
l 902 903
l 879 894
l 878 893
l 887 902
l 886 901
l 880 895
l 888 903
l 881 896
l 874 889
l 882 897
l 875 890
l 883 898
l 876 891
l 884 899
l 877 892
l 885 900
l 904 905
l 905 906
l 906 907
l 907 908
l 908 909
l 909 910
l 910 911
l 911 912
l 912 913
l 913 914
l 914 915
l 915 916
l 916 917
l 917 918
l 898 913
l 897 912
l 891 906
l 890 905
l 899 914
l 892 907
l 900 915
l 893 908
l 901 916
l 894 909
l 902 917
l 895 910
l 903 918
l 896 911
l 889 904
l 919 920
l 920 921
l 921 922
l 922 923
l 923 924
l 924 925
l 925 926
l 926 927
l 927 928
l 928 929
l 929 930
l 930 931
l 931 932
l 932 933
l 917 932
l 916 931
l 910 925
l 909 924
l 918 933
l 911 926
l 904 919
l 912 927
l 905 920
l 913 928
l 906 921
l 914 929
l 907 922
l 915 930
l 908 923
l 934 935
l 935 936
l 936 937
l 937 938
l 938 939
l 939 940
l 940 941
l 941 942
l 942 943
l 943 944
l 944 945
l 945 946
l 946 947
l 947 948
l 948 949
l 929 945
l 928 944
l 922 938
l 921 937
l 930 946
l 923 939
l 931 947
l 924 940
l 932 948
l 925 941
l 933 949
l 926 942
l 919 935
l 927 943
l 920 936
l 950 951
l 951 952
l 952 953
l 953 954
l 954 955
l 955 956
l 956 957
l 957 958
l 958 959
l 959 960
l 960 961
l 961 962
l 962 963
l 963 964
l 949 964
l 948 963
l 942 957
l 941 956
l 935 950
l 943 958
l 936 951
l 944 959
l 937 952
l 945 960
l 938 953
l 946 961
l 939 954
l 947 962
l 940 955
l 483 934
l 497 813
l 498 934
l 512 813
l 513 934
l 527 813
l 528 934
l 542 813
l 543 934
l 557 813
l 558 934
l 572 813
l 573 934
l 587 813
l 588 934
l 602 813
l 603 934
l 617 813
l 618 934
l 632 813
l 633 934
l 647 813
l 648 934
l 662 813
l 663 934
l 677 813
l 678 934
l 692 813
l 693 934
l 707 813
l 708 934
l 722 813
l 723 934
l 737 813
l 738 934
l 752 813
l 753 934
l 767 813
l 768 934
l 782 813
l 783 934
l 797 813
l 798 934
l 814 934
l 813 828
l 829 934
l 813 843
l 844 934
l 813 858
l 859 934
l 813 873
l 874 934
l 813 888
l 889 934
l 813 903
l 904 934
l 813 918
l 919 934
l 813 933
l 813 949
l 934 950
l 813 964
l 486 953
l 485 952
l 494 961
l 493 960
l 487 954
l 495 962
l 488 955
l 496 963
l 489 956
l 497 964
l 490 957
l 483 950
l 491 958
l 484 951
l 492 959
o Sphere.004
v -0.016953 0.004904 -0.022645
v -0.017616 0.004619 -0.021982
v -0.018228 0.004157 -0.021370
v -0.018763 0.003536 -0.020835
v -0.019203 0.002778 -0.020395
v -0.019530 0.001913 -0.020068
v -0.019731 0.000975 -0.019867
v -0.019799 0.000000 -0.019799
v -0.019731 -0.000975 -0.019867
v -0.019530 -0.001913 -0.020068
v -0.019203 -0.002778 -0.020395
v -0.018763 -0.003536 -0.020835
v -0.018228 -0.004157 -0.021370
v -0.017616 -0.004619 -0.021982
v -0.016953 -0.004904 -0.022645
v -0.017075 0.004904 -0.022793
v -0.017854 0.004619 -0.022271
v -0.018573 0.004157 -0.021791
v -0.019203 0.003536 -0.021370
v -0.019720 0.002778 -0.021025
v -0.020104 0.001913 -0.020768
v -0.020341 0.000975 -0.020610
v -0.020421 0.000000 -0.020557
v -0.020341 -0.000975 -0.020610
v -0.020104 -0.001913 -0.020768
v -0.019720 -0.002778 -0.021025
v -0.019203 -0.003536 -0.021370
v -0.018573 -0.004157 -0.021791
v -0.017854 -0.004619 -0.022271
v -0.017075 -0.004904 -0.022793
v -0.017165 0.004904 -0.022961
v -0.018031 0.004619 -0.022602
v -0.018830 0.004157 -0.022271
v -0.019530 0.003536 -0.021982
v -0.020104 0.002778 -0.021744
v -0.020531 0.001913 -0.021567
v -0.020794 0.000975 -0.021458
v -0.020883 0.000000 -0.021421
v -0.020794 -0.000975 -0.021458
v -0.020531 -0.001913 -0.021567
v -0.020104 -0.002778 -0.021744
v -0.019530 -0.003536 -0.021982
v -0.018830 -0.004157 -0.022271
v -0.018031 -0.004619 -0.022602
v -0.017165 -0.004904 -0.022961
v -0.017220 0.004904 -0.023144
v -0.018140 0.004619 -0.022961
v -0.018988 0.004157 -0.022793
v -0.019731 0.003536 -0.022645
v -0.020341 0.002778 -0.022523
v -0.020794 0.001913 -0.022433
v -0.021073 0.000975 -0.022378
v -0.021167 0.000000 -0.022359
v -0.021073 -0.000975 -0.022378
v -0.020794 -0.001913 -0.022433
v -0.020341 -0.002778 -0.022523
v -0.019731 -0.003536 -0.022645
v -0.018988 -0.004157 -0.022793
v -0.018140 -0.004619 -0.022961
v -0.017220 -0.004904 -0.023144
v -0.017239 0.004904 -0.023335
v -0.018177 0.004619 -0.023335
v -0.019041 0.004157 -0.023335
v -0.019799 0.003536 -0.023335
v -0.020421 0.002778 -0.023335
v -0.020883 0.001913 -0.023335
v -0.021167 0.000975 -0.023335
v -0.021263 0.000000 -0.023335
v -0.021167 -0.000975 -0.023335
v -0.020883 -0.001913 -0.023335
v -0.020421 -0.002778 -0.023335
v -0.019799 -0.003536 -0.023335
v -0.019041 -0.004157 -0.023335
v -0.018177 -0.004619 -0.023335
v -0.017239 -0.004904 -0.023335
v -0.017220 0.004904 -0.023525
v -0.018140 0.004619 -0.023708
v -0.018988 0.004157 -0.023876
v -0.019731 0.003536 -0.024024
v -0.020341 0.002778 -0.024146
v -0.020794 0.001913 -0.024236
v -0.021073 0.000975 -0.024291
v -0.021167 0.000000 -0.024310
v -0.021073 -0.000975 -0.024291
v -0.020794 -0.001913 -0.024236
v -0.020341 -0.002778 -0.024146
v -0.019731 -0.003536 -0.024024
v -0.018988 -0.004157 -0.023876
v -0.018140 -0.004619 -0.023708
v -0.017220 -0.004904 -0.023525
v -0.017165 0.004904 -0.023708
v -0.018031 0.004619 -0.024067
v -0.018830 0.004157 -0.024398
v -0.019530 0.003536 -0.024688
v -0.020104 0.002778 -0.024925
v -0.020531 0.001913 -0.025102
v -0.020794 0.000975 -0.025211
v -0.020883 0.000000 -0.025248
v -0.020794 -0.000975 -0.025211
v -0.020531 -0.001913 -0.025102
v -0.020104 -0.002778 -0.024925
v -0.019530 -0.003536 -0.024688
v -0.018830 -0.004157 -0.024398
v -0.018031 -0.004619 -0.024067
v -0.017165 -0.004904 -0.023708
v -0.017075 0.004904 -0.023876
v -0.017854 0.004619 -0.024398
v -0.018573 0.004157 -0.024878
v -0.019203 0.003536 -0.025299
v -0.019720 0.002778 -0.025644
v -0.020104 0.001913 -0.025901
v -0.020341 0.000975 -0.026059
v -0.020421 0.000000 -0.026112
v -0.020341 -0.000975 -0.026059
v -0.020104 -0.001913 -0.025901
v -0.019720 -0.002778 -0.025644
v -0.019203 -0.003536 -0.025299
v -0.018573 -0.004157 -0.024878
v -0.017854 -0.004619 -0.024398
v -0.017075 -0.004904 -0.023876
v -0.016953 0.004904 -0.024024
v -0.017616 0.004619 -0.024688
v -0.018228 0.004157 -0.025299
v -0.018763 0.003536 -0.025835
v -0.019203 0.002778 -0.026274
v -0.019530 0.001913 -0.026601
v -0.019731 0.000975 -0.026802
v -0.019799 0.000000 -0.026870
v -0.019731 -0.000975 -0.026802
v -0.019530 -0.001913 -0.026601
v -0.019203 -0.002778 -0.026274
v -0.018763 -0.003536 -0.025835
v -0.018228 -0.004157 -0.025299
v -0.017616 -0.004619 -0.024688
v -0.016953 -0.004904 -0.024024
v -0.016805 0.004904 -0.024146
v -0.017327 0.004619 -0.024925
v -0.017807 0.004157 -0.025644
v -0.018228 0.003536 -0.026274
v -0.018573 0.002778 -0.026791
v -0.018830 0.001913 -0.027175
v -0.018988 0.000975 -0.027412
v -0.019041 0.000000 -0.027492
v -0.018988 -0.000975 -0.027412
v -0.018830 -0.001913 -0.027175
v -0.018573 -0.002778 -0.026791
v -0.018228 -0.003536 -0.026274
v -0.017807 -0.004157 -0.025644
v -0.017327 -0.004619 -0.024925
v -0.016805 -0.004904 -0.024146
v -0.016637 0.004904 -0.024236
v -0.016996 0.004619 -0.025102
v -0.017327 0.004157 -0.025901
v -0.017616 0.003536 -0.026601
v -0.017854 0.002778 -0.027175
v -0.018031 0.001913 -0.027602
v -0.018140 0.000975 -0.027865
v -0.018177 0.000000 -0.027954
v -0.018140 -0.000975 -0.027865
v -0.018031 -0.001913 -0.027602
v -0.017854 -0.002778 -0.027175
v -0.017616 -0.003536 -0.026601
v -0.017327 -0.004157 -0.025901
v -0.016996 -0.004619 -0.025102
v -0.016637 -0.004904 -0.024236
v -0.016454 0.004904 -0.024291
v -0.016637 0.004619 -0.025211
v -0.016805 0.004157 -0.026059
v -0.016953 0.003536 -0.026802
v -0.017075 0.002778 -0.027412
v -0.017165 0.001913 -0.027865
v -0.017220 0.000975 -0.028144
v -0.017239 0.000000 -0.028238
v -0.017220 -0.000975 -0.028144
v -0.017165 -0.001913 -0.027865
v -0.017075 -0.002778 -0.027412
v -0.016953 -0.003536 -0.026802
v -0.016805 -0.004157 -0.026059
v -0.016637 -0.004619 -0.025211
v -0.016454 -0.004904 -0.024291
v -0.016263 0.004904 -0.024310
v -0.016263 0.004619 -0.025248
v -0.016263 0.004157 -0.026112
v -0.016263 0.003536 -0.026870
v -0.016263 0.002778 -0.027492
v -0.016263 0.001913 -0.027954
v -0.016263 0.000975 -0.028238
v -0.016263 0.000000 -0.028335
v -0.016263 -0.000975 -0.028238
v -0.016263 -0.001913 -0.027954
v -0.016263 -0.002778 -0.027492
v -0.016263 -0.003536 -0.026870
v -0.016263 -0.004157 -0.026112
v -0.016263 -0.004619 -0.025248
v -0.016263 -0.004904 -0.024310
v -0.016073 0.004904 -0.024291
v -0.015890 0.004619 -0.025211
v -0.015722 0.004157 -0.026059
v -0.015574 0.003536 -0.026802
v -0.015452 0.002778 -0.027412
v -0.015362 0.001913 -0.027865
v -0.015307 0.000975 -0.028144
v -0.015288 0.000000 -0.028238
v -0.015307 -0.000975 -0.028144
v -0.015362 -0.001913 -0.027865
v -0.015452 -0.002778 -0.027412
v -0.015574 -0.003536 -0.026802
v -0.015722 -0.004157 -0.026059
v -0.015890 -0.004619 -0.025211
v -0.016073 -0.004904 -0.024291
v -0.015890 0.004904 -0.024236
v -0.015531 0.004619 -0.025102
v -0.015200 0.004157 -0.025901
v -0.014910 0.003536 -0.026601
v -0.014673 0.002778 -0.027175
v -0.014496 0.001913 -0.027602
v -0.014387 0.000975 -0.027865
v -0.014350 0.000000 -0.027954
v -0.014387 -0.000975 -0.027865
v -0.014496 -0.001913 -0.027602
v -0.014673 -0.002778 -0.027175
v -0.014910 -0.003536 -0.026601
v -0.015200 -0.004157 -0.025901
v -0.015531 -0.004619 -0.025102
v -0.015890 -0.004904 -0.024236
v -0.015722 0.004904 -0.024146
v -0.015200 0.004619 -0.024925
v -0.014720 0.004157 -0.025644
v -0.014299 0.003536 -0.026274
v -0.013954 0.002778 -0.026791
v -0.013697 0.001913 -0.027175
v -0.013539 0.000975 -0.027412
v -0.013486 0.000000 -0.027492
v -0.013539 -0.000975 -0.027412
v -0.013697 -0.001913 -0.027175
v -0.013954 -0.002778 -0.026791
v -0.014299 -0.003536 -0.026274
v -0.014720 -0.004157 -0.025644
v -0.015200 -0.004619 -0.024925
v -0.015722 -0.004904 -0.024146
v -0.015574 0.004904 -0.024024
v -0.014910 0.004619 -0.024688
v -0.014299 0.004157 -0.025299
v -0.013763 0.003536 -0.025835
v -0.013324 0.002778 -0.026274
v -0.012997 0.001913 -0.026601
v -0.012796 0.000975 -0.026802
v -0.012728 0.000000 -0.026870
v -0.012796 -0.000975 -0.026802
v -0.012997 -0.001913 -0.026601
v -0.013324 -0.002778 -0.026274
v -0.013763 -0.003536 -0.025835
v -0.014299 -0.004157 -0.025299
v -0.014910 -0.004619 -0.024688
v -0.015574 -0.004904 -0.024024
v -0.015452 0.004904 -0.023876
v -0.014673 0.004619 -0.024398
v -0.013954 0.004157 -0.024878
v -0.013324 0.003536 -0.025299
v -0.012807 0.002778 -0.025644
v -0.012423 0.001913 -0.025901
v -0.012186 0.000975 -0.026059
v -0.012106 0.000000 -0.026112
v -0.012186 -0.000975 -0.026059
v -0.012423 -0.001913 -0.025901
v -0.012807 -0.002778 -0.025644
v -0.013324 -0.003536 -0.025299
v -0.013954 -0.004157 -0.024878
v -0.014673 -0.004619 -0.024398
v -0.015452 -0.004904 -0.023876
v -0.015362 0.004904 -0.023708
v -0.014496 0.004619 -0.024067
v -0.013697 0.004157 -0.024398
v -0.012997 0.003536 -0.024688
v -0.012423 0.002778 -0.024925
v -0.011996 0.001913 -0.025102
v -0.011733 0.000975 -0.025211
v -0.011644 0.000000 -0.025248
v -0.011733 -0.000975 -0.025211
v -0.011996 -0.001913 -0.025102
v -0.012423 -0.002778 -0.024925
v -0.012997 -0.003536 -0.024688
v -0.013697 -0.004157 -0.024398
v -0.014496 -0.004619 -0.024067
v -0.015362 -0.004904 -0.023708
v -0.015307 0.004904 -0.023525
v -0.014387 0.004619 -0.023708
v -0.013539 0.004157 -0.023876
v -0.012796 0.003536 -0.024024
v -0.012186 0.002778 -0.024146
v -0.011733 0.001913 -0.024236
v -0.011454 0.000975 -0.024291
v -0.011360 0.000000 -0.024310
v -0.011454 -0.000975 -0.024291
v -0.011733 -0.001913 -0.024236
v -0.012186 -0.002778 -0.024146
v -0.012796 -0.003536 -0.024024
v -0.013539 -0.004157 -0.023876
v -0.014387 -0.004619 -0.023708
v -0.015307 -0.004904 -0.023525
v -0.015288 0.004904 -0.023335
v -0.014350 0.004619 -0.023335
v -0.013486 0.004157 -0.023335
v -0.012728 0.003536 -0.023335
v -0.012106 0.002778 -0.023335
v -0.011644 0.001913 -0.023335
v -0.011360 0.000975 -0.023335
v -0.011263 0.000000 -0.023335
v -0.011360 -0.000975 -0.023335
v -0.011644 -0.001913 -0.023335
v -0.012106 -0.002778 -0.023335
v -0.012728 -0.003536 -0.023335
v -0.013486 -0.004157 -0.023335
v -0.014350 -0.004619 -0.023335
v -0.015288 -0.004904 -0.023335
v -0.015307 0.004904 -0.023144
v -0.014387 0.004619 -0.022961
v -0.013539 0.004157 -0.022793
v -0.012796 0.003536 -0.022645
v -0.012186 0.002778 -0.022523
v -0.011733 0.001913 -0.022433
v -0.011454 0.000975 -0.022378
v -0.011360 0.000000 -0.022359
v -0.011454 -0.000975 -0.022378
v -0.011733 -0.001913 -0.022433
v -0.012186 -0.002778 -0.022523
v -0.012796 -0.003536 -0.022645
v -0.013539 -0.004157 -0.022793
v -0.014387 -0.004619 -0.022961
v -0.015307 -0.004904 -0.023144
v -0.016263 -0.005000 -0.023335
v -0.015362 0.004904 -0.022961
v -0.014496 0.004619 -0.022602
v -0.013697 0.004157 -0.022271
v -0.012997 0.003536 -0.021982
v -0.012423 0.002778 -0.021744
v -0.011996 0.001913 -0.021567
v -0.011733 0.000975 -0.021458
v -0.011644 0.000000 -0.021421
v -0.011733 -0.000975 -0.021458
v -0.011996 -0.001913 -0.021567
v -0.012423 -0.002778 -0.021744
v -0.012997 -0.003536 -0.021982
v -0.013697 -0.004157 -0.022271
v -0.014496 -0.004619 -0.022602
v -0.015362 -0.004904 -0.022961
v -0.015452 0.004904 -0.022793
v -0.014673 0.004619 -0.022271
v -0.013954 0.004157 -0.021791
v -0.013324 0.003536 -0.021370
v -0.012807 0.002778 -0.021025
v -0.012423 0.001913 -0.020768
v -0.012186 0.000975 -0.020610
v -0.012106 0.000000 -0.020557
v -0.012186 -0.000975 -0.020610
v -0.012423 -0.001913 -0.020768
v -0.012807 -0.002778 -0.021025
v -0.013324 -0.003536 -0.021370
v -0.013954 -0.004157 -0.021791
v -0.014673 -0.004619 -0.022271
v -0.015452 -0.004904 -0.022793
v -0.015574 0.004904 -0.022645
v -0.014910 0.004619 -0.021982
v -0.014299 0.004157 -0.021370
v -0.013763 0.003536 -0.020835
v -0.013324 0.002778 -0.020395
v -0.012997 0.001913 -0.020068
v -0.012796 0.000975 -0.019867
v -0.012728 0.000000 -0.019799
v -0.012796 -0.000975 -0.019867
v -0.012997 -0.001913 -0.020068
v -0.013324 -0.002778 -0.020395
v -0.013763 -0.003536 -0.020835
v -0.014299 -0.004157 -0.021370
v -0.014910 -0.004619 -0.021982
v -0.015574 -0.004904 -0.022645
v -0.015722 0.004904 -0.022523
v -0.015200 0.004619 -0.021744
v -0.014720 0.004157 -0.021025
v -0.014299 0.003536 -0.020395
v -0.013954 0.002778 -0.019878
v -0.013697 0.001913 -0.019494
v -0.013539 0.000975 -0.019257
v -0.013486 0.000000 -0.019177
v -0.013539 -0.000975 -0.019257
v -0.013697 -0.001913 -0.019494
v -0.013954 -0.002778 -0.019878
v -0.014299 -0.003536 -0.020395
v -0.014720 -0.004157 -0.021025
v -0.015200 -0.004619 -0.021744
v -0.015722 -0.004904 -0.022523
v -0.015890 0.004904 -0.022433
v -0.015531 0.004619 -0.021567
v -0.015200 0.004157 -0.020768
v -0.014910 0.003536 -0.020068
v -0.014673 0.002778 -0.019494
v -0.014496 0.001913 -0.019067
v -0.014387 0.000975 -0.018804
v -0.014350 0.000000 -0.018715
v -0.014387 -0.000975 -0.018804
v -0.014496 -0.001913 -0.019067
v -0.014673 -0.002778 -0.019494
v -0.014910 -0.003536 -0.020068
v -0.015200 -0.004157 -0.020768
v -0.015531 -0.004619 -0.021567
v -0.015890 -0.004904 -0.022433
v -0.016073 0.004904 -0.022378
v -0.015890 0.004619 -0.021458
v -0.015722 0.004157 -0.020610
v -0.015574 0.003536 -0.019867
v -0.015452 0.002778 -0.019257
v -0.015362 0.001913 -0.018804
v -0.015307 0.000975 -0.018525
v -0.015288 0.000000 -0.018431
v -0.015307 -0.000975 -0.018525
v -0.015362 -0.001913 -0.018804
v -0.015452 -0.002778 -0.019257
v -0.015574 -0.003536 -0.019867
v -0.015722 -0.004157 -0.020610
v -0.015890 -0.004619 -0.021458
v -0.016073 -0.004904 -0.022378
v -0.016263 0.004904 -0.022359
v -0.016263 0.004619 -0.021421
v -0.016263 0.004157 -0.020557
v -0.016263 0.003536 -0.019799
v -0.016263 0.002778 -0.019177
v -0.016263 0.001913 -0.018715
v -0.016263 0.000975 -0.018431
v -0.016263 0.000000 -0.018335
v -0.016263 -0.000975 -0.018431
v -0.016263 -0.001913 -0.018715
v -0.016263 -0.002778 -0.019177
v -0.016263 -0.003536 -0.019799
v -0.016263 -0.004157 -0.020557
v -0.016263 -0.004619 -0.021421
v -0.016263 -0.004904 -0.022359
v -0.016454 0.004904 -0.022378
v -0.016637 0.004619 -0.021458
v -0.016805 0.004157 -0.020610
v -0.016953 0.003536 -0.019867
v -0.017075 0.002778 -0.019257
v -0.017165 0.001913 -0.018804
v -0.017220 0.000975 -0.018525
v -0.017239 0.000000 -0.018431
v -0.017220 -0.000975 -0.018525
v -0.017165 -0.001913 -0.018804
v -0.017075 -0.002778 -0.019257
v -0.016953 -0.003536 -0.019867
v -0.016805 -0.004157 -0.020610
v -0.016637 -0.004619 -0.021458
v -0.016454 -0.004904 -0.022378
v -0.016263 0.005000 -0.023335
v -0.016637 0.004904 -0.022433
v -0.016996 0.004619 -0.021567
v -0.017326 0.004157 -0.020768
v -0.017616 0.003536 -0.020068
v -0.017854 0.002778 -0.019494
v -0.018031 0.001913 -0.019067
v -0.018140 0.000975 -0.018804
v -0.018177 0.000000 -0.018715
v -0.018140 -0.000975 -0.018804
v -0.018031 -0.001913 -0.019067
v -0.017854 -0.002778 -0.019494
v -0.017616 -0.003536 -0.020068
v -0.017326 -0.004157 -0.020768
v -0.016996 -0.004619 -0.021567
v -0.016637 -0.004904 -0.022433
v -0.016805 0.004904 -0.022523
v -0.017326 0.004619 -0.021744
v -0.017807 0.004157 -0.021025
v -0.018228 0.003536 -0.020395
v -0.018573 0.002778 -0.019878
v -0.018830 0.001913 -0.019494
v -0.018988 0.000975 -0.019257
v -0.019041 0.000000 -0.019177
v -0.018988 -0.000975 -0.019257
v -0.018830 -0.001913 -0.019494
v -0.018573 -0.002778 -0.019878
v -0.018228 -0.003536 -0.020395
v -0.017807 -0.004157 -0.021025
v -0.017326 -0.004619 -0.021744
v -0.016805 -0.004904 -0.022523
vn -0.5893 -0.5528 0.5893
vn -0.6539 -0.3805 0.6539
vn -0.7689 -0.3805 0.5137
vn -0.6929 -0.5528 0.4630
vn -0.5021 0.7040 0.5021
vn -0.3958 0.8286 0.3958
vn -0.4654 0.8286 0.3110
vn -0.5904 0.7040 0.3945
vn -0.5021 -0.7040 0.5021
vn -0.5904 -0.7040 0.3945
vn -0.5893 0.5528 0.5893
vn -0.6929 0.5528 0.4630
vn -0.3958 -0.8286 0.3958
vn -0.4654 -0.8286 0.3110
vn -0.6539 0.3805 0.6539
vn -0.7689 0.3805 0.5137
vn -0.2743 -0.9217 0.2743
vn -0.3225 -0.9217 0.2155
vn -0.6937 0.1939 0.6937
vn -0.8157 0.1939 0.5450
vn -0.1421 -0.9796 0.1421
vn -0.1671 -0.9796 0.1116
vn -0.7071 0.0000 0.7071
vn -0.8314 0.0000 0.5556
vn -0.6937 -0.1939 0.6937
vn -0.8157 -0.1939 0.5450
vn -0.2743 0.9217 0.2743
vn -0.1421 0.9796 0.1421
vn -0.1671 0.9796 0.1116
vn -0.3225 0.9217 0.2155
vn -0.9063 -0.1939 0.3754
vn -0.8544 -0.3805 0.3539
vn -0.3583 0.9217 0.1484
vn -0.5171 0.8286 0.2142
vn -0.7699 -0.5528 0.3189
vn -0.6561 0.7040 0.2717
vn -0.6561 -0.7040 0.2717
vn -0.7699 0.5528 0.3189
vn -0.5171 -0.8286 0.2142
vn -0.8544 0.3805 0.3539
vn -0.3583 -0.9217 0.1484
vn -0.9063 0.1939 0.3754
vn -0.1856 -0.9796 0.0769
vn -0.9239 0.0000 0.3827
vn -0.1856 0.9796 0.0769
vn -0.5490 -0.8286 0.1092
vn -0.3804 -0.9217 0.0757
vn -0.9070 0.3805 0.1804
vn -0.9622 0.1939 0.1914
vn -0.1971 -0.9796 0.0392
vn -0.9808 0.0000 0.1951
vn -0.9622 -0.1939 0.1914
vn -0.1971 0.9796 0.0392
vn -0.3804 0.9217 0.0757
vn -0.9070 -0.3805 0.1804
vn -0.5490 0.8286 0.1092
vn -0.8173 -0.5528 0.1626
vn -0.6965 0.7040 0.1385
vn -0.6965 -0.7040 0.1385
vn -0.8173 0.5528 0.1626
vn -0.3879 0.9217 0.0000
vn -0.5598 0.8286 0.0000
vn -0.9247 -0.3805 0.0000
vn -0.8333 -0.5528 0.0000
vn -0.7101 0.7040 0.0000
vn -0.7101 -0.7040 0.0000
vn -0.8333 0.5528 0.0000
vn -0.5598 -0.8286 0.0000
vn -0.9247 0.3805 0.0000
vn -0.3879 -0.9217 0.0000
vn -0.9810 0.1939 0.0000
vn -0.2010 -0.9796 0.0000
vn -1.0000 0.0000 0.0000
vn -0.9810 -0.1939 0.0000
vn -0.2010 0.9796 0.0000
vn -0.9070 0.3805 -0.1804
vn -0.9622 0.1939 -0.1914
vn -0.3804 -0.9217 -0.0757
vn -0.1971 -0.9796 -0.0392
vn -0.9808 0.0000 -0.1951
vn -0.9622 -0.1939 -0.1914
vn -0.1971 0.9796 -0.0392
vn -0.3804 0.9217 -0.0757
vn -0.9070 -0.3805 -0.1804
vn -0.5490 0.8286 -0.1092
vn -0.8173 -0.5528 -0.1626
vn -0.6965 0.7040 -0.1385
vn -0.6965 -0.7040 -0.1385
vn -0.8173 0.5528 -0.1626
vn -0.5490 -0.8286 -0.1092
vn -0.8544 -0.3805 -0.3539
vn -0.7699 -0.5528 -0.3189
vn -0.5171 0.8286 -0.2142
vn -0.6561 0.7040 -0.2717
vn -0.6561 -0.7040 -0.2717
vn -0.7699 0.5528 -0.3189
vn -0.5171 -0.8286 -0.2142
vn -0.8544 0.3805 -0.3539
vn -0.3583 -0.9217 -0.1484
vn -0.9063 0.1939 -0.3754
vn -0.1856 -0.9796 -0.0769
vn -0.9239 0.0000 -0.3827
vn -0.9063 -0.1939 -0.3754
vn -0.1856 0.9796 -0.0769
vn -0.3583 0.9217 -0.1484
vn -0.3225 -0.9217 -0.2155
vn -0.1671 -0.9796 -0.1116
vn -0.8157 0.1939 -0.5450
vn -0.8314 0.0000 -0.5556
vn -0.8157 -0.1939 -0.5450
vn -0.1671 0.9796 -0.1116
vn -0.3225 0.9217 -0.2155
vn -0.7689 -0.3805 -0.5137
vn -0.4654 0.8286 -0.3110
vn -0.6929 -0.5528 -0.4630
vn -0.5904 0.7040 -0.3945
vn -0.5904 -0.7040 -0.3945
vn -0.6929 0.5528 -0.4630
vn -0.4654 -0.8286 -0.3110
vn -0.7689 0.3805 -0.5137
vn -0.3958 0.8286 -0.3958
vn -0.5021 0.7040 -0.5021
vn -0.5893 -0.5528 -0.5893
vn -0.5021 -0.7040 -0.5021
vn -0.5893 0.5528 -0.5893
vn -0.3958 -0.8286 -0.3958
vn -0.6539 0.3805 -0.6539
vn -0.2743 -0.9217 -0.2743
vn -0.6937 0.1939 -0.6937
vn -0.1421 -0.9796 -0.1421
vn -0.7071 0.0000 -0.7071
vn -0.6937 -0.1939 -0.6937
vn -0.1421 0.9796 -0.1421
vn -0.2743 0.9217 -0.2743
vn -0.6539 -0.3805 -0.6539
vn -0.5450 0.1939 -0.8157
vn -0.5556 0.0000 -0.8314
vn -0.5450 -0.1939 -0.8157
vn -0.1116 0.9796 -0.1671
vn -0.2155 0.9217 -0.3225
vn -0.5137 -0.3805 -0.7689
vn -0.3110 0.8286 -0.4654
vn -0.4630 -0.5528 -0.6929
vn -0.3945 0.7040 -0.5904
vn -0.3945 -0.7040 -0.5904
vn -0.4630 0.5528 -0.6929
vn -0.3110 -0.8286 -0.4654
vn -0.5137 0.3805 -0.7689
vn -0.2155 -0.9217 -0.3225
vn -0.1116 -0.9796 -0.1671
vn -0.3189 -0.5528 -0.7699
vn -0.2717 -0.7040 -0.6561
vn -0.2717 0.7040 -0.6561
vn -0.3189 0.5528 -0.7699
vn -0.2142 -0.8286 -0.5171
vn -0.3539 0.3805 -0.8544
vn -0.1484 -0.9217 -0.3583
vn -0.3754 0.1939 -0.9063
vn -0.0769 -0.9796 -0.1856
vn -0.3827 0.0000 -0.9239
vn -0.3754 -0.1939 -0.9063
vn -0.0769 0.9796 -0.1856
vn -0.1484 0.9217 -0.3583
vn -0.3539 -0.3805 -0.8544
vn -0.2142 0.8286 -0.5171
vn -0.1951 0.0000 -0.9808
vn -0.1914 -0.1939 -0.9622
vn -0.0392 0.9796 -0.1971
vn -0.0757 0.9217 -0.3804
vn -0.1804 -0.3805 -0.9070
vn -0.1092 0.8286 -0.5490
vn -0.1626 -0.5528 -0.8173
vn -0.1385 0.7040 -0.6965
vn -0.1385 -0.7040 -0.6965
vn -0.1626 0.5528 -0.8173
vn -0.1092 -0.8286 -0.5490
vn -0.1804 0.3805 -0.9070
vn -0.0757 -0.9217 -0.3804
vn -0.1914 0.1939 -0.9622
vn -0.0392 -0.9796 -0.1971
vn 0.0000 -0.7040 -0.7101
vn 0.0000 -0.8286 -0.5598
vn 0.0000 0.5528 -0.8333
vn 0.0000 0.3805 -0.9247
vn 0.0000 -0.9217 -0.3879
vn 0.0000 0.1939 -0.9810
vn 0.0000 -0.9796 -0.2010
vn 0.0000 0.0000 -1.0000
vn 0.0000 -0.1939 -0.9810
vn 0.0000 0.9796 -0.2010
vn 0.0000 0.9217 -0.3879
vn 0.0000 -0.3805 -0.9247
vn 0.0000 0.8286 -0.5598
vn 0.0000 -0.5528 -0.8333
vn 0.0000 0.7040 -0.7101
vn 0.0392 0.9796 -0.1971
vn 0.0757 0.9217 -0.3804
vn 0.1914 -0.1939 -0.9622
vn 0.1804 -0.3805 -0.9070
vn 0.1092 0.8286 -0.5490
vn 0.1626 -0.5528 -0.8173
vn 0.1385 0.7040 -0.6965
vn 0.1385 -0.7040 -0.6965
vn 0.1626 0.5528 -0.8173
vn 0.1092 -0.8286 -0.5490
vn 0.1804 0.3805 -0.9070
vn 0.0757 -0.9217 -0.3804
vn 0.1914 0.1939 -0.9622
vn 0.0392 -0.9796 -0.1971
vn 0.1951 0.0000 -0.9808
vn 0.3189 0.5528 -0.7699
vn 0.3539 0.3805 -0.8544
vn 0.2142 -0.8286 -0.5171
vn 0.1484 -0.9217 -0.3583
vn 0.3754 0.1939 -0.9063
vn 0.0769 -0.9796 -0.1856
vn 0.3827 0.0000 -0.9239
vn 0.3754 -0.1939 -0.9063
vn 0.0769 0.9796 -0.1856
vn 0.1484 0.9217 -0.3583
vn 0.3539 -0.3805 -0.8544
vn 0.2142 0.8286 -0.5171
vn 0.3189 -0.5528 -0.7699
vn 0.2717 0.7040 -0.6561
vn 0.2717 -0.7040 -0.6561
vn 0.5450 -0.1939 -0.8157
vn 0.5137 -0.3805 -0.7689
vn 0.2155 0.9217 -0.3225
vn 0.3110 0.8286 -0.4654
vn 0.4630 -0.5528 -0.6929
vn 0.3945 0.7040 -0.5904
vn 0.3945 -0.7040 -0.5904
vn 0.4630 0.5528 -0.6929
vn 0.3110 -0.8286 -0.4654
vn 0.5137 0.3805 -0.7689
vn 0.2155 -0.9217 -0.3225
vn 0.5450 0.1939 -0.8157
vn 0.1116 -0.9796 -0.1671
vn 0.5556 0.0000 -0.8314
vn 0.1116 0.9796 -0.1671
vn 0.3958 -0.8286 -0.3958
vn 0.2743 -0.9217 -0.2743
vn 0.6539 0.3805 -0.6539
vn 0.6937 0.1939 -0.6937
vn 0.1421 -0.9796 -0.1421
vn 0.7071 0.0000 -0.7071
vn 0.6937 -0.1939 -0.6937
vn 0.1421 0.9796 -0.1421
vn 0.2743 0.9217 -0.2743
vn 0.6539 -0.3805 -0.6539
vn 0.3958 0.8286 -0.3958
vn 0.5893 -0.5528 -0.5893
vn 0.5021 0.7040 -0.5021
vn 0.5021 -0.7040 -0.5021
vn 0.5893 0.5528 -0.5893
vn 0.3225 0.9217 -0.2155
vn 0.4654 0.8286 -0.3110
vn 0.7689 -0.3805 -0.5137
vn 0.6929 -0.5528 -0.4630
vn 0.5904 0.7040 -0.3945
vn 0.5904 -0.7040 -0.3945
vn 0.6929 0.5528 -0.4630
vn 0.4654 -0.8286 -0.3110
vn 0.7689 0.3805 -0.5137
vn 0.3225 -0.9217 -0.2155
vn 0.8157 0.1939 -0.5450
vn 0.1671 -0.9796 -0.1116
vn 0.8314 0.0000 -0.5556
vn 0.8157 -0.1939 -0.5450
vn 0.1671 0.9796 -0.1116
vn 0.8544 0.3805 -0.3539
vn 0.9063 0.1939 -0.3754
vn 0.3583 -0.9217 -0.1484
vn 0.1856 -0.9796 -0.0769
vn 0.9239 0.0000 -0.3827
vn 0.9063 -0.1939 -0.3754
vn 0.1856 0.9796 -0.0769
vn 0.3583 0.9217 -0.1484
vn 0.8544 -0.3805 -0.3539
vn 0.5171 0.8286 -0.2142
vn 0.7699 -0.5528 -0.3189
vn 0.6561 0.7040 -0.2717
vn 0.6561 -0.7040 -0.2717
vn 0.7699 0.5528 -0.3189
vn 0.5171 -0.8286 -0.2142
vn 0.9070 -0.3805 -0.1804
vn 0.8173 -0.5528 -0.1626
vn 0.5490 0.8286 -0.1092
vn 0.6965 0.7040 -0.1385
vn 0.6965 -0.7040 -0.1385
vn 0.8173 0.5528 -0.1626
vn 0.5490 -0.8286 -0.1092
vn 0.9070 0.3805 -0.1804
vn 0.3804 -0.9217 -0.0757
vn 0.9622 0.1939 -0.1914
vn 0.1971 -0.9796 -0.0392
vn 0.9808 0.0000 -0.1951
vn 0.9622 -0.1939 -0.1914
vn 0.1971 0.9796 -0.0392
vn 0.3804 0.9217 -0.0757
vn 0.3879 -0.9217 0.0000
vn 0.2010 -0.9796 0.0000
vn 0.9810 0.1939 0.0000
vn 1.0000 0.0000 0.0000
vn 0.9810 -0.1939 0.0000
vn 0.2010 0.9796 0.0000
vn 0.3879 0.9217 0.0000
vn 0.9247 -0.3805 0.0000
vn 0.5598 0.8286 0.0000
vn 0.8333 -0.5528 0.0000
vn 0.7101 0.7040 0.0000
vn 0.7101 -0.7040 0.0000
vn 0.8333 0.5528 0.0000
vn 0.5598 -0.8286 0.0000
vn 0.9247 0.3805 0.0000
vn 0.8173 -0.5528 0.1626
vn 0.6965 -0.7040 0.1385
vn 0.6965 0.7040 0.1385
vn 0.8173 0.5528 0.1626
vn 0.5490 -0.8286 0.1092
vn 0.9070 0.3805 0.1804
vn 0.3804 -0.9217 0.0757
vn 0.9622 0.1939 0.1914
vn 0.1971 -0.9796 0.0392
vn 0.9808 0.0000 0.1951
vn 0.9622 -0.1939 0.1914
vn 0.1971 0.9796 0.0392
vn 0.3804 0.9217 0.0757
vn 0.9070 -0.3805 0.1804
vn 0.5490 0.8286 0.1092
vn 0.9239 0.0000 0.3827
vn 0.9063 -0.1939 0.3754
vn 0.1856 0.9796 0.0769
vn 0.3583 0.9217 0.1484
vn 0.8544 -0.3805 0.3539
vn 0.5171 0.8286 0.2142
vn 0.7699 -0.5528 0.3189
vn 0.6561 0.7040 0.2717
vn 0.6561 -0.7040 0.2717
vn 0.7699 0.5528 0.3189
vn 0.5171 -0.8286 0.2142
vn 0.8544 0.3805 0.3539
vn 0.3583 -0.9217 0.1484
vn 0.9063 0.1939 0.3754
vn 0.1856 -0.9796 0.0769
vn 0.5904 0.7040 0.3945
vn 0.6929 0.5528 0.4630
vn 0.5904 -0.7040 0.3945
vn 0.4654 -0.8286 0.3110
vn 0.7689 0.3805 0.5137
vn 0.3225 -0.9217 0.2155
vn 0.8157 0.1939 0.5450
vn 0.1671 -0.9796 0.1116
vn 0.8314 0.0000 0.5556
vn 0.8157 -0.1939 0.5450
vn 0.1671 0.9796 0.1116
vn 0.3225 0.9217 0.2155
vn 0.7689 -0.3805 0.5137
vn 0.4654 0.8286 0.3110
vn 0.6929 -0.5528 0.4630
vn 0.7071 0.0000 0.7071
vn 0.6937 -0.1939 0.6937
vn 0.1421 0.9796 0.1421
vn 0.2743 0.9217 0.2743
vn 0.6539 -0.3805 0.6539
vn 0.3958 0.8286 0.3958
vn 0.5893 -0.5528 0.5893
vn 0.5021 0.7040 0.5021
vn 0.5021 -0.7040 0.5021
vn 0.5893 0.5528 0.5893
vn 0.3958 -0.8286 0.3958
vn 0.6539 0.3805 0.6539
vn 0.2743 -0.9217 0.2743
vn 0.6937 0.1939 0.6937
vn 0.1421 -0.9796 0.1421
vn 0.3945 -0.7040 0.5904
vn 0.3110 -0.8286 0.4654
vn 0.4630 0.5528 0.6929
vn 0.5137 0.3805 0.7689
vn 0.2155 -0.9217 0.3225
vn 0.5450 0.1939 0.8157
vn 0.1116 -0.9796 0.1671
vn 0.5556 0.0000 0.8314
vn 0.5450 -0.1939 0.8157
vn 0.1116 0.9796 0.1671
vn 0.2155 0.9217 0.3225
vn 0.5137 -0.3805 0.7689
vn 0.3110 0.8286 0.4654
vn 0.4630 -0.5528 0.6929
vn 0.3945 0.7040 0.5904
vn 0.0769 0.9796 0.1856
vn 0.1484 0.9217 0.3583
vn 0.3754 -0.1939 0.9063
vn 0.3539 -0.3805 0.8544
vn 0.2142 0.8286 0.5171
vn 0.3189 -0.5528 0.7699
vn 0.2717 0.7040 0.6561
vn 0.2717 -0.7040 0.6561
vn 0.3189 0.5528 0.7699
vn 0.2142 -0.8286 0.5171
vn 0.3539 0.3805 0.8544
vn 0.1484 -0.9217 0.3583
vn 0.3754 0.1939 0.9063
vn 0.0769 -0.9796 0.1856
vn 0.3827 0.0000 0.9239
vn 0.1626 0.5528 0.8173
vn 0.1804 0.3805 0.9070
vn 0.1092 -0.8286 0.5490
vn 0.0757 -0.9217 0.3804
vn 0.1914 0.1939 0.9622
vn 0.0392 -0.9796 0.1971
vn 0.1951 0.0000 0.9808
vn 0.1914 -0.1939 0.9622
vn 0.0392 0.9796 0.1971
vn 0.0757 0.9217 0.3804
vn 0.1804 -0.3805 0.9070
vn 0.1092 0.8286 0.5490
vn 0.1626 -0.5528 0.8173
vn 0.1385 0.7040 0.6965
vn 0.1385 -0.7040 0.6965
vn 0.0000 -0.1939 0.9810
vn 0.0000 -0.3805 0.9247
vn 0.0000 0.9217 0.3879
vn 0.0000 0.8286 0.5598
vn 0.0000 -0.5528 0.8333
vn 0.0000 0.7040 0.7101
vn 0.0000 -0.7040 0.7101
vn 0.0000 0.5528 0.8333
vn 0.0000 -0.8286 0.5598
vn 0.0000 0.3805 0.9247
vn 0.0000 -0.9217 0.3879
vn 0.0000 0.1939 0.9810
vn 0.0000 -0.9796 0.2010
vn 0.0000 0.0000 1.0000
vn 0.0000 0.9796 0.2010
vn -0.1092 -0.8286 0.5490
vn -0.0757 -0.9217 0.3804
vn -0.1804 0.3805 0.9070
vn -0.1914 0.1939 0.9622
vn -0.0392 -0.9796 0.1971
vn -0.1951 0.0000 0.9808
vn -0.1914 -0.1939 0.9622
vn -0.0392 0.9796 0.1971
vn -0.0757 0.9217 0.3804
vn -0.1804 -0.3805 0.9070
vn -0.1092 0.8286 0.5490
vn -0.1626 -0.5528 0.8173
vn -0.1385 0.7040 0.6965
vn -0.1385 -0.7040 0.6965
vn -0.1626 0.5528 0.8173
vn -0.3539 -0.3805 0.8544
vn -0.3189 -0.5528 0.7699
vn -0.2142 0.8286 0.5171
vn -0.2717 0.7040 0.6561
vn -0.2717 -0.7040 0.6561
vn -0.3189 0.5528 0.7699
vn -0.2142 -0.8286 0.5171
vn -0.3539 0.3805 0.8544
vn -0.1484 -0.9217 0.3583
vn -0.3754 0.1939 0.9063
vn -0.0769 -0.9796 0.1856
vn -0.3827 0.0000 0.9239
vn -0.3754 -0.1939 0.9063
vn -0.0769 0.9796 0.1856
vn -0.1484 0.9217 0.3583
vn -0.2155 -0.9217 0.3225
vn -0.1116 -0.9796 0.1671
vn -0.5450 0.1939 0.8157
vn -0.5556 0.0000 0.8314
vn -0.5450 -0.1939 0.8157
vn -0.1116 0.9796 0.1671
vn -0.2155 0.9217 0.3225
vn -0.5137 -0.3805 0.7689
vn -0.3110 0.8286 0.4654
vn -0.4630 -0.5528 0.6929
vn -0.3945 0.7040 0.5904
vn -0.3945 -0.7040 0.5904
vn -0.4630 0.5528 0.6929
vn -0.3110 -0.8286 0.4654
vn -0.5137 0.3805 0.7689
vn 0.0000 1.0000 0.0000
vn 0.0000 -1.0000 0.0000
usemtl Material.001
s 1
f 975//965 974//966 989//967 990//968
f 968//969 967//970 982//971 983//972
f 976//973 975//965 990//968 991//974
f 969//975 968//969 983//972 984//976
f 977//977 976//973 991//974 992//978
f 970//979 969//975 984//976 985//980
f 978//981 977//977 992//978 993//982
f 971//983 970//979 985//980 986//984
f 979//985 978//981 993//982 994//986
f 972//987 971//983 986//984 987//988
f 973//989 972//987 987//988 988//990
f 966//991 965//992 980//993 981//994
f 974//966 973//989 988//990 989//967
f 967//970 966//991 981//994 982//971
f 989//967 988//990 1003//995 1004//996
f 982//971 981//994 996//997 997//998
f 990//968 989//967 1004//996 1005//999
f 983//972 982//971 997//998 998//1000
f 991//974 990//968 1005//999 1006//1001
f 984//976 983//972 998//1000 999//1002
f 992//978 991//974 1006//1001 1007//1003
f 985//980 984//976 999//1002 1000//1004
f 993//982 992//978 1007//1003 1008//1005
f 986//984 985//980 1000//1004 1001//1006
f 994//986 993//982 1008//1005 1009//1007
f 987//988 986//984 1001//1006 1002//1008
f 988//990 987//988 1002//1008 1003//995
f 981//994 980//993 995//1009 996//997
f 1008//1005 1007//1003 1022//1010 1023//1011
f 1001//1006 1000//1004 1015//1012 1016//1013
f 1009//1007 1008//1005 1023//1011 1024//1014
f 1002//1008 1001//1006 1016//1013 1017//1015
f 1003//995 1002//1008 1017//1015 1018//1016
f 996//997 995//1009 1010//1017 1011//1018
f 1004//996 1003//995 1018//1016 1019//1019
f 997//998 996//997 1011//1018 1012//1020
f 1005//999 1004//996 1019//1019 1020//1021
f 998//1000 997//998 1012//1020 1013//1022
f 1006//1001 1005//999 1020//1021 1021//1023
f 999//1002 998//1000 1013//1022 1014//1024
f 1007//1003 1006//1001 1021//1023 1022//1010
f 1000//1004 999//1002 1014//1024 1015//1012
f 1012//1020 1011//1018 1026//1025 1027//1026
f 1020//1021 1019//1019 1034//1027 1035//1028
f 1013//1022 1012//1020 1027//1026 1028//1029
f 1021//1023 1020//1021 1035//1028 1036//1030
f 1014//1024 1013//1022 1028//1029 1029//1031
f 1022//1010 1021//1023 1036//1030 1037//1032
f 1015//1012 1014//1024 1029//1031 1030//1033
f 1023//1011 1022//1010 1037//1032 1038//1034
f 1016//1013 1015//1012 1030//1033 1031//1035
f 1024//1014 1023//1011 1038//1034 1039//1036
f 1017//1015 1016//1013 1031//1035 1032//1037
f 1018//1016 1017//1015 1032//1037 1033//1038
f 1011//1018 1010//1017 1025//1039 1026//1025
f 1019//1019 1018//1016 1033//1038 1034//1027
f 1031//1035 1030//1033 1045//1040 1046//1041
f 1039//1036 1038//1034 1053//1042 1054//1043
f 1032//1037 1031//1035 1046//1041 1047//1044
f 1033//1038 1032//1037 1047//1044 1048//1045
f 1026//1025 1025//1039 1040//1046 1041//1047
f 1034//1027 1033//1038 1048//1045 1049//1048
f 1027//1026 1026//1025 1041//1047 1042//1049
f 1035//1028 1034//1027 1049//1048 1050//1050
f 1028//1029 1027//1026 1042//1049 1043//1051
f 1036//1030 1035//1028 1050//1050 1051//1052
f 1029//1031 1028//1029 1043//1051 1044//1053
f 1037//1032 1036//1030 1051//1052 1052//1054
f 1030//1033 1029//1031 1044//1053 1045//1040
f 1038//1034 1037//1032 1052//1054 1053//1042
f 1050//1050 1049//1048 1064//1055 1065//1056
f 1043//1051 1042//1049 1057//1057 1058//1058
f 1051//1052 1050//1050 1065//1056 1066//1059
f 1044//1053 1043//1051 1058//1058 1059//1060
f 1052//1054 1051//1052 1066//1059 1067//1061
f 1045//1040 1044//1053 1059//1060 1060//1062
f 1053//1042 1052//1054 1067//1061 1068//1063
f 1046//1041 1045//1040 1060//1062 1061//1064
f 1054//1043 1053//1042 1068//1063 1069//1065
f 1047//1044 1046//1041 1061//1064 1062//1066
f 1048//1045 1047//1044 1062//1066 1063//1067
f 1041//1047 1040//1046 1055//1068 1056//1069
f 1049//1048 1048//1045 1063//1067 1064//1055
f 1042//1049 1041//1047 1056//1069 1057//1057
f 1069//1065 1068//1063 1083//1070 1084//1071
f 1062//1066 1061//1064 1076//1072 1077//1073
f 1063//1067 1062//1066 1077//1073 1078//1074
f 1056//1069 1055//1068 1070//1075 1071//1076
f 1064//1055 1063//1067 1078//1074 1079//1077
f 1057//1057 1056//1069 1071//1076 1072//1078
f 1065//1056 1064//1055 1079//1077 1080//1079
f 1058//1058 1057//1057 1072//1078 1073//1080
f 1066//1059 1065//1056 1080//1079 1081//1081
f 1059//1060 1058//1058 1073//1080 1074//1082
f 1067//1061 1066//1059 1081//1081 1082//1083
f 1060//1062 1059//1060 1074//1082 1075//1084
f 1068//1063 1067//1061 1082//1083 1083//1070
f 1061//1064 1060//1062 1075//1084 1076//1072
f 1073//1080 1072//1078 1087//1085 1088//1086
f 1081//1081 1080//1079 1095//1087 1096//1088
f 1074//1082 1073//1080 1088//1086 1089//1089
f 1082//1083 1081//1081 1096//1088 1097//1090
f 1075//1084 1074//1082 1089//1089 1090//1091
f 1083//1070 1082//1083 1097//1090 1098//1092
f 1076//1072 1075//1084 1090//1091 1091//1093
f 1084//1071 1083//1070 1098//1092 1099//1094
f 1077//1073 1076//1072 1091//1093 1092//1095
f 1078//1074 1077//1073 1092//1095 1093//1096
f 1071//1076 1070//1075 1085//1097 1086//1098
f 1079//1077 1078//1074 1093//1096 1094//1099
f 1072//1078 1071//1076 1086//1098 1087//1085
f 1080//1079 1079//1077 1094//1099 1095//1087
f 1092//1095 1091//1093 1106//1100 1107//1101
f 1093//1096 1092//1095 1107//1101 1108//1102
f 1086//1098 1085//1097 1100//1103 1101//1104
f 1094//1099 1093//1096 1108//1102 1109//1105
f 1087//1085 1086//1098 1101//1104 1102//1106
f 1095//1087 1094//1099 1109//1105 1110//1107
f 1088//1086 1087//1085 1102//1106 1103//1108
f 1096//1088 1095//1087 1110//1107 1111//1109
f 1089//1089 1088//1086 1103//1108 1104//1110
f 1097//1090 1096//1088 1111//1109 1112//1111
f 1090//1091 1089//1089 1104//1110 1105//1112
f 1098//1092 1097//1090 1112//1111 1113//1113
f 1091//1093 1090//1091 1105//1112 1106//1100
f 1099//1094 1098//1092 1113//1113 1114//1114
f 1111//1109 1110//1107 1125//1115 1126//1116
f 1104//1110 1103//1108 1118//1117 1119//1118
f 1112//1111 1111//1109 1126//1116 1127//1119
f 1105//1112 1104//1110 1119//1118 1120//1120
f 1113//1113 1112//1111 1127//1119 1128//1121
f 1106//1100 1105//1112 1120//1120 1121//1122
f 1114//1114 1113//1113 1128//1121 1129//1123
f 1107//1101 1106//1100 1121//1122 1122//1124
f 1108//1102 1107//1101 1122//1124 1123//1125
f 1101//1104 1100//1103 1115//1126 1116//1127
f 1109//1105 1108//1102 1123//1125 1124//1128
f 1102//1106 1101//1104 1116//1127 1117//1129
f 1110//1107 1109//1105 1124//1128 1125//1115
f 1103//1108 1102//1106 1117//1129 1118//1117
f 1123//1125 1122//1124 1137//1130 1138//1131
f 1116//1127 1115//1126 1130//1132 1131//1133
f 1124//1128 1123//1125 1138//1131 1139//1134
f 1117//1129 1116//1127 1131//1133 1132//1135
f 1125//1115 1124//1128 1139//1134 1140//1136
f 1118//1117 1117//1129 1132//1135 1133//1137
f 1126//1116 1125//1115 1140//1136 1141//1138
f 1119//1118 1118//1117 1133//1137 1134//1139
f 1127//1119 1126//1116 1141//1138 1142//1140
f 1120//1120 1119//1118 1134//1139 1135//1141
f 1128//1121 1127//1119 1142//1140 1143//1142
f 1121//1122 1120//1120 1135//1141 1136//1143
f 1129//1123 1128//1121 1143//1142 1144//1144
f 1122//1124 1121//1122 1136//1143 1137//1130
f 1142//1140 1141//1138 1156//1145 1157//1146
f 1135//1141 1134//1139 1149//1147 1150//1148
f 1143//1142 1142//1140 1157//1146 1158//1149
f 1136//1143 1135//1141 1150//1148 1151//1150
f 1144//1144 1143//1142 1158//1149 1159//1151
f 1137//1130 1136//1143 1151//1150 1152//1152
f 1138//1131 1137//1130 1152//1152 1153//1153
f 1131//1133 1130//1132 1145//1154 1146//1155
f 1139//1134 1138//1131 1153//1153 1154//1156
f 1132//1135 1131//1133 1146//1155 1147//1157
f 1140//1136 1139//1134 1154//1156 1155//1158
f 1133//1137 1132//1135 1147//1157 1148//1159
f 1141//1138 1140//1136 1155//1158 1156//1145
f 1134//1139 1133//1137 1148//1159 1149//1147
f 1146//1155 1145//1154 1160//1160 1161//1161
f 1154//1156 1153//1153 1168//1162 1169//1163
f 1147//1157 1146//1155 1161//1161 1162//1164
f 1155//1158 1154//1156 1169//1163 1170//1165
f 1148//1159 1147//1157 1162//1164 1163//1166
f 1156//1145 1155//1158 1170//1165 1171//1167
f 1149//1147 1148//1159 1163//1166 1164//1168
f 1157//1146 1156//1145 1171//1167 1172//1169
f 1150//1148 1149//1147 1164//1168 1165//1170
f 1158//1149 1157//1146 1172//1169 1173//1171
f 1151//1150 1150//1148 1165//1170 1166//1172
f 1159//1151 1158//1149 1173//1171 1174//1173
f 1152//1152 1151//1150 1166//1172 1167//1174
f 1153//1153 1152//1152 1167//1174 1168//1162
f 1165//1170 1164//1168 1179//1175 1180//1176
f 1173//1171 1172//1169 1187//1177 1188//1178
f 1166//1172 1165//1170 1180//1176 1181//1179
f 1174//1173 1173//1171 1188//1178 1189//1180
f 1167//1174 1166//1172 1181//1179 1182//1181
f 1168//1162 1167//1174 1182//1181 1183//1182
f 1161//1161 1160//1160 1175//1183 1176//1184
f 1169//1163 1168//1162 1183//1182 1184//1185
f 1162//1164 1161//1161 1176//1184 1177//1186
f 1170//1165 1169//1163 1184//1185 1185//1187
f 1163//1166 1162//1164 1177//1186 1178//1188
f 1171//1167 1170//1165 1185//1187 1186//1189
f 1164//1168 1163//1166 1178//1188 1179//1175
f 1172//1169 1171//1167 1186//1189 1187//1177
f 1184//1185 1183//1182 1198//1190 1199//1191
f 1177//1186 1176//1184 1191//1192 1192//1193
f 1185//1187 1184//1185 1199//1191 1200//1194
f 1178//1188 1177//1186 1192//1193 1193//1195
f 1186//1189 1185//1187 1200//1194 1201//1196
f 1179//1175 1178//1188 1193//1195 1194//1197
f 1187//1177 1186//1189 1201//1196 1202//1198
f 1180//1176 1179//1175 1194//1197 1195//1199
f 1188//1178 1187//1177 1202//1198 1203//1200
f 1181//1179 1180//1176 1195//1199 1196//1201
f 1189//1180 1188//1178 1203//1200 1204//1202
f 1182//1181 1181//1179 1196//1201 1197//1203
f 1183//1182 1182//1181 1197//1203 1198//1190
f 1176//1184 1175//1183 1190//1204 1191//1192
f 1203//1200 1202//1198 1217//1205 1218//1206
f 1196//1201 1195//1199 1210//1207 1211//1208
f 1204//1202 1203//1200 1218//1206 1219//1209
f 1197//1203 1196//1201 1211//1208 1212//1210
f 1198//1190 1197//1203 1212//1210 1213//1211
f 1191//1192 1190//1204 1205//1212 1206//1213
f 1199//1191 1198//1190 1213//1211 1214//1214
f 1192//1193 1191//1192 1206//1213 1207//1215
f 1200//1194 1199//1191 1214//1214 1215//1216
f 1193//1195 1192//1193 1207//1215 1208//1217
f 1201//1196 1200//1194 1215//1216 1216//1218
f 1194//1197 1193//1195 1208//1217 1209//1219
f 1202//1198 1201//1196 1216//1218 1217//1205
f 1195//1199 1194//1197 1209//1219 1210//1207
f 1207//1215 1206//1213 1221//1220 1222//1221
f 1215//1216 1214//1214 1229//1222 1230//1223
f 1208//1217 1207//1215 1222//1221 1223//1224
f 1216//1218 1215//1216 1230//1223 1231//1225
f 1209//1219 1208//1217 1223//1224 1224//1226
f 1217//1205 1216//1218 1231//1225 1232//1227
f 1210//1207 1209//1219 1224//1226 1225//1228
f 1218//1206 1217//1205 1232//1227 1233//1229
f 1211//1208 1210//1207 1225//1228 1226//1230
f 1219//1209 1218//1206 1233//1229 1234//1231
f 1212//1210 1211//1208 1226//1230 1227//1232
f 1213//1211 1212//1210 1227//1232 1228//1233
f 1206//1213 1205//1212 1220//1234 1221//1220
f 1214//1214 1213//1211 1228//1233 1229//1222
f 1226//1230 1225//1228 1240//1235 1241//1236
f 1234//1231 1233//1229 1248//1237 1249//1238
f 1227//1232 1226//1230 1241//1236 1242//1239
f 1228//1233 1227//1232 1242//1239 1243//1240
f 1221//1220 1220//1234 1235//1241 1236//1242
f 1229//1222 1228//1233 1243//1240 1244//1243
f 1222//1221 1221//1220 1236//1242 1237//1244
f 1230//1223 1229//1222 1244//1243 1245//1245
f 1223//1224 1222//1221 1237//1244 1238//1246
f 1231//1225 1230//1223 1245//1245 1246//1247
f 1224//1226 1223//1224 1238//1246 1239//1248
f 1232//1227 1231//1225 1246//1247 1247//1249
f 1225//1228 1224//1226 1239//1248 1240//1235
f 1233//1229 1232//1227 1247//1249 1248//1237
f 1245//1245 1244//1243 1259//1250 1260//1251
f 1238//1246 1237//1244 1252//1252 1253//1253
f 1246//1247 1245//1245 1260//1251 1261//1254
f 1239//1248 1238//1246 1253//1253 1254//1255
f 1247//1249 1246//1247 1261//1254 1262//1256
f 1240//1235 1239//1248 1254//1255 1255//1257
f 1248//1237 1247//1249 1262//1256 1263//1258
f 1241//1236 1240//1235 1255//1257 1256//1259
f 1249//1238 1248//1237 1263//1258 1264//1260
f 1242//1239 1241//1236 1256//1259 1257//1261
f 1243//1240 1242//1239 1257//1261 1258//1262
f 1236//1242 1235//1241 1250//1263 1251//1264
f 1244//1243 1243//1240 1258//1262 1259//1250
f 1237//1244 1236//1242 1251//1264 1252//1252
f 1264//1260 1263//1258 1278//1265 1279//1266
f 1257//1261 1256//1259 1271//1267 1272//1268
f 1258//1262 1257//1261 1272//1268 1273//1269
f 1251//1264 1250//1263 1265//1270 1266//1271
f 1259//1250 1258//1262 1273//1269 1274//1272
f 1252//1252 1251//1264 1266//1271 1267//1273
f 1260//1251 1259//1250 1274//1272 1275//1274
f 1253//1253 1252//1252 1267//1273 1268//1275
f 1261//1254 1260//1251 1275//1274 1276//1276
f 1254//1255 1253//1253 1268//1275 1269//1277
f 1262//1256 1261//1254 1276//1276 1277//1278
f 1255//1257 1254//1255 1269//1277 1270//1279
f 1263//1258 1262//1256 1277//1278 1278//1265
f 1256//1259 1255//1257 1270//1279 1271//1267
f 1276//1276 1275//1274 1290//1280 1291//1281
f 1269//1277 1268//1275 1283//1282 1284//1283
f 1277//1278 1276//1276 1291//1281 1292//1284
f 1270//1279 1269//1277 1284//1283 1285//1285
f 1278//1265 1277//1278 1292//1284 1293//1286
f 1271//1267 1270//1279 1285//1285 1286//1287
f 1279//1266 1278//1265 1293//1286 1294//1288
f 1272//1268 1271//1267 1286//1287 1287//1289
f 1273//1269 1272//1268 1287//1289 1288//1290
f 1266//1271 1265//1270 1280//1291 1281//1292
f 1274//1272 1273//1269 1288//1290 1289//1293
f 1267//1273 1266//1271 1281//1292 1282//1294
f 1275//1274 1274//1272 1289//1293 1290//1280
f 1268//1275 1267//1273 1282//1294 1283//1282
f 1288//1290 1287//1289 1303//1295 1304//1296
f 1281//1292 1280//1291 1296//1297 1297//1298
f 1289//1293 1288//1290 1304//1296 1305//1299
f 1282//1294 1281//1292 1297//1298 1298//1300
f 1290//1280 1289//1293 1305//1299 1306//1301
f 1283//1282 1282//1294 1298//1300 1299//1302
f 1291//1281 1290//1280 1306//1301 1307//1303
f 1284//1283 1283//1282 1299//1302 1300//1304
f 1292//1284 1291//1281 1307//1303 1308//1305
f 1285//1285 1284//1283 1300//1304 1301//1306
f 1293//1286 1292//1284 1308//1305 1309//1307
f 1286//1287 1285//1285 1301//1306 1302//1308
f 1294//1288 1293//1286 1309//1307 1310//1309
f 1287//1289 1286//1287 1302//1308 1303//1295
f 1300//1304 1299//1302 1314//1310 1315//1311
f 1308//1305 1307//1303 1322//1312 1323//1313
f 1301//1306 1300//1304 1315//1311 1316//1314
f 1309//1307 1308//1305 1323//1313 1324//1315
f 1302//1308 1301//1306 1316//1314 1317//1316
f 1310//1309 1309//1307 1324//1315 1325//1317
f 1303//1295 1302//1308 1317//1316 1318//1318
f 1304//1296 1303//1295 1318//1318 1319//1319
f 1297//1298 1296//1297 1311//1320 1312//1321
f 1305//1299 1304//1296 1319//1319 1320//1322
f 1298//1300 1297//1298 1312//1321 1313//1323
f 1306//1301 1305//1299 1320//1322 1321//1324
f 1299//1302 1298//1300 1313//1323 1314//1310
f 1307//1303 1306//1301 1321//1324 1322//1312
f 1319//1319 1318//1318 1333//1325 1334//1326
f 1312//1321 1311//1320 1326//1327 1327//1328
f 1320//1322 1319//1319 1334//1326 1335//1329
f 1313//1323 1312//1321 1327//1328 1328//1330
f 1321//1324 1320//1322 1335//1329 1336//1331
f 1314//1310 1313//1323 1328//1330 1329//1332
f 1322//1312 1321//1324 1336//1331 1337//1333
f 1315//1311 1314//1310 1329//1332 1330//1334
f 1323//1313 1322//1312 1337//1333 1338//1335
f 1316//1314 1315//1311 1330//1334 1331//1336
f 1324//1315 1323//1313 1338//1335 1339//1337
f 1317//1316 1316//1314 1331//1336 1332//1338
f 1325//1317 1324//1315 1339//1337 1340//1339
f 1318//1318 1317//1316 1332//1338 1333//1325
f 1338//1335 1337//1333 1352//1340 1353//1341
f 1331//1336 1330//1334 1345//1342 1346//1343
f 1339//1337 1338//1335 1353//1341 1354//1344
f 1332//1338 1331//1336 1346//1343 1347//1345
f 1340//1339 1339//1337 1354//1344 1355//1346
f 1333//1325 1332//1338 1347//1345 1348//1347
f 1334//1326 1333//1325 1348//1347 1349//1348
f 1327//1328 1326//1327 1341//1349 1342//1350
f 1335//1329 1334//1326 1349//1348 1350//1351
f 1328//1330 1327//1328 1342//1350 1343//1352
f 1336//1331 1335//1329 1350//1351 1351//1353
f 1329//1332 1328//1330 1343//1352 1344//1354
f 1337//1333 1336//1331 1351//1353 1352//1340
f 1330//1334 1329//1332 1344//1354 1345//1342
f 1342//1350 1341//1349 1356//1355 1357//1356
f 1350//1351 1349//1348 1364//1357 1365//1358
f 1343//1352 1342//1350 1357//1356 1358//1359
f 1351//1353 1350//1351 1365//1358 1366//1360
f 1344//1354 1343//1352 1358//1359 1359//1361
f 1352//1340 1351//1353 1366//1360 1367//1362
f 1345//1342 1344//1354 1359//1361 1360//1363
f 1353//1341 1352//1340 1367//1362 1368//1364
f 1346//1343 1345//1342 1360//1363 1361//1365
f 1354//1344 1353//1341 1368//1364 1369//1366
f 1347//1345 1346//1343 1361//1365 1362//1367
f 1355//1346 1354//1344 1369//1366 1370//1368
f 1348//1347 1347//1345 1362//1367 1363//1369
f 1349//1348 1348//1347 1363//1369 1364//1357
f 1361//1365 1360//1363 1375//1370 1376//1371
f 1369//1366 1368//1364 1383//1372 1384//1373
f 1362//1367 1361//1365 1376//1371 1377//1374
f 1370//1368 1369//1366 1384//1373 1385//1375
f 1363//1369 1362//1367 1377//1374 1378//1376
f 1364//1357 1363//1369 1378//1376 1379//1377
f 1357//1356 1356//1355 1371//1378 1372//1379
f 1365//1358 1364//1357 1379//1377 1380//1380
f 1358//1359 1357//1356 1372//1379 1373//1381
f 1366//1360 1365//1358 1380//1380 1381//1382
f 1359//1361 1358//1359 1373//1381 1374//1383
f 1367//1362 1366//1360 1381//1382 1382//1384
f 1360//1363 1359//1361 1374//1383 1375//1370
f 1368//1364 1367//1362 1382//1384 1383//1372
f 1380//1380 1379//1377 1394//1385 1395//1386
f 1373//1381 1372//1379 1387//1387 1388//1388
f 1381//1382 1380//1380 1395//1386 1396//1389
f 1374//1383 1373//1381 1388//1388 1389//1390
f 1382//1384 1381//1382 1396//1389 1397//1391
f 1375//1370 1374//1383 1389//1390 1390//1392
f 1383//1372 1382//1384 1397//1391 1398//1393
f 1376//1371 1375//1370 1390//1392 1391//1394
f 1384//1373 1383//1372 1398//1393 1399//1395
f 1377//1374 1376//1371 1391//1394 1392//1396
f 1385//1375 1384//1373 1399//1395 1400//1397
f 1378//1376 1377//1374 1392//1396 1393//1398
f 1379//1377 1378//1376 1393//1398 1394//1385
f 1372//1379 1371//1378 1386//1399 1387//1387
f 1399//1395 1398//1393 1413//1400 1414//1401
f 1392//1396 1391//1394 1406//1402 1407//1403
f 1400//1397 1399//1395 1414//1401 1415//1404
f 1393//1398 1392//1396 1407//1403 1408//1405
f 1394//1385 1393//1398 1408//1405 1409//1406
f 1387//1387 1386//1399 1401//1407 1402//1408
f 1395//1386 1394//1385 1409//1406 1410//1409
f 1388//1388 1387//1387 1402//1408 1403//1410
f 1396//1389 1395//1386 1410//1409 1411//1411
f 1389//1390 1388//1388 1403//1410 1404//1412
f 1397//1391 1396//1389 1411//1411 1412//1413
f 1390//1392 1389//1390 1404//1412 1405//1414
f 1398//1393 1397//1391 1412//1413 1413//1400
f 1391//1394 1390//1392 1405//1414 1406//1402
f 1411//1411 1410//1409 1426//1415 1427//1416
f 1404//1412 1403//1410 1419//1417 1420//1418
f 1412//1413 1411//1411 1427//1416 1428//1419
f 1405//1414 1404//1412 1420//1418 1421//1420
f 1413//1400 1412//1413 1428//1419 1429//1421
f 1406//1402 1405//1414 1421//1420 1422//1422
f 1414//1401 1413//1400 1429//1421 1430//1423
f 1407//1403 1406//1402 1422//1422 1423//1424
f 1415//1404 1414//1401 1430//1423 1431//1425
f 1408//1405 1407//1403 1423//1424 1424//1426
f 1409//1406 1408//1405 1424//1426 1425//1427
f 1402//1408 1401//1407 1417//1428 1418//1429
f 1410//1409 1409//1406 1425//1427 1426//1415
f 1403//1410 1402//1408 1418//1429 1419//1417
f 1431//1425 1430//1423 1445//1430 1446//1431
f 1424//1426 1423//1424 1438//1432 1439//1433
f 1425//1427 1424//1426 1439//1433 1440//1434
f 1418//1429 1417//1428 1432//1435 1433//1436
f 1426//1415 1425//1427 1440//1434 1441//1437
f 1419//1417 1418//1429 1433//1436 1434//1438
f 1427//1416 1426//1415 1441//1437 1442//1439
f 1420//1418 1419//1417 1434//1438 1435//1440
f 1428//1419 1427//1416 1442//1439 1443//1441
f 1421//1420 1420//1418 1435//1440 1436//1442
f 1429//1421 1428//1419 1443//1441 1444//1443
f 1422//1422 1421//1420 1436//1442 1437//1444
f 1430//1423 1429//1421 1444//1443 1445//1430
f 1423//1424 1422//1422 1437//1444 1438//1432
f 965//992 1416//1445 980//993
f 1295//1446 979//985 994//986
f 980//993 1416//1445 995//1009
f 1295//1446 994//986 1009//1007
f 995//1009 1416//1445 1010//1017
f 1295//1446 1009//1007 1024//1014
f 1010//1017 1416//1445 1025//1039
f 1295//1446 1024//1014 1039//1036
f 1025//1039 1416//1445 1040//1046
f 1295//1446 1039//1036 1054//1043
f 1040//1046 1416//1445 1055//1068
f 1295//1446 1054//1043 1069//1065
f 1055//1068 1416//1445 1070//1075
f 1295//1446 1069//1065 1084//1071
f 1070//1075 1416//1445 1085//1097
f 1295//1446 1084//1071 1099//1094
f 1085//1097 1416//1445 1100//1103
f 1295//1446 1099//1094 1114//1114
f 1100//1103 1416//1445 1115//1126
f 1295//1446 1114//1114 1129//1123
f 1295//1446 1129//1123 1144//1144
f 1115//1126 1416//1445 1130//1132
f 1130//1132 1416//1445 1145//1154
f 1295//1446 1144//1144 1159//1151
f 1145//1154 1416//1445 1160//1160
f 1295//1446 1159//1151 1174//1173
f 1160//1160 1416//1445 1175//1183
f 1295//1446 1174//1173 1189//1180
f 1175//1183 1416//1445 1190//1204
f 1295//1446 1189//1180 1204//1202
f 1190//1204 1416//1445 1205//1212
f 1295//1446 1204//1202 1219//1209
f 1205//1212 1416//1445 1220//1234
f 1295//1446 1219//1209 1234//1231
f 1220//1234 1416//1445 1235//1241
f 1295//1446 1234//1231 1249//1238
f 1235//1241 1416//1445 1250//1263
f 1295//1446 1249//1238 1264//1260
f 1250//1263 1416//1445 1265//1270
f 1295//1446 1264//1260 1279//1266
f 1265//1270 1416//1445 1280//1291
f 1295//1446 1279//1266 1294//1288
f 1280//1291 1416//1445 1296//1297
f 1295//1446 1294//1288 1310//1309
f 1296//1297 1416//1445 1311//1320
f 1295//1446 1310//1309 1325//1317
f 1311//1320 1416//1445 1326//1327
f 1295//1446 1325//1317 1340//1339
f 1326//1327 1416//1445 1341//1349
f 1295//1446 1340//1339 1355//1346
f 1341//1349 1416//1445 1356//1355
f 1295//1446 1355//1346 1370//1368
f 1356//1355 1416//1445 1371//1378
f 1295//1446 1370//1368 1385//1375
f 1371//1378 1416//1445 1386//1399
f 1295//1446 1385//1375 1400//1397
f 1386//1399 1416//1445 1401//1407
f 1295//1446 1400//1397 1415//1404
f 1401//1407 1416//1445 1417//1428
f 1295//1446 1415//1404 1431//1425
f 1417//1428 1416//1445 1432//1435
f 1295//1446 1431//1425 1446//1431
f 1435//1440 1434//1438 967//970 968//969
f 1443//1441 1442//1439 975//965 976//973
f 1436//1442 1435//1440 968//969 969//975
f 1444//1443 1443//1441 976//973 977//977
f 1437//1444 1436//1442 969//975 970//979
f 1445//1430 1444//1443 977//977 978//981
f 1438//1432 1437//1444 970//979 971//983
f 1446//1431 1445//1430 978//981 979//985
f 1439//1433 1438//1432 971//983 972//987
f 1416//1445 965//992 1432//1435
f 1295//1446 1446//1431 979//985
f 1440//1434 1439//1433 972//987 973//989
f 965//992 966//991 1433//1436 1432//1435
f 1441//1437 1440//1434 973//989 974//966
f 1434//1438 1433//1436 966//991 967//970
f 1442//1439 1441//1437 974//966 975//965
l 965 966
l 966 967
l 967 968
l 968 969
l 969 970
l 970 971
l 971 972
l 972 973
l 973 974
l 974 975
l 975 976
l 976 977
l 977 978
l 978 979
l 980 981
l 981 982
l 982 983
l 983 984
l 984 985
l 985 986
l 986 987
l 987 988
l 988 989
l 989 990
l 990 991
l 991 992
l 992 993
l 993 994
l 975 990
l 974 989
l 968 983
l 967 982
l 976 991
l 969 984
l 977 992
l 970 985
l 978 993
l 971 986
l 979 994
l 972 987
l 965 980
l 973 988
l 966 981
l 995 996
l 996 997
l 997 998
l 998 999
l 999 1000
l 1000 1001
l 1001 1002
l 1002 1003
l 1003 1004
l 1004 1005
l 1005 1006
l 1006 1007
l 1007 1008
l 1008 1009
l 989 1004
l 988 1003
l 982 997
l 981 996
l 990 1005
l 983 998
l 991 1006
l 984 999
l 992 1007
l 985 1000
l 993 1008
l 986 1001
l 994 1009
l 987 1002
l 980 995
l 1010 1011
l 1011 1012
l 1012 1013
l 1013 1014
l 1014 1015
l 1015 1016
l 1016 1017
l 1017 1018
l 1018 1019
l 1019 1020
l 1020 1021
l 1021 1022
l 1022 1023
l 1023 1024
l 1008 1023
l 1007 1022
l 1001 1016
l 1000 1015
l 1009 1024
l 1002 1017
l 995 1010
l 1003 1018
l 996 1011
l 1004 1019
l 997 1012
l 1005 1020
l 998 1013
l 1006 1021
l 999 1014
l 1025 1026
l 1026 1027
l 1027 1028
l 1028 1029
l 1029 1030
l 1030 1031
l 1031 1032
l 1032 1033
l 1033 1034
l 1034 1035
l 1035 1036
l 1036 1037
l 1037 1038
l 1038 1039
l 1012 1027
l 1011 1026
l 1020 1035
l 1019 1034
l 1013 1028
l 1021 1036
l 1014 1029
l 1022 1037
l 1015 1030
l 1023 1038
l 1016 1031
l 1024 1039
l 1017 1032
l 1010 1025
l 1018 1033
l 1040 1041
l 1041 1042
l 1042 1043
l 1043 1044
l 1044 1045
l 1045 1046
l 1046 1047
l 1047 1048
l 1048 1049
l 1049 1050
l 1050 1051
l 1051 1052
l 1052 1053
l 1053 1054
l 1031 1046
l 1030 1045
l 1039 1054
l 1038 1053
l 1032 1047
l 1025 1040
l 1033 1048
l 1026 1041
l 1034 1049
l 1027 1042
l 1035 1050
l 1028 1043
l 1036 1051
l 1029 1044
l 1037 1052
l 1055 1056
l 1056 1057
l 1057 1058
l 1058 1059
l 1059 1060
l 1060 1061
l 1061 1062
l 1062 1063
l 1063 1064
l 1064 1065
l 1065 1066
l 1066 1067
l 1067 1068
l 1068 1069
l 1050 1065
l 1049 1064
l 1043 1058
l 1042 1057
l 1051 1066
l 1044 1059
l 1052 1067
l 1045 1060
l 1053 1068
l 1046 1061
l 1054 1069
l 1047 1062
l 1040 1055
l 1048 1063
l 1041 1056
l 1070 1071
l 1071 1072
l 1072 1073
l 1073 1074
l 1074 1075
l 1075 1076
l 1076 1077
l 1077 1078
l 1078 1079
l 1079 1080
l 1080 1081
l 1081 1082
l 1082 1083
l 1083 1084
l 1069 1084
l 1068 1083
l 1062 1077
l 1061 1076
l 1055 1070
l 1063 1078
l 1056 1071
l 1064 1079
l 1057 1072
l 1065 1080
l 1058 1073
l 1066 1081
l 1059 1074
l 1067 1082
l 1060 1075
l 1085 1086
l 1086 1087
l 1087 1088
l 1088 1089
l 1089 1090
l 1090 1091
l 1091 1092
l 1092 1093
l 1093 1094
l 1094 1095
l 1095 1096
l 1096 1097
l 1097 1098
l 1098 1099
l 1073 1088
l 1072 1087
l 1081 1096
l 1080 1095
l 1074 1089
l 1082 1097
l 1075 1090
l 1083 1098
l 1076 1091
l 1084 1099
l 1077 1092
l 1070 1085
l 1078 1093
l 1071 1086
l 1079 1094
l 1100 1101
l 1101 1102
l 1102 1103
l 1103 1104
l 1104 1105
l 1105 1106
l 1106 1107
l 1107 1108
l 1108 1109
l 1109 1110
l 1110 1111
l 1111 1112
l 1112 1113
l 1113 1114
l 1092 1107
l 1091 1106
l 1085 1100
l 1099 1114
l 1093 1108
l 1086 1101
l 1094 1109
l 1087 1102
l 1095 1110
l 1088 1103
l 1096 1111
l 1089 1104
l 1097 1112
l 1090 1105
l 1098 1113
l 1115 1116
l 1116 1117
l 1117 1118
l 1118 1119
l 1119 1120
l 1120 1121
l 1121 1122
l 1122 1123
l 1123 1124
l 1124 1125
l 1125 1126
l 1126 1127
l 1127 1128
l 1128 1129
l 1111 1126
l 1110 1125
l 1104 1119
l 1103 1118
l 1112 1127
l 1105 1120
l 1113 1128
l 1106 1121
l 1114 1129
l 1107 1122
l 1100 1115
l 1108 1123
l 1101 1116
l 1109 1124
l 1102 1117
l 1130 1131
l 1131 1132
l 1132 1133
l 1133 1134
l 1134 1135
l 1135 1136
l 1136 1137
l 1137 1138
l 1138 1139
l 1139 1140
l 1140 1141
l 1141 1142
l 1142 1143
l 1143 1144
l 1129 1144
l 1123 1138
l 1122 1137
l 1116 1131
l 1115 1130
l 1124 1139
l 1117 1132
l 1125 1140
l 1118 1133
l 1126 1141
l 1119 1134
l 1127 1142
l 1120 1135
l 1128 1143
l 1121 1136
l 1145 1146
l 1146 1147
l 1147 1148
l 1148 1149
l 1149 1150
l 1150 1151
l 1151 1152
l 1152 1153
l 1153 1154
l 1154 1155
l 1155 1156
l 1156 1157
l 1157 1158
l 1158 1159
l 1142 1157
l 1141 1156
l 1135 1150
l 1134 1149
l 1143 1158
l 1136 1151
l 1144 1159
l 1137 1152
l 1130 1145
l 1138 1153
l 1131 1146
l 1139 1154
l 1132 1147
l 1140 1155
l 1133 1148
l 1160 1161
l 1161 1162
l 1162 1163
l 1163 1164
l 1164 1165
l 1165 1166
l 1166 1167
l 1167 1168
l 1168 1169
l 1169 1170
l 1170 1171
l 1171 1172
l 1172 1173
l 1173 1174
l 1146 1161
l 1145 1160
l 1154 1169
l 1153 1168
l 1147 1162
l 1155 1170
l 1148 1163
l 1156 1171
l 1149 1164
l 1157 1172
l 1150 1165
l 1158 1173
l 1151 1166
l 1159 1174
l 1152 1167
l 1175 1176
l 1176 1177
l 1177 1178
l 1178 1179
l 1179 1180
l 1180 1181
l 1181 1182
l 1182 1183
l 1183 1184
l 1184 1185
l 1185 1186
l 1186 1187
l 1187 1188
l 1188 1189
l 1165 1180
l 1164 1179
l 1173 1188
l 1172 1187
l 1166 1181
l 1174 1189
l 1167 1182
l 1160 1175
l 1168 1183
l 1161 1176
l 1169 1184
l 1162 1177
l 1170 1185
l 1163 1178
l 1171 1186
l 1190 1191
l 1191 1192
l 1192 1193
l 1193 1194
l 1194 1195
l 1195 1196
l 1196 1197
l 1197 1198
l 1198 1199
l 1199 1200
l 1200 1201
l 1201 1202
l 1202 1203
l 1203 1204
l 1184 1199
l 1183 1198
l 1177 1192
l 1176 1191
l 1185 1200
l 1178 1193
l 1186 1201
l 1179 1194
l 1187 1202
l 1180 1195
l 1188 1203
l 1181 1196
l 1189 1204
l 1182 1197
l 1175 1190
l 1205 1206
l 1206 1207
l 1207 1208
l 1208 1209
l 1209 1210
l 1210 1211
l 1211 1212
l 1212 1213
l 1213 1214
l 1214 1215
l 1215 1216
l 1216 1217
l 1217 1218
l 1218 1219
l 1203 1218
l 1202 1217
l 1196 1211
l 1195 1210
l 1204 1219
l 1197 1212
l 1190 1205
l 1198 1213
l 1191 1206
l 1199 1214
l 1192 1207
l 1200 1215
l 1193 1208
l 1201 1216
l 1194 1209
l 1220 1221
l 1221 1222
l 1222 1223
l 1223 1224
l 1224 1225
l 1225 1226
l 1226 1227
l 1227 1228
l 1228 1229
l 1229 1230
l 1230 1231
l 1231 1232
l 1232 1233
l 1233 1234
l 1207 1222
l 1206 1221
l 1215 1230
l 1214 1229
l 1208 1223
l 1216 1231
l 1209 1224
l 1217 1232
l 1210 1225
l 1218 1233
l 1211 1226
l 1219 1234
l 1212 1227
l 1205 1220
l 1213 1228
l 1235 1236
l 1236 1237
l 1237 1238
l 1238 1239
l 1239 1240
l 1240 1241
l 1241 1242
l 1242 1243
l 1243 1244
l 1244 1245
l 1245 1246
l 1246 1247
l 1247 1248
l 1248 1249
l 1226 1241
l 1225 1240
l 1234 1249
l 1233 1248
l 1227 1242
l 1220 1235
l 1228 1243
l 1221 1236
l 1229 1244
l 1222 1237
l 1230 1245
l 1223 1238
l 1231 1246
l 1224 1239
l 1232 1247
l 1250 1251
l 1251 1252
l 1252 1253
l 1253 1254
l 1254 1255
l 1255 1256
l 1256 1257
l 1257 1258
l 1258 1259
l 1259 1260
l 1260 1261
l 1261 1262
l 1262 1263
l 1263 1264
l 1245 1260
l 1244 1259
l 1238 1253
l 1237 1252
l 1246 1261
l 1239 1254
l 1247 1262
l 1240 1255
l 1248 1263
l 1241 1256
l 1249 1264
l 1242 1257
l 1235 1250
l 1243 1258
l 1236 1251
l 1265 1266
l 1266 1267
l 1267 1268
l 1268 1269
l 1269 1270
l 1270 1271
l 1271 1272
l 1272 1273
l 1273 1274
l 1274 1275
l 1275 1276
l 1276 1277
l 1277 1278
l 1278 1279
l 1264 1279
l 1263 1278
l 1257 1272
l 1256 1271
l 1250 1265
l 1258 1273
l 1251 1266
l 1259 1274
l 1252 1267
l 1260 1275
l 1253 1268
l 1261 1276
l 1254 1269
l 1262 1277
l 1255 1270
l 1280 1281
l 1281 1282
l 1282 1283
l 1283 1284
l 1284 1285
l 1285 1286
l 1286 1287
l 1287 1288
l 1288 1289
l 1289 1290
l 1290 1291
l 1291 1292
l 1292 1293
l 1293 1294
l 1294 1295
l 1276 1291
l 1275 1290
l 1269 1284
l 1268 1283
l 1277 1292
l 1270 1285
l 1278 1293
l 1271 1286
l 1279 1294
l 1272 1287
l 1265 1280
l 1273 1288
l 1266 1281
l 1274 1289
l 1267 1282
l 1296 1297
l 1297 1298
l 1298 1299
l 1299 1300
l 1300 1301
l 1301 1302
l 1302 1303
l 1303 1304
l 1304 1305
l 1305 1306
l 1306 1307
l 1307 1308
l 1308 1309
l 1309 1310
l 1280 1296
l 1294 1310
l 1288 1304
l 1287 1303
l 1281 1297
l 1289 1305
l 1282 1298
l 1290 1306
l 1283 1299
l 1291 1307
l 1284 1300
l 1292 1308
l 1285 1301
l 1293 1309
l 1286 1302
l 1311 1312
l 1312 1313
l 1313 1314
l 1314 1315
l 1315 1316
l 1316 1317
l 1317 1318
l 1318 1319
l 1319 1320
l 1320 1321
l 1321 1322
l 1322 1323
l 1323 1324
l 1324 1325
l 1300 1315
l 1299 1314
l 1308 1323
l 1307 1322
l 1301 1316
l 1309 1324
l 1302 1317
l 1310 1325
l 1303 1318
l 1296 1311
l 1304 1319
l 1297 1312
l 1305 1320
l 1298 1313
l 1306 1321
l 1326 1327
l 1327 1328
l 1328 1329
l 1329 1330
l 1330 1331
l 1331 1332
l 1332 1333
l 1333 1334
l 1334 1335
l 1335 1336
l 1336 1337
l 1337 1338
l 1338 1339
l 1339 1340
l 1319 1334
l 1318 1333
l 1312 1327
l 1311 1326
l 1320 1335
l 1313 1328
l 1321 1336
l 1314 1329
l 1322 1337
l 1315 1330
l 1323 1338
l 1316 1331
l 1324 1339
l 1317 1332
l 1325 1340
l 1341 1342
l 1342 1343
l 1343 1344
l 1344 1345
l 1345 1346
l 1346 1347
l 1347 1348
l 1348 1349
l 1349 1350
l 1350 1351
l 1351 1352
l 1352 1353
l 1353 1354
l 1354 1355
l 1338 1353
l 1337 1352
l 1331 1346
l 1330 1345
l 1339 1354
l 1332 1347
l 1340 1355
l 1333 1348
l 1326 1341
l 1334 1349
l 1327 1342
l 1335 1350
l 1328 1343
l 1336 1351
l 1329 1344
l 1356 1357
l 1357 1358
l 1358 1359
l 1359 1360
l 1360 1361
l 1361 1362
l 1362 1363
l 1363 1364
l 1364 1365
l 1365 1366
l 1366 1367
l 1367 1368
l 1368 1369
l 1369 1370
l 1342 1357
l 1341 1356
l 1350 1365
l 1349 1364
l 1343 1358
l 1351 1366
l 1344 1359
l 1352 1367
l 1345 1360
l 1353 1368
l 1346 1361
l 1354 1369
l 1347 1362
l 1355 1370
l 1348 1363
l 1371 1372
l 1372 1373
l 1373 1374
l 1374 1375
l 1375 1376
l 1376 1377
l 1377 1378
l 1378 1379
l 1379 1380
l 1380 1381
l 1381 1382
l 1382 1383
l 1383 1384
l 1384 1385
l 1361 1376
l 1360 1375
l 1369 1384
l 1368 1383
l 1362 1377
l 1370 1385
l 1363 1378
l 1356 1371
l 1364 1379
l 1357 1372
l 1365 1380
l 1358 1373
l 1366 1381
l 1359 1374
l 1367 1382
l 1386 1387
l 1387 1388
l 1388 1389
l 1389 1390
l 1390 1391
l 1391 1392
l 1392 1393
l 1393 1394
l 1394 1395
l 1395 1396
l 1396 1397
l 1397 1398
l 1398 1399
l 1399 1400
l 1380 1395
l 1379 1394
l 1373 1388
l 1372 1387
l 1381 1396
l 1374 1389
l 1382 1397
l 1375 1390
l 1383 1398
l 1376 1391
l 1384 1399
l 1377 1392
l 1385 1400
l 1378 1393
l 1371 1386
l 1401 1402
l 1402 1403
l 1403 1404
l 1404 1405
l 1405 1406
l 1406 1407
l 1407 1408
l 1408 1409
l 1409 1410
l 1410 1411
l 1411 1412
l 1412 1413
l 1413 1414
l 1414 1415
l 1399 1414
l 1398 1413
l 1392 1407
l 1391 1406
l 1400 1415
l 1393 1408
l 1386 1401
l 1394 1409
l 1387 1402
l 1395 1410
l 1388 1403
l 1396 1411
l 1389 1404
l 1397 1412
l 1390 1405
l 1416 1417
l 1417 1418
l 1418 1419
l 1419 1420
l 1420 1421
l 1421 1422
l 1422 1423
l 1423 1424
l 1424 1425
l 1425 1426
l 1426 1427
l 1427 1428
l 1428 1429
l 1429 1430
l 1430 1431
l 1411 1427
l 1410 1426
l 1404 1420
l 1403 1419
l 1412 1428
l 1405 1421
l 1413 1429
l 1406 1422
l 1414 1430
l 1407 1423
l 1415 1431
l 1408 1424
l 1401 1417
l 1409 1425
l 1402 1418
l 1432 1433
l 1433 1434
l 1434 1435
l 1435 1436
l 1436 1437
l 1437 1438
l 1438 1439
l 1439 1440
l 1440 1441
l 1441 1442
l 1442 1443
l 1443 1444
l 1444 1445
l 1445 1446
l 1431 1446
l 1430 1445
l 1424 1439
l 1423 1438
l 1417 1432
l 1425 1440
l 1418 1433
l 1426 1441
l 1419 1434
l 1427 1442
l 1420 1435
l 1428 1443
l 1421 1436
l 1429 1444
l 1422 1437
l 965 1416
l 979 1295
l 980 1416
l 994 1295
l 995 1416
l 1009 1295
l 1010 1416
l 1024 1295
l 1025 1416
l 1039 1295
l 1040 1416
l 1054 1295
l 1055 1416
l 1069 1295
l 1070 1416
l 1084 1295
l 1085 1416
l 1099 1295
l 1100 1416
l 1114 1295
l 1115 1416
l 1129 1295
l 1130 1416
l 1144 1295
l 1145 1416
l 1159 1295
l 1160 1416
l 1174 1295
l 1175 1416
l 1189 1295
l 1190 1416
l 1204 1295
l 1205 1416
l 1219 1295
l 1220 1416
l 1234 1295
l 1235 1416
l 1249 1295
l 1250 1416
l 1264 1295
l 1265 1416
l 1279 1295
l 1280 1416
l 1296 1416
l 1295 1310
l 1311 1416
l 1295 1325
l 1326 1416
l 1295 1340
l 1341 1416
l 1295 1355
l 1356 1416
l 1295 1370
l 1371 1416
l 1295 1385
l 1386 1416
l 1295 1400
l 1401 1416
l 1295 1415
l 1295 1431
l 1416 1432
l 1295 1446
l 968 1435
l 967 1434
l 976 1443
l 975 1442
l 969 1436
l 977 1444
l 970 1437
l 978 1445
l 971 1438
l 979 1446
l 972 1439
l 965 1432
l 973 1440
l 966 1433
l 974 1441
o Sphere.003
v 0.105376 0.004904 -0.105376
v 0.104713 0.004619 -0.104713
v 0.104102 0.004157 -0.104102
v 0.103566 0.003536 -0.103566
v 0.103126 0.002778 -0.103126
v 0.102800 0.001913 -0.102800
v 0.102598 0.000975 -0.102598
v 0.102530 0.000000 -0.102531
v 0.102598 -0.000975 -0.102598
v 0.102800 -0.001913 -0.102800
v 0.103126 -0.002778 -0.103126
v 0.103566 -0.003536 -0.103566
v 0.104102 -0.004157 -0.104102
v 0.104713 -0.004619 -0.104713
v 0.105376 -0.004904 -0.105376
v 0.105255 0.004904 -0.105524
v 0.104475 0.004619 -0.105003
v 0.103756 0.004157 -0.104523
v 0.103126 0.003536 -0.104102
v 0.102609 0.002778 -0.103756
v 0.102225 0.001913 -0.103500
v 0.101989 0.000975 -0.103342
v 0.101909 0.000000 -0.103288
v 0.101989 -0.000975 -0.103342
v 0.102225 -0.001913 -0.103500
v 0.102609 -0.002778 -0.103756
v 0.103126 -0.003536 -0.104102
v 0.103756 -0.004157 -0.104523
v 0.104475 -0.004619 -0.105003
v 0.105255 -0.004904 -0.105524
v 0.105165 0.004904 -0.105693
v 0.104298 0.004619 -0.105334
v 0.103500 0.004157 -0.105003
v 0.102800 0.003536 -0.104713
v 0.102225 0.002778 -0.104475
v 0.101798 0.001913 -0.104298
v 0.101535 0.000975 -0.104189
v 0.101447 0.000000 -0.104153
v 0.101535 -0.000975 -0.104189
v 0.101798 -0.001913 -0.104298
v 0.102225 -0.002778 -0.104475
v 0.102800 -0.003536 -0.104713
v 0.103500 -0.004157 -0.105003
v 0.104298 -0.004619 -0.105334
v 0.105165 -0.004904 -0.105693
v 0.105109 0.004904 -0.105876
v 0.104189 0.004619 -0.105693
v 0.103342 0.004157 -0.105524
v 0.102598 0.003536 -0.105376
v 0.101989 0.002778 -0.105255
v 0.101535 0.001913 -0.105165
v 0.101256 0.000975 -0.105109
v 0.101162 0.000000 -0.105091
v 0.101256 -0.000975 -0.105109
v 0.101535 -0.001913 -0.105165
v 0.101989 -0.002778 -0.105255
v 0.102598 -0.003536 -0.105376
v 0.103342 -0.004157 -0.105524
v 0.104189 -0.004619 -0.105693
v 0.105109 -0.004904 -0.105876
v 0.105091 0.004904 -0.106066
v 0.104153 0.004619 -0.106066
v 0.103288 0.004157 -0.106066
v 0.102530 0.003536 -0.106066
v 0.101909 0.002778 -0.106066
v 0.101447 0.001913 -0.106066
v 0.101162 0.000975 -0.106066
v 0.101066 0.000000 -0.106066
v 0.101162 -0.000975 -0.106066
v 0.101447 -0.001913 -0.106066
v 0.101909 -0.002778 -0.106066
v 0.102530 -0.003536 -0.106066
v 0.103288 -0.004157 -0.106066
v 0.104153 -0.004619 -0.106066
v 0.105091 -0.004904 -0.106066
v 0.105109 0.004904 -0.106256
v 0.104189 0.004619 -0.106439
v 0.103342 0.004157 -0.106608
v 0.102598 0.003536 -0.106756
v 0.101989 0.002778 -0.106877
v 0.101535 0.001913 -0.106967
v 0.101256 0.000975 -0.107023
v 0.101162 0.000000 -0.107042
v 0.101256 -0.000975 -0.107023
v 0.101535 -0.001913 -0.106967
v 0.101989 -0.002778 -0.106877
v 0.102598 -0.003536 -0.106756
v 0.103342 -0.004157 -0.106608
v 0.104189 -0.004619 -0.106439
v 0.105109 -0.004904 -0.106256
v 0.105165 0.004904 -0.106439
v 0.104298 0.004619 -0.106798
v 0.103500 0.004157 -0.107129
v 0.102800 0.003536 -0.107419
v 0.102225 0.002778 -0.107657
v 0.101798 0.001913 -0.107834
v 0.101535 0.000975 -0.107943
v 0.101447 0.000000 -0.107979
v 0.101535 -0.000975 -0.107943
v 0.101798 -0.001913 -0.107834
v 0.102225 -0.002778 -0.107657
v 0.102800 -0.003536 -0.107419
v 0.103500 -0.004157 -0.107129
v 0.104298 -0.004619 -0.106798
v 0.105165 -0.004904 -0.106439
v 0.105255 0.004904 -0.106608
v 0.104475 0.004619 -0.107129
v 0.103756 0.004157 -0.107609
v 0.103126 0.003536 -0.108030
v 0.102609 0.002778 -0.108376
v 0.102225 0.001913 -0.108632
v 0.101989 0.000975 -0.108791
v 0.101909 0.000000 -0.108844
v 0.101989 -0.000975 -0.108791
v 0.102225 -0.001913 -0.108632
v 0.102609 -0.002778 -0.108376
v 0.103126 -0.003536 -0.108030
v 0.103756 -0.004157 -0.107609
v 0.104475 -0.004619 -0.107129
v 0.105255 -0.004904 -0.106608
v 0.105376 0.004904 -0.106756
v 0.104713 0.004619 -0.107419
v 0.104102 0.004157 -0.108030
v 0.103566 0.003536 -0.108566
v 0.103126 0.002778 -0.109006
v 0.102800 0.001913 -0.109332
v 0.102598 0.000975 -0.109534
v 0.102530 0.000000 -0.109602
v 0.102598 -0.000975 -0.109534
v 0.102800 -0.001913 -0.109332
v 0.103126 -0.002778 -0.109006
v 0.103566 -0.003536 -0.108566
v 0.104102 -0.004157 -0.108030
v 0.104713 -0.004619 -0.107419
v 0.105376 -0.004904 -0.106756
v 0.105524 0.004904 -0.106877
v 0.105003 0.004619 -0.107657
v 0.104523 0.004157 -0.108376
v 0.104102 0.003536 -0.109006
v 0.103756 0.002778 -0.109523
v 0.103500 0.001913 -0.109907
v 0.103342 0.000975 -0.110144
v 0.103288 0.000000 -0.110223
v 0.103342 -0.000975 -0.110144
v 0.103500 -0.001913 -0.109907
v 0.103756 -0.002778 -0.109523
v 0.104102 -0.003536 -0.109006
v 0.104523 -0.004157 -0.108376
v 0.105003 -0.004619 -0.107657
v 0.105524 -0.004904 -0.106877
v 0.105693 0.004904 -0.106967
v 0.105334 0.004619 -0.107834
v 0.105003 0.004157 -0.108632
v 0.104713 0.003536 -0.109332
v 0.104475 0.002778 -0.109907
v 0.104298 0.001913 -0.110334
v 0.104189 0.000975 -0.110597
v 0.104153 0.000000 -0.110685
v 0.104189 -0.000975 -0.110597
v 0.104298 -0.001913 -0.110334
v 0.104475 -0.002778 -0.109907
v 0.104713 -0.003536 -0.109332
v 0.105003 -0.004157 -0.108632
v 0.105334 -0.004619 -0.107834
v 0.105693 -0.004904 -0.106967
v 0.105876 0.004904 -0.107023
v 0.105693 0.004619 -0.107943
v 0.105524 0.004157 -0.108791
v 0.105376 0.003536 -0.109534
v 0.105255 0.002778 -0.110144
v 0.105165 0.001913 -0.110597
v 0.105109 0.000975 -0.110876
v 0.105091 0.000000 -0.110970
v 0.105109 -0.000975 -0.110876
v 0.105165 -0.001913 -0.110597
v 0.105255 -0.002778 -0.110144
v 0.105376 -0.003536 -0.109534
v 0.105524 -0.004157 -0.108791
v 0.105693 -0.004619 -0.107943
v 0.105876 -0.004904 -0.107023
v 0.106066 0.004904 -0.107042
v 0.106066 0.004619 -0.107979
v 0.106066 0.004157 -0.108844
v 0.106066 0.003536 -0.109602
v 0.106066 0.002778 -0.110223
v 0.106066 0.001913 -0.110685
v 0.106066 0.000975 -0.110970
v 0.106066 0.000000 -0.111066
v 0.106066 -0.000975 -0.110970
v 0.106066 -0.001913 -0.110685
v 0.106066 -0.002778 -0.110223
v 0.106066 -0.003536 -0.109602
v 0.106066 -0.004157 -0.108844
v 0.106066 -0.004619 -0.107979
v 0.106066 -0.004904 -0.107042
v 0.106256 0.004904 -0.107023
v 0.106439 0.004619 -0.107943
v 0.106608 0.004157 -0.108791
v 0.106756 0.003536 -0.109534
v 0.106877 0.002778 -0.110144
v 0.106967 0.001913 -0.110597
v 0.107023 0.000975 -0.110876
v 0.107041 0.000000 -0.110970
v 0.107023 -0.000975 -0.110876
v 0.106967 -0.001913 -0.110597
v 0.106877 -0.002778 -0.110144
v 0.106756 -0.003536 -0.109534
v 0.106608 -0.004157 -0.108791
v 0.106439 -0.004619 -0.107943
v 0.106256 -0.004904 -0.107023
v 0.106439 0.004904 -0.106967
v 0.106798 0.004619 -0.107834
v 0.107129 0.004157 -0.108632
v 0.107419 0.003536 -0.109332
v 0.107657 0.002778 -0.109907
v 0.107834 0.001913 -0.110334
v 0.107943 0.000975 -0.110597
v 0.107979 0.000000 -0.110685
v 0.107943 -0.000975 -0.110597
v 0.107834 -0.001913 -0.110334
v 0.107657 -0.002778 -0.109907
v 0.107419 -0.003536 -0.109332
v 0.107129 -0.004157 -0.108632
v 0.106798 -0.004619 -0.107834
v 0.106439 -0.004904 -0.106967
v 0.106608 0.004904 -0.106877
v 0.107129 0.004619 -0.107657
v 0.107609 0.004157 -0.108376
v 0.108030 0.003536 -0.109006
v 0.108376 0.002778 -0.109523
v 0.108632 0.001913 -0.109907
v 0.108790 0.000975 -0.110144
v 0.108844 0.000000 -0.110223
v 0.108790 -0.000975 -0.110144
v 0.108632 -0.001913 -0.109907
v 0.108376 -0.002778 -0.109523
v 0.108030 -0.003536 -0.109006
v 0.107609 -0.004157 -0.108376
v 0.107129 -0.004619 -0.107657
v 0.106608 -0.004904 -0.106877
v 0.106756 0.004904 -0.106756
v 0.107419 0.004619 -0.107419
v 0.108030 0.004157 -0.108030
v 0.108566 0.003536 -0.108566
v 0.109006 0.002778 -0.109006
v 0.109332 0.001913 -0.109332
v 0.109534 0.000975 -0.109534
v 0.109602 0.000000 -0.109602
v 0.109534 -0.000975 -0.109534
v 0.109332 -0.001913 -0.109332
v 0.109006 -0.002778 -0.109006
v 0.108566 -0.003536 -0.108566
v 0.108030 -0.004157 -0.108030
v 0.107419 -0.004619 -0.107419
v 0.106756 -0.004904 -0.106756
v 0.106877 0.004904 -0.106608
v 0.107657 0.004619 -0.107129
v 0.108376 0.004157 -0.107609
v 0.109006 0.003536 -0.108030
v 0.109523 0.002778 -0.108376
v 0.109907 0.001913 -0.108632
v 0.110143 0.000975 -0.108791
v 0.110223 0.000000 -0.108844
v 0.110143 -0.000975 -0.108791
v 0.109907 -0.001913 -0.108632
v 0.109523 -0.002778 -0.108376
v 0.109006 -0.003536 -0.108030
v 0.108376 -0.004157 -0.107609
v 0.107657 -0.004619 -0.107129
v 0.106877 -0.004904 -0.106608
v 0.106967 0.004904 -0.106439
v 0.107834 0.004619 -0.106798
v 0.108632 0.004157 -0.107129
v 0.109332 0.003536 -0.107419
v 0.109907 0.002778 -0.107657
v 0.110334 0.001913 -0.107834
v 0.110597 0.000975 -0.107943
v 0.110685 0.000000 -0.107979
v 0.110597 -0.000975 -0.107943
v 0.110334 -0.001913 -0.107834
v 0.109907 -0.002778 -0.107657
v 0.109332 -0.003536 -0.107419
v 0.108632 -0.004157 -0.107129
v 0.107834 -0.004619 -0.106798
v 0.106967 -0.004904 -0.106439
v 0.107023 0.004904 -0.106256
v 0.107943 0.004619 -0.106439
v 0.108790 0.004157 -0.106608
v 0.109534 0.003536 -0.106756
v 0.110143 0.002778 -0.106877
v 0.110597 0.001913 -0.106967
v 0.110876 0.000975 -0.107023
v 0.110970 0.000000 -0.107042
v 0.110876 -0.000975 -0.107023
v 0.110597 -0.001913 -0.106967
v 0.110143 -0.002778 -0.106877
v 0.109534 -0.003536 -0.106756
v 0.108790 -0.004157 -0.106608
v 0.107943 -0.004619 -0.106439
v 0.107023 -0.004904 -0.106256
v 0.107041 0.004904 -0.106066
v 0.107979 0.004619 -0.106066
v 0.108844 0.004157 -0.106066
v 0.109602 0.003536 -0.106066
v 0.110223 0.002778 -0.106066
v 0.110685 0.001913 -0.106066
v 0.110970 0.000975 -0.106066
v 0.111066 0.000000 -0.106066
v 0.110970 -0.000975 -0.106066
v 0.110685 -0.001913 -0.106066
v 0.110223 -0.002778 -0.106066
v 0.109602 -0.003536 -0.106066
v 0.108844 -0.004157 -0.106066
v 0.107979 -0.004619 -0.106066
v 0.107041 -0.004904 -0.106066
v 0.107023 0.004904 -0.105876
v 0.107943 0.004619 -0.105693
v 0.108790 0.004157 -0.105524
v 0.109534 0.003536 -0.105376
v 0.110143 0.002778 -0.105255
v 0.110597 0.001913 -0.105165
v 0.110876 0.000975 -0.105109
v 0.110970 0.000000 -0.105091
v 0.110876 -0.000975 -0.105109
v 0.110597 -0.001913 -0.105165
v 0.110143 -0.002778 -0.105255
v 0.109534 -0.003536 -0.105376
v 0.108790 -0.004157 -0.105524
v 0.107943 -0.004619 -0.105693
v 0.107023 -0.004904 -0.105876
v 0.106066 -0.005000 -0.106066
v 0.106967 0.004904 -0.105693
v 0.107834 0.004619 -0.105334
v 0.108632 0.004157 -0.105003
v 0.109332 0.003536 -0.104713
v 0.109907 0.002778 -0.104475
v 0.110334 0.001913 -0.104298
v 0.110597 0.000975 -0.104189
v 0.110685 0.000000 -0.104153
v 0.110597 -0.000975 -0.104189
v 0.110334 -0.001913 -0.104298
v 0.109907 -0.002778 -0.104475
v 0.109332 -0.003536 -0.104713
v 0.108632 -0.004157 -0.105003
v 0.107834 -0.004619 -0.105334
v 0.106967 -0.004904 -0.105693
v 0.106877 0.004904 -0.105524
v 0.107657 0.004619 -0.105003
v 0.108376 0.004157 -0.104523
v 0.109006 0.003536 -0.104102
v 0.109523 0.002778 -0.103756
v 0.109907 0.001913 -0.103500
v 0.110143 0.000975 -0.103342
v 0.110223 0.000000 -0.103288
v 0.110143 -0.000975 -0.103342
v 0.109907 -0.001913 -0.103500
v 0.109523 -0.002778 -0.103756
v 0.109006 -0.003536 -0.104102
v 0.108376 -0.004157 -0.104523
v 0.107657 -0.004619 -0.105003
v 0.106877 -0.004904 -0.105524
v 0.106756 0.004904 -0.105376
v 0.107419 0.004619 -0.104713
v 0.108030 0.004157 -0.104102
v 0.108566 0.003536 -0.103566
v 0.109006 0.002778 -0.103126
v 0.109332 0.001913 -0.102800
v 0.109534 0.000975 -0.102598
v 0.109602 0.000000 -0.102531
v 0.109534 -0.000975 -0.102598
v 0.109332 -0.001913 -0.102800
v 0.109006 -0.002778 -0.103126
v 0.108566 -0.003536 -0.103566
v 0.108030 -0.004157 -0.104102
v 0.107419 -0.004619 -0.104713
v 0.106756 -0.004904 -0.105376
v 0.106608 0.004904 -0.105255
v 0.107129 0.004619 -0.104475
v 0.107609 0.004157 -0.103756
v 0.108030 0.003536 -0.103126
v 0.108376 0.002778 -0.102609
v 0.108632 0.001913 -0.102225
v 0.108790 0.000975 -0.101989
v 0.108844 0.000000 -0.101909
v 0.108790 -0.000975 -0.101989
v 0.108632 -0.001913 -0.102225
v 0.108376 -0.002778 -0.102609
v 0.108030 -0.003536 -0.103126
v 0.107609 -0.004157 -0.103756
v 0.107129 -0.004619 -0.104475
v 0.106608 -0.004904 -0.105255
v 0.106439 0.004904 -0.105165
v 0.106798 0.004619 -0.104298
v 0.107129 0.004157 -0.103500
v 0.107419 0.003536 -0.102800
v 0.107657 0.002778 -0.102225
v 0.107834 0.001913 -0.101798
v 0.107943 0.000975 -0.101535
v 0.107979 0.000000 -0.101447
v 0.107943 -0.000975 -0.101535
v 0.107834 -0.001913 -0.101798
v 0.107657 -0.002778 -0.102225
v 0.107419 -0.003536 -0.102800
v 0.107129 -0.004157 -0.103500
v 0.106798 -0.004619 -0.104298
v 0.106439 -0.004904 -0.105165
v 0.106256 0.004904 -0.105109
v 0.106439 0.004619 -0.104189
v 0.106608 0.004157 -0.103342
v 0.106756 0.003536 -0.102598
v 0.106877 0.002778 -0.101989
v 0.106967 0.001913 -0.101535
v 0.107023 0.000975 -0.101256
v 0.107041 0.000000 -0.101162
v 0.107023 -0.000975 -0.101256
v 0.106967 -0.001913 -0.101535
v 0.106877 -0.002778 -0.101989
v 0.106756 -0.003536 -0.102598
v 0.106608 -0.004157 -0.103342
v 0.106439 -0.004619 -0.104189
v 0.106256 -0.004904 -0.105109
v 0.106066 0.004904 -0.105091
v 0.106066 0.004619 -0.104153
v 0.106066 0.004157 -0.103288
v 0.106066 0.003536 -0.102531
v 0.106066 0.002778 -0.101909
v 0.106066 0.001913 -0.101447
v 0.106066 0.000975 -0.101162
v 0.106066 0.000000 -0.101066
v 0.106066 -0.000975 -0.101162
v 0.106066 -0.001913 -0.101447
v 0.106066 -0.002778 -0.101909
v 0.106066 -0.003536 -0.102531
v 0.106066 -0.004157 -0.103288
v 0.106066 -0.004619 -0.104153
v 0.106066 -0.004904 -0.105091
v 0.105876 0.004904 -0.105109
v 0.105693 0.004619 -0.104189
v 0.105524 0.004157 -0.103342
v 0.105376 0.003536 -0.102598
v 0.105255 0.002778 -0.101989
v 0.105165 0.001913 -0.101535
v 0.105109 0.000975 -0.101256
v 0.105091 0.000000 -0.101162
v 0.105109 -0.000975 -0.101256
v 0.105165 -0.001913 -0.101535
v 0.105255 -0.002778 -0.101989
v 0.105376 -0.003536 -0.102598
v 0.105524 -0.004157 -0.103342
v 0.105693 -0.004619 -0.104189
v 0.105876 -0.004904 -0.105109
v 0.106066 0.005000 -0.106066
v 0.105693 0.004904 -0.105165
v 0.105334 0.004619 -0.104298
v 0.105003 0.004157 -0.103500
v 0.104713 0.003536 -0.102800
v 0.104475 0.002778 -0.102225
v 0.104298 0.001913 -0.101798
v 0.104189 0.000975 -0.101535
v 0.104153 0.000000 -0.101447
v 0.104189 -0.000975 -0.101535
v 0.104298 -0.001913 -0.101798
v 0.104475 -0.002778 -0.102225
v 0.104713 -0.003536 -0.102800
v 0.105003 -0.004157 -0.103500
v 0.105334 -0.004619 -0.104298
v 0.105693 -0.004904 -0.105165
v 0.105524 0.004904 -0.105255
v 0.105003 0.004619 -0.104475
v 0.104523 0.004157 -0.103756
v 0.104102 0.003536 -0.103126
v 0.103756 0.002778 -0.102609
v 0.103500 0.001913 -0.102225
v 0.103342 0.000975 -0.101989
v 0.103288 0.000000 -0.101909
v 0.103342 -0.000975 -0.101989
v 0.103500 -0.001913 -0.102225
v 0.103756 -0.002778 -0.102609
v 0.104102 -0.003536 -0.103126
v 0.104523 -0.004157 -0.103756
v 0.105003 -0.004619 -0.104475
v 0.105524 -0.004904 -0.105255
vn -0.5893 -0.5528 0.5893
vn -0.6539 -0.3805 0.6539
vn -0.7689 -0.3805 0.5137
vn -0.6929 -0.5528 0.4630
vn -0.5021 0.7040 0.5021
vn -0.3958 0.8286 0.3958
vn -0.4654 0.8286 0.3110
vn -0.5904 0.7040 0.3945
vn -0.5021 -0.7040 0.5021
vn -0.5904 -0.7040 0.3945
vn -0.5893 0.5528 0.5893
vn -0.6929 0.5528 0.4630
vn -0.3958 -0.8286 0.3958
vn -0.4654 -0.8286 0.3110
vn -0.6539 0.3805 0.6539
vn -0.7689 0.3805 0.5137
vn -0.2743 -0.9217 0.2743
vn -0.3225 -0.9217 0.2155
vn -0.6937 0.1939 0.6937
vn -0.8157 0.1939 0.5450
vn -0.1421 -0.9796 0.1421
vn -0.1671 -0.9796 0.1116
vn -0.7071 0.0000 0.7071
vn -0.8314 0.0000 0.5556
vn -0.6937 -0.1939 0.6937
vn -0.8157 -0.1939 0.5450
vn -0.2743 0.9217 0.2743
vn -0.1421 0.9796 0.1421
vn -0.1671 0.9796 0.1116
vn -0.3225 0.9217 0.2155
vn -0.9063 -0.1939 0.3754
vn -0.8544 -0.3805 0.3539
vn -0.3583 0.9217 0.1484
vn -0.5171 0.8286 0.2142
vn -0.7699 -0.5528 0.3189
vn -0.6561 0.7040 0.2717
vn -0.6561 -0.7040 0.2717
vn -0.7699 0.5528 0.3189
vn -0.5171 -0.8286 0.2142
vn -0.8544 0.3805 0.3539
vn -0.3583 -0.9217 0.1484
vn -0.9063 0.1939 0.3754
vn -0.1856 -0.9796 0.0769
vn -0.9239 0.0000 0.3827
vn -0.1856 0.9796 0.0769
vn -0.5490 -0.8286 0.1092
vn -0.3804 -0.9217 0.0757
vn -0.9070 0.3805 0.1804
vn -0.9622 0.1939 0.1914
vn -0.1971 -0.9796 0.0392
vn -0.9808 0.0000 0.1951
vn -0.9622 -0.1939 0.1914
vn -0.1971 0.9796 0.0392
vn -0.3804 0.9217 0.0757
vn -0.9070 -0.3805 0.1804
vn -0.5490 0.8286 0.1092
vn -0.8173 -0.5528 0.1626
vn -0.6965 0.7040 0.1385
vn -0.6965 -0.7040 0.1385
vn -0.8173 0.5528 0.1626
vn -0.3879 0.9217 0.0000
vn -0.5598 0.8286 0.0000
vn -0.9247 -0.3805 0.0000
vn -0.8333 -0.5528 0.0000
vn -0.7101 0.7040 0.0000
vn -0.7101 -0.7040 0.0000
vn -0.8333 0.5528 0.0000
vn -0.5598 -0.8286 0.0000
vn -0.9247 0.3805 0.0000
vn -0.3879 -0.9217 0.0000
vn -0.9810 0.1939 0.0000
vn -0.2010 -0.9796 0.0000
vn -1.0000 0.0000 0.0000
vn -0.9810 -0.1939 0.0000
vn -0.2010 0.9796 0.0000
vn -0.9070 0.3805 -0.1804
vn -0.9622 0.1939 -0.1914
vn -0.3804 -0.9217 -0.0757
vn -0.1971 -0.9796 -0.0392
vn -0.9808 0.0000 -0.1951
vn -0.9622 -0.1939 -0.1914
vn -0.1971 0.9796 -0.0392
vn -0.3804 0.9217 -0.0757
vn -0.9070 -0.3805 -0.1804
vn -0.5490 0.8286 -0.1092
vn -0.8173 -0.5528 -0.1626
vn -0.6965 0.7040 -0.1385
vn -0.6965 -0.7040 -0.1385
vn -0.8173 0.5528 -0.1626
vn -0.5490 -0.8286 -0.1092
vn -0.8544 -0.3805 -0.3539
vn -0.7699 -0.5528 -0.3189
vn -0.5171 0.8286 -0.2142
vn -0.6561 0.7040 -0.2717
vn -0.6561 -0.7040 -0.2717
vn -0.7699 0.5528 -0.3189
vn -0.5171 -0.8286 -0.2142
vn -0.8544 0.3805 -0.3539
vn -0.3583 -0.9217 -0.1484
vn -0.9063 0.1939 -0.3754
vn -0.1856 -0.9796 -0.0769
vn -0.9239 0.0000 -0.3827
vn -0.9063 -0.1939 -0.3754
vn -0.1857 0.9796 -0.0769
vn -0.3583 0.9217 -0.1484
vn -0.3225 -0.9217 -0.2155
vn -0.1671 -0.9796 -0.1116
vn -0.8157 0.1939 -0.5450
vn -0.8314 0.0000 -0.5556
vn -0.8157 -0.1939 -0.5450
vn -0.1671 0.9796 -0.1116
vn -0.3225 0.9217 -0.2155
vn -0.7689 -0.3805 -0.5137
vn -0.4654 0.8286 -0.3110
vn -0.6929 -0.5528 -0.4630
vn -0.5904 0.7040 -0.3945
vn -0.5904 -0.7040 -0.3945
vn -0.6929 0.5528 -0.4630
vn -0.4654 -0.8286 -0.3110
vn -0.7689 0.3805 -0.5137
vn -0.3958 0.8286 -0.3958
vn -0.5021 0.7040 -0.5021
vn -0.5893 -0.5528 -0.5893
vn -0.5021 -0.7040 -0.5021
vn -0.5893 0.5528 -0.5893
vn -0.3958 -0.8286 -0.3958
vn -0.6539 0.3805 -0.6539
vn -0.2743 -0.9217 -0.2743
vn -0.6937 0.1939 -0.6937
vn -0.1421 -0.9796 -0.1421
vn -0.7071 0.0000 -0.7071
vn -0.6937 -0.1939 -0.6937
vn -0.1421 0.9796 -0.1421
vn -0.2743 0.9217 -0.2743
vn -0.6539 -0.3805 -0.6539
vn -0.5450 0.1939 -0.8157
vn -0.5556 0.0000 -0.8314
vn -0.5450 -0.1939 -0.8157
vn -0.1116 0.9796 -0.1671
vn -0.2155 0.9217 -0.3225
vn -0.5137 -0.3805 -0.7689
vn -0.3110 0.8286 -0.4654
vn -0.4630 -0.5528 -0.6929
vn -0.3945 0.7040 -0.5904
vn -0.3945 -0.7040 -0.5904
vn -0.4630 0.5528 -0.6929
vn -0.3110 -0.8286 -0.4654
vn -0.5137 0.3805 -0.7689
vn -0.2155 -0.9217 -0.3225
vn -0.1116 -0.9796 -0.1671
vn -0.3189 -0.5528 -0.7699
vn -0.2717 -0.7040 -0.6561
vn -0.2717 0.7040 -0.6561
vn -0.3189 0.5528 -0.7699
vn -0.2142 -0.8286 -0.5171
vn -0.3539 0.3805 -0.8544
vn -0.1484 -0.9217 -0.3583
vn -0.3754 0.1939 -0.9063
vn -0.0769 -0.9796 -0.1856
vn -0.3827 0.0000 -0.9239
vn -0.3754 -0.1939 -0.9063
vn -0.0769 0.9796 -0.1856
vn -0.1484 0.9217 -0.3583
vn -0.3539 -0.3805 -0.8544
vn -0.2142 0.8286 -0.5171
vn -0.1951 0.0000 -0.9808
vn -0.1914 -0.1939 -0.9622
vn -0.0392 0.9796 -0.1971
vn -0.0757 0.9217 -0.3804
vn -0.1804 -0.3805 -0.9070
vn -0.1092 0.8286 -0.5490
vn -0.1626 -0.5528 -0.8173
vn -0.1385 0.7040 -0.6965
vn -0.1385 -0.7040 -0.6965
vn -0.1626 0.5528 -0.8173
vn -0.1092 -0.8286 -0.5490
vn -0.1804 0.3805 -0.9070
vn -0.0757 -0.9217 -0.3804
vn -0.1914 0.1939 -0.9622
vn -0.0392 -0.9796 -0.1971
vn 0.0000 -0.7040 -0.7101
vn 0.0000 -0.8286 -0.5598
vn 0.0000 0.5528 -0.8333
vn 0.0000 0.3805 -0.9247
vn 0.0000 -0.9217 -0.3879
vn 0.0000 0.1939 -0.9810
vn 0.0000 -0.9796 -0.2010
vn 0.0000 0.0000 -1.0000
vn 0.0000 -0.1939 -0.9810
vn 0.0000 0.9796 -0.2010
vn 0.0000 0.9217 -0.3879
vn 0.0000 -0.3805 -0.9247
vn 0.0000 0.8286 -0.5598
vn 0.0000 -0.5528 -0.8333
vn 0.0000 0.7040 -0.7101
vn 0.0392 0.9796 -0.1971
vn 0.0757 0.9217 -0.3804
vn 0.1914 -0.1939 -0.9622
vn 0.1804 -0.3805 -0.9070
vn 0.1092 0.8286 -0.5490
vn 0.1626 -0.5528 -0.8173
vn 0.1385 0.7040 -0.6965
vn 0.1385 -0.7040 -0.6965
vn 0.1626 0.5528 -0.8173
vn 0.1092 -0.8286 -0.5490
vn 0.1804 0.3805 -0.9070
vn 0.0757 -0.9217 -0.3804
vn 0.1914 0.1939 -0.9622
vn 0.0392 -0.9796 -0.1971
vn 0.1951 0.0000 -0.9808
vn 0.3189 0.5528 -0.7699
vn 0.3539 0.3805 -0.8544
vn 0.2142 -0.8286 -0.5171
vn 0.1484 -0.9217 -0.3583
vn 0.3754 0.1939 -0.9063
vn 0.0769 -0.9796 -0.1856
vn 0.3827 0.0000 -0.9239
vn 0.3754 -0.1939 -0.9063
vn 0.0769 0.9796 -0.1856
vn 0.1484 0.9217 -0.3583
vn 0.3539 -0.3805 -0.8544
vn 0.2142 0.8286 -0.5171
vn 0.3189 -0.5528 -0.7699
vn 0.2717 0.7040 -0.6561
vn 0.2717 -0.7040 -0.6561
vn 0.5450 -0.1939 -0.8157
vn 0.5137 -0.3805 -0.7689
vn 0.2155 0.9217 -0.3225
vn 0.3110 0.8286 -0.4654
vn 0.4630 -0.5528 -0.6929
vn 0.3945 0.7040 -0.5904
vn 0.3945 -0.7040 -0.5904
vn 0.4630 0.5528 -0.6929
vn 0.3110 -0.8286 -0.4654
vn 0.5137 0.3805 -0.7689
vn 0.2155 -0.9217 -0.3225
vn 0.5450 0.1939 -0.8157
vn 0.1116 -0.9796 -0.1671
vn 0.5556 0.0000 -0.8314
vn 0.1116 0.9796 -0.1671
vn 0.3958 -0.8286 -0.3958
vn 0.2743 -0.9217 -0.2743
vn 0.6539 0.3805 -0.6539
vn 0.6937 0.1939 -0.6937
vn 0.1421 -0.9796 -0.1421
vn 0.7071 0.0000 -0.7071
vn 0.6937 -0.1939 -0.6937
vn 0.1421 0.9796 -0.1421
vn 0.2743 0.9217 -0.2743
vn 0.6539 -0.3805 -0.6539
vn 0.3958 0.8286 -0.3958
vn 0.5893 -0.5528 -0.5893
vn 0.5021 0.7040 -0.5021
vn 0.5021 -0.7040 -0.5021
vn 0.5893 0.5528 -0.5893
vn 0.3225 0.9217 -0.2155
vn 0.4654 0.8286 -0.3110
vn 0.7689 -0.3805 -0.5137
vn 0.6929 -0.5528 -0.4630
vn 0.5904 0.7040 -0.3945
vn 0.5904 -0.7040 -0.3945
vn 0.6929 0.5528 -0.4630
vn 0.4654 -0.8286 -0.3110
vn 0.7689 0.3805 -0.5137
vn 0.3225 -0.9217 -0.2155
vn 0.8157 0.1939 -0.5450
vn 0.1671 -0.9796 -0.1116
vn 0.8314 0.0000 -0.5556
vn 0.8157 -0.1939 -0.5450
vn 0.1671 0.9796 -0.1116
vn 0.8544 0.3805 -0.3539
vn 0.9063 0.1939 -0.3754
vn 0.3583 -0.9217 -0.1484
vn 0.1856 -0.9796 -0.0769
vn 0.9239 0.0000 -0.3827
vn 0.9063 -0.1939 -0.3754
vn 0.1856 0.9796 -0.0769
vn 0.3583 0.9217 -0.1484
vn 0.8544 -0.3805 -0.3539
vn 0.5172 0.8286 -0.2142
vn 0.7699 -0.5528 -0.3189
vn 0.6561 0.7040 -0.2717
vn 0.6561 -0.7040 -0.2717
vn 0.7699 0.5528 -0.3189
vn 0.5171 -0.8286 -0.2142
vn 0.9070 -0.3805 -0.1804
vn 0.8173 -0.5528 -0.1626
vn 0.5490 0.8286 -0.1092
vn 0.6965 0.7040 -0.1385
vn 0.6965 -0.7040 -0.1385
vn 0.8173 0.5528 -0.1626
vn 0.5490 -0.8286 -0.1092
vn 0.9070 0.3805 -0.1804
vn 0.3804 -0.9217 -0.0757
vn 0.9622 0.1939 -0.1914
vn 0.1971 -0.9796 -0.0392
vn 0.9808 0.0000 -0.1951
vn 0.9622 -0.1939 -0.1914
vn 0.1971 0.9796 -0.0392
vn 0.3804 0.9217 -0.0757
vn 0.3879 -0.9217 0.0000
vn 0.2010 -0.9796 0.0000
vn 0.9810 0.1939 0.0000
vn 1.0000 0.0000 0.0000
vn 0.9810 -0.1939 0.0000
vn 0.2010 0.9796 0.0000
vn 0.3879 0.9217 0.0000
vn 0.9247 -0.3805 0.0000
vn 0.5598 0.8286 0.0000
vn 0.8333 -0.5528 0.0000
vn 0.7101 0.7040 0.0000
vn 0.7101 -0.7040 0.0000
vn 0.8333 0.5528 0.0000
vn 0.5598 -0.8286 0.0000
vn 0.9247 0.3805 0.0000
vn 0.8173 -0.5528 0.1626
vn 0.6965 -0.7040 0.1385
vn 0.6965 0.7040 0.1385
vn 0.8173 0.5528 0.1626
vn 0.5490 -0.8286 0.1092
vn 0.9070 0.3805 0.1804
vn 0.3804 -0.9217 0.0757
vn 0.9622 0.1939 0.1914
vn 0.1971 -0.9796 0.0392
vn 0.9808 0.0000 0.1951
vn 0.9622 -0.1939 0.1914
vn 0.1971 0.9796 0.0392
vn 0.3804 0.9217 0.0757
vn 0.9070 -0.3805 0.1804
vn 0.5490 0.8286 0.1092
vn 0.9239 0.0000 0.3827
vn 0.9063 -0.1939 0.3754
vn 0.1856 0.9796 0.0769
vn 0.3583 0.9217 0.1484
vn 0.8544 -0.3805 0.3539
vn 0.5172 0.8286 0.2142
vn 0.7699 -0.5528 0.3189
vn 0.6561 0.7040 0.2717
vn 0.6561 -0.7040 0.2717
vn 0.7699 0.5528 0.3189
vn 0.5172 -0.8286 0.2142
vn 0.8544 0.3805 0.3539
vn 0.3583 -0.9217 0.1484
vn 0.9063 0.1939 0.3754
vn 0.1856 -0.9796 0.0769
vn 0.5904 0.7040 0.3945
vn 0.6929 0.5528 0.4630
vn 0.5904 -0.7040 0.3945
vn 0.4654 -0.8286 0.3110
vn 0.7689 0.3805 0.5137
vn 0.3225 -0.9217 0.2155
vn 0.8157 0.1939 0.5450
vn 0.1671 -0.9796 0.1116
vn 0.8314 0.0000 0.5556
vn 0.8157 -0.1939 0.5450
vn 0.1671 0.9796 0.1116
vn 0.3225 0.9217 0.2155
vn 0.7689 -0.3805 0.5137
vn 0.4654 0.8286 0.3110
vn 0.6929 -0.5528 0.4630
vn 0.7071 0.0000 0.7071
vn 0.6937 -0.1939 0.6937
vn 0.1421 0.9796 0.1421
vn 0.2743 0.9217 0.2743
vn 0.6539 -0.3805 0.6539
vn 0.3958 0.8286 0.3958
vn 0.5893 -0.5528 0.5893
vn 0.5021 0.7040 0.5021
vn 0.5021 -0.7040 0.5021
vn 0.5893 0.5528 0.5893
vn 0.3958 -0.8286 0.3958
vn 0.6539 0.3805 0.6539
vn 0.2743 -0.9217 0.2743
vn 0.6937 0.1939 0.6937
vn 0.1421 -0.9796 0.1421
vn 0.3945 -0.7040 0.5904
vn 0.3110 -0.8286 0.4654
vn 0.4630 0.5528 0.6929
vn 0.5137 0.3805 0.7689
vn 0.2155 -0.9217 0.3225
vn 0.5450 0.1939 0.8157
vn 0.1116 -0.9796 0.1671
vn 0.5556 0.0000 0.8314
vn 0.5450 -0.1939 0.8157
vn 0.1116 0.9796 0.1671
vn 0.2155 0.9217 0.3225
vn 0.5137 -0.3805 0.7689
vn 0.3110 0.8286 0.4654
vn 0.4630 -0.5528 0.6929
vn 0.3945 0.7040 0.5904
vn 0.0769 0.9796 0.1856
vn 0.1484 0.9217 0.3583
vn 0.3754 -0.1939 0.9063
vn 0.3539 -0.3805 0.8544
vn 0.2142 0.8286 0.5171
vn 0.3189 -0.5528 0.7699
vn 0.2717 0.7040 0.6561
vn 0.2717 -0.7040 0.6561
vn 0.3189 0.5528 0.7699
vn 0.2142 -0.8286 0.5171
vn 0.3539 0.3805 0.8544
vn 0.1484 -0.9217 0.3583
vn 0.3754 0.1939 0.9063
vn 0.0769 -0.9796 0.1856
vn 0.3827 0.0000 0.9239
vn 0.1626 0.5528 0.8173
vn 0.1804 0.3805 0.9070
vn 0.1092 -0.8286 0.5490
vn 0.0757 -0.9217 0.3804
vn 0.1914 0.1939 0.9622
vn 0.0392 -0.9796 0.1971
vn 0.1951 0.0000 0.9808
vn 0.1914 -0.1939 0.9622
vn 0.0392 0.9796 0.1971
vn 0.0757 0.9217 0.3804
vn 0.1804 -0.3805 0.9070
vn 0.1092 0.8286 0.5490
vn 0.1626 -0.5528 0.8173
vn 0.1385 0.7040 0.6965
vn 0.1385 -0.7040 0.6965
vn 0.0000 -0.1939 0.9810
vn 0.0000 -0.3805 0.9247
vn 0.0000 0.9217 0.3879
vn 0.0000 0.8286 0.5598
vn 0.0000 -0.5528 0.8333
vn 0.0000 0.7040 0.7101
vn 0.0000 -0.7040 0.7101
vn 0.0000 0.5528 0.8333
vn 0.0000 -0.8286 0.5598
vn 0.0000 0.3805 0.9247
vn 0.0000 -0.9217 0.3879
vn 0.0000 0.1939 0.9810
vn 0.0000 -0.9796 0.2010
vn 0.0000 0.0000 1.0000
vn 0.0000 0.9796 0.2010
vn -0.1092 -0.8286 0.5490
vn -0.0757 -0.9217 0.3804
vn -0.1804 0.3805 0.9070
vn -0.1914 0.1939 0.9622
vn -0.0392 -0.9796 0.1971
vn -0.1951 0.0000 0.9808
vn -0.1914 -0.1939 0.9622
vn -0.0392 0.9796 0.1971
vn -0.0757 0.9217 0.3804
vn -0.1804 -0.3805 0.9070
vn -0.1092 0.8286 0.5490
vn -0.1626 -0.5528 0.8173
vn -0.1385 0.7040 0.6965
vn -0.1385 -0.7040 0.6965
vn -0.1626 0.5528 0.8173
vn -0.3539 -0.3805 0.8544
vn -0.3189 -0.5528 0.7699
vn -0.2142 0.8286 0.5171
vn -0.2717 0.7040 0.6561
vn -0.2717 -0.7040 0.6561
vn -0.3189 0.5528 0.7699
vn -0.2142 -0.8286 0.5171
vn -0.3539 0.3805 0.8544
vn -0.1484 -0.9217 0.3583
vn -0.3754 0.1939 0.9063
vn -0.0769 -0.9796 0.1856
vn -0.3827 0.0000 0.9239
vn -0.3754 -0.1939 0.9063
vn -0.0769 0.9796 0.1856
vn -0.1484 0.9217 0.3583
vn -0.2155 -0.9217 0.3225
vn -0.1116 -0.9796 0.1671
vn -0.5450 0.1939 0.8157
vn -0.5556 0.0000 0.8314
vn -0.5450 -0.1939 0.8157
vn -0.1116 0.9796 0.1671
vn -0.2155 0.9217 0.3225
vn -0.5137 -0.3805 0.7689
vn -0.3110 0.8286 0.4654
vn -0.4630 -0.5528 0.6929
vn -0.3945 0.7040 0.5904
vn -0.3945 -0.7040 0.5904
vn -0.4630 0.5528 0.6929
vn -0.3110 -0.8286 0.4654
vn -0.5137 0.3805 0.7689
vn 0.0000 1.0000 0.0000
vn 0.0000 -1.0000 0.0000
usemtl Material.001
s 1
f 1457//1447 1456//1448 1471//1449 1472//1450
f 1450//1451 1449//1452 1464//1453 1465//1454
f 1458//1455 1457//1447 1472//1450 1473//1456
f 1451//1457 1450//1451 1465//1454 1466//1458
f 1459//1459 1458//1455 1473//1456 1474//1460
f 1452//1461 1451//1457 1466//1458 1467//1462
f 1460//1463 1459//1459 1474//1460 1475//1464
f 1453//1465 1452//1461 1467//1462 1468//1466
f 1461//1467 1460//1463 1475//1464 1476//1468
f 1454//1469 1453//1465 1468//1466 1469//1470
f 1455//1471 1454//1469 1469//1470 1470//1472
f 1448//1473 1447//1474 1462//1475 1463//1476
f 1456//1448 1455//1471 1470//1472 1471//1449
f 1449//1452 1448//1473 1463//1476 1464//1453
f 1471//1449 1470//1472 1485//1477 1486//1478
f 1464//1453 1463//1476 1478//1479 1479//1480
f 1472//1450 1471//1449 1486//1478 1487//1481
f 1465//1454 1464//1453 1479//1480 1480//1482
f 1473//1456 1472//1450 1487//1481 1488//1483
f 1466//1458 1465//1454 1480//1482 1481//1484
f 1474//1460 1473//1456 1488//1483 1489//1485
f 1467//1462 1466//1458 1481//1484 1482//1486
f 1475//1464 1474//1460 1489//1485 1490//1487
f 1468//1466 1467//1462 1482//1486 1483//1488
f 1476//1468 1475//1464 1490//1487 1491//1489
f 1469//1470 1468//1466 1483//1488 1484//1490
f 1470//1472 1469//1470 1484//1490 1485//1477
f 1463//1476 1462//1475 1477//1491 1478//1479
f 1490//1487 1489//1485 1504//1492 1505//1493
f 1483//1488 1482//1486 1497//1494 1498//1495
f 1491//1489 1490//1487 1505//1493 1506//1496
f 1484//1490 1483//1488 1498//1495 1499//1497
f 1485//1477 1484//1490 1499//1497 1500//1498
f 1478//1479 1477//1491 1492//1499 1493//1500
f 1486//1478 1485//1477 1500//1498 1501//1501
f 1479//1480 1478//1479 1493//1500 1494//1502
f 1487//1481 1486//1478 1501//1501 1502//1503
f 1480//1482 1479//1480 1494//1502 1495//1504
f 1488//1483 1487//1481 1502//1503 1503//1505
f 1481//1484 1480//1482 1495//1504 1496//1506
f 1489//1485 1488//1483 1503//1505 1504//1492
f 1482//1486 1481//1484 1496//1506 1497//1494
f 1494//1502 1493//1500 1508//1507 1509//1508
f 1502//1503 1501//1501 1516//1509 1517//1510
f 1495//1504 1494//1502 1509//1508 1510//1511
f 1503//1505 1502//1503 1517//1510 1518//1512
f 1496//1506 1495//1504 1510//1511 1511//1513
f 1504//1492 1503//1505 1518//1512 1519//1514
f 1497//1494 1496//1506 1511//1513 1512//1515
f 1505//1493 1504//1492 1519//1514 1520//1516
f 1498//1495 1497//1494 1512//1515 1513//1517
f 1506//1496 1505//1493 1520//1516 1521//1518
f 1499//1497 1498//1495 1513//1517 1514//1519
f 1500//1498 1499//1497 1514//1519 1515//1520
f 1493//1500 1492//1499 1507//1521 1508//1507
f 1501//1501 1500//1498 1515//1520 1516//1509
f 1513//1517 1512//1515 1527//1522 1528//1523
f 1521//1518 1520//1516 1535//1524 1536//1525
f 1514//1519 1513//1517 1528//1523 1529//1526
f 1515//1520 1514//1519 1529//1526 1530//1527
f 1508//1507 1507//1521 1522//1528 1523//1529
f 1516//1509 1515//1520 1530//1527 1531//1530
f 1509//1508 1508//1507 1523//1529 1524//1531
f 1517//1510 1516//1509 1531//1530 1532//1532
f 1510//1511 1509//1508 1524//1531 1525//1533
f 1518//1512 1517//1510 1532//1532 1533//1534
f 1511//1513 1510//1511 1525//1533 1526//1535
f 1519//1514 1518//1512 1533//1534 1534//1536
f 1512//1515 1511//1513 1526//1535 1527//1522
f 1520//1516 1519//1514 1534//1536 1535//1524
f 1532//1532 1531//1530 1546//1537 1547//1538
f 1525//1533 1524//1531 1539//1539 1540//1540
f 1533//1534 1532//1532 1547//1538 1548//1541
f 1526//1535 1525//1533 1540//1540 1541//1542
f 1534//1536 1533//1534 1548//1541 1549//1543
f 1527//1522 1526//1535 1541//1542 1542//1544
f 1535//1524 1534//1536 1549//1543 1550//1545
f 1528//1523 1527//1522 1542//1544 1543//1546
f 1536//1525 1535//1524 1550//1545 1551//1547
f 1529//1526 1528//1523 1543//1546 1544//1548
f 1530//1527 1529//1526 1544//1548 1545//1549
f 1523//1529 1522//1528 1537//1550 1538//1551
f 1531//1530 1530//1527 1545//1549 1546//1537
f 1524//1531 1523//1529 1538//1551 1539//1539
f 1551//1547 1550//1545 1565//1552 1566//1553
f 1544//1548 1543//1546 1558//1554 1559//1555
f 1545//1549 1544//1548 1559//1555 1560//1556
f 1538//1551 1537//1550 1552//1557 1553//1558
f 1546//1537 1545//1549 1560//1556 1561//1559
f 1539//1539 1538//1551 1553//1558 1554//1560
f 1547//1538 1546//1537 1561//1559 1562//1561
f 1540//1540 1539//1539 1554//1560 1555//1562
f 1548//1541 1547//1538 1562//1561 1563//1563
f 1541//1542 1540//1540 1555//1562 1556//1564
f 1549//1543 1548//1541 1563//1563 1564//1565
f 1542//1544 1541//1542 1556//1564 1557//1566
f 1550//1545 1549//1543 1564//1565 1565//1552
f 1543//1546 1542//1544 1557//1566 1558//1554
f 1555//1562 1554//1560 1569//1567 1570//1568
f 1563//1563 1562//1561 1577//1569 1578//1570
f 1556//1564 1555//1562 1570//1568 1571//1571
f 1564//1565 1563//1563 1578//1570 1579//1572
f 1557//1566 1556//1564 1571//1571 1572//1573
f 1565//1552 1564//1565 1579//1572 1580//1574
f 1558//1554 1557//1566 1572//1573 1573//1575
f 1566//1553 1565//1552 1580//1574 1581//1576
f 1559//1555 1558//1554 1573//1575 1574//1577
f 1560//1556 1559//1555 1574//1577 1575//1578
f 1553//1558 1552//1557 1567//1579 1568//1580
f 1561//1559 1560//1556 1575//1578 1576//1581
f 1554//1560 1553//1558 1568//1580 1569//1567
f 1562//1561 1561//1559 1576//1581 1577//1569
f 1574//1577 1573//1575 1588//1582 1589//1583
f 1575//1578 1574//1577 1589//1583 1590//1584
f 1568//1580 1567//1579 1582//1585 1583//1586
f 1576//1581 1575//1578 1590//1584 1591//1587
f 1569//1567 1568//1580 1583//1586 1584//1588
f 1577//1569 1576//1581 1591//1587 1592//1589
f 1570//1568 1569//1567 1584//1588 1585//1590
f 1578//1570 1577//1569 1592//1589 1593//1591
f 1571//1571 1570//1568 1585//1590 1586//1592
f 1579//1572 1578//1570 1593//1591 1594//1593
f 1572//1573 1571//1571 1586//1592 1587//1594
f 1580//1574 1579//1572 1594//1593 1595//1595
f 1573//1575 1572//1573 1587//1594 1588//1582
f 1581//1576 1580//1574 1595//1595 1596//1596
f 1593//1591 1592//1589 1607//1597 1608//1598
f 1586//1592 1585//1590 1600//1599 1601//1600
f 1594//1593 1593//1591 1608//1598 1609//1601
f 1587//1594 1586//1592 1601//1600 1602//1602
f 1595//1595 1594//1593 1609//1601 1610//1603
f 1588//1582 1587//1594 1602//1602 1603//1604
f 1596//1596 1595//1595 1610//1603 1611//1605
f 1589//1583 1588//1582 1603//1604 1604//1606
f 1590//1584 1589//1583 1604//1606 1605//1607
f 1583//1586 1582//1585 1597//1608 1598//1609
f 1591//1587 1590//1584 1605//1607 1606//1610
f 1584//1588 1583//1586 1598//1609 1599//1611
f 1592//1589 1591//1587 1606//1610 1607//1597
f 1585//1590 1584//1588 1599//1611 1600//1599
f 1605//1607 1604//1606 1619//1612 1620//1613
f 1598//1609 1597//1608 1612//1614 1613//1615
f 1606//1610 1605//1607 1620//1613 1621//1616
f 1599//1611 1598//1609 1613//1615 1614//1617
f 1607//1597 1606//1610 1621//1616 1622//1618
f 1600//1599 1599//1611 1614//1617 1615//1619
f 1608//1598 1607//1597 1622//1618 1623//1620
f 1601//1600 1600//1599 1615//1619 1616//1621
f 1609//1601 1608//1598 1623//1620 1624//1622
f 1602//1602 1601//1600 1616//1621 1617//1623
f 1610//1603 1609//1601 1624//1622 1625//1624
f 1603//1604 1602//1602 1617//1623 1618//1625
f 1611//1605 1610//1603 1625//1624 1626//1626
f 1604//1606 1603//1604 1618//1625 1619//1612
f 1624//1622 1623//1620 1638//1627 1639//1628
f 1617//1623 1616//1621 1631//1629 1632//1630
f 1625//1624 1624//1622 1639//1628 1640//1631
f 1618//1625 1617//1623 1632//1630 1633//1632
f 1626//1626 1625//1624 1640//1631 1641//1633
f 1619//1612 1618//1625 1633//1632 1634//1634
f 1620//1613 1619//1612 1634//1634 1635//1635
f 1613//1615 1612//1614 1627//1636 1628//1637
f 1621//1616 1620//1613 1635//1635 1636//1638
f 1614//1617 1613//1615 1628//1637 1629//1639
f 1622//1618 1621//1616 1636//1638 1637//1640
f 1615//1619 1614//1617 1629//1639 1630//1641
f 1623//1620 1622//1618 1637//1640 1638//1627
f 1616//1621 1615//1619 1630//1641 1631//1629
f 1628//1637 1627//1636 1642//1642 1643//1643
f 1636//1638 1635//1635 1650//1644 1651//1645
f 1629//1639 1628//1637 1643//1643 1644//1646
f 1637//1640 1636//1638 1651//1645 1652//1647
f 1630//1641 1629//1639 1644//1646 1645//1648
f 1638//1627 1637//1640 1652//1647 1653//1649
f 1631//1629 1630//1641 1645//1648 1646//1650
f 1639//1628 1638//1627 1653//1649 1654//1651
f 1632//1630 1631//1629 1646//1650 1647//1652
f 1640//1631 1639//1628 1654//1651 1655//1653
f 1633//1632 1632//1630 1647//1652 1648//1654
f 1641//1633 1640//1631 1655//1653 1656//1655
f 1634//1634 1633//1632 1648//1654 1649//1656
f 1635//1635 1634//1634 1649//1656 1650//1644
f 1647//1652 1646//1650 1661//1657 1662//1658
f 1655//1653 1654//1651 1669//1659 1670//1660
f 1648//1654 1647//1652 1662//1658 1663//1661
f 1656//1655 1655//1653 1670//1660 1671//1662
f 1649//1656 1648//1654 1663//1661 1664//1663
f 1650//1644 1649//1656 1664//1663 1665//1664
f 1643//1643 1642//1642 1657//1665 1658//1666
f 1651//1645 1650//1644 1665//1664 1666//1667
f 1644//1646 1643//1643 1658//1666 1659//1668
f 1652//1647 1651//1645 1666//1667 1667//1669
f 1645//1648 1644//1646 1659//1668 1660//1670
f 1653//1649 1652//1647 1667//1669 1668//1671
f 1646//1650 1645//1648 1660//1670 1661//1657
f 1654//1651 1653//1649 1668//1671 1669//1659
f 1666//1667 1665//1664 1680//1672 1681//1673
f 1659//1668 1658//1666 1673//1674 1674//1675
f 1667//1669 1666//1667 1681//1673 1682//1676
f 1660//1670 1659//1668 1674//1675 1675//1677
f 1668//1671 1667//1669 1682//1676 1683//1678
f 1661//1657 1660//1670 1675//1677 1676//1679
f 1669//1659 1668//1671 1683//1678 1684//1680
f 1662//1658 1661//1657 1676//1679 1677//1681
f 1670//1660 1669//1659 1684//1680 1685//1682
f 1663//1661 1662//1658 1677//1681 1678//1683
f 1671//1662 1670//1660 1685//1682 1686//1684
f 1664//1663 1663//1661 1678//1683 1679//1685
f 1665//1664 1664//1663 1679//1685 1680//1672
f 1658//1666 1657//1665 1672//1686 1673//1674
f 1685//1682 1684//1680 1699//1687 1700//1688
f 1678//1683 1677//1681 1692//1689 1693//1690
f 1686//1684 1685//1682 1700//1688 1701//1691
f 1679//1685 1678//1683 1693//1690 1694//1692
f 1680//1672 1679//1685 1694//1692 1695//1693
f 1673//1674 1672//1686 1687//1694 1688//1695
f 1681//1673 1680//1672 1695//1693 1696//1696
f 1674//1675 1673//1674 1688//1695 1689//1697
f 1682//1676 1681//1673 1696//1696 1697//1698
f 1675//1677 1674//1675 1689//1697 1690//1699
f 1683//1678 1682//1676 1697//1698 1698//1700
f 1676//1679 1675//1677 1690//1699 1691//1701
f 1684//1680 1683//1678 1698//1700 1699//1687
f 1677//1681 1676//1679 1691//1701 1692//1689
f 1689//1697 1688//1695 1703//1702 1704//1703
f 1697//1698 1696//1696 1711//1704 1712//1705
f 1690//1699 1689//1697 1704//1703 1705//1706
f 1698//1700 1697//1698 1712//1705 1713//1707
f 1691//1701 1690//1699 1705//1706 1706//1708
f 1699//1687 1698//1700 1713//1707 1714//1709
f 1692//1689 1691//1701 1706//1708 1707//1710
f 1700//1688 1699//1687 1714//1709 1715//1711
f 1693//1690 1692//1689 1707//1710 1708//1712
f 1701//1691 1700//1688 1715//1711 1716//1713
f 1694//1692 1693//1690 1708//1712 1709//1714
f 1695//1693 1694//1692 1709//1714 1710//1715
f 1688//1695 1687//1694 1702//1716 1703//1702
f 1696//1696 1695//1693 1710//1715 1711//1704
f 1708//1712 1707//1710 1722//1717 1723//1718
f 1716//1713 1715//1711 1730//1719 1731//1720
f 1709//1714 1708//1712 1723//1718 1724//1721
f 1710//1715 1709//1714 1724//1721 1725//1722
f 1703//1702 1702//1716 1717//1723 1718//1724
f 1711//1704 1710//1715 1725//1722 1726//1725
f 1704//1703 1703//1702 1718//1724 1719//1726
f 1712//1705 1711//1704 1726//1725 1727//1727
f 1705//1706 1704//1703 1719//1726 1720//1728
f 1713//1707 1712//1705 1727//1727 1728//1729
f 1706//1708 1705//1706 1720//1728 1721//1730
f 1714//1709 1713//1707 1728//1729 1729//1731
f 1707//1710 1706//1708 1721//1730 1722//1717
f 1715//1711 1714//1709 1729//1731 1730//1719
f 1727//1727 1726//1725 1741//1732 1742//1733
f 1720//1728 1719//1726 1734//1734 1735//1735
f 1728//1729 1727//1727 1742//1733 1743//1736
f 1721//1730 1720//1728 1735//1735 1736//1737
f 1729//1731 1728//1729 1743//1736 1744//1738
f 1722//1717 1721//1730 1736//1737 1737//1739
f 1730//1719 1729//1731 1744//1738 1745//1740
f 1723//1718 1722//1717 1737//1739 1738//1741
f 1731//1720 1730//1719 1745//1740 1746//1742
f 1724//1721 1723//1718 1738//1741 1739//1743
f 1725//1722 1724//1721 1739//1743 1740//1744
f 1718//1724 1717//1723 1732//1745 1733//1746
f 1726//1725 1725//1722 1740//1744 1741//1732
f 1719//1726 1718//1724 1733//1746 1734//1734
f 1746//1742 1745//1740 1760//1747 1761//1748
f 1739//1743 1738//1741 1753//1749 1754//1750
f 1740//1744 1739//1743 1754//1750 1755//1751
f 1733//1746 1732//1745 1747//1752 1748//1753
f 1741//1732 1740//1744 1755//1751 1756//1754
f 1734//1734 1733//1746 1748//1753 1749//1755
f 1742//1733 1741//1732 1756//1754 1757//1756
f 1735//1735 1734//1734 1749//1755 1750//1757
f 1743//1736 1742//1733 1757//1756 1758//1758
f 1736//1737 1735//1735 1750//1757 1751//1759
f 1744//1738 1743//1736 1758//1758 1759//1760
f 1737//1739 1736//1737 1751//1759 1752//1761
f 1745//1740 1744//1738 1759//1760 1760//1747
f 1738//1741 1737//1739 1752//1761 1753//1749
f 1758//1758 1757//1756 1772//1762 1773//1763
f 1751//1759 1750//1757 1765//1764 1766//1765
f 1759//1760 1758//1758 1773//1763 1774//1766
f 1752//1761 1751//1759 1766//1765 1767//1767
f 1760//1747 1759//1760 1774//1766 1775//1768
f 1753//1749 1752//1761 1767//1767 1768//1769
f 1761//1748 1760//1747 1775//1768 1776//1770
f 1754//1750 1753//1749 1768//1769 1769//1771
f 1755//1751 1754//1750 1769//1771 1770//1772
f 1748//1753 1747//1752 1762//1773 1763//1774
f 1756//1754 1755//1751 1770//1772 1771//1775
f 1749//1755 1748//1753 1763//1774 1764//1776
f 1757//1756 1756//1754 1771//1775 1772//1762
f 1750//1757 1749//1755 1764//1776 1765//1764
f 1770//1772 1769//1771 1785//1777 1786//1778
f 1763//1774 1762//1773 1778//1779 1779//1780
f 1771//1775 1770//1772 1786//1778 1787//1781
f 1764//1776 1763//1774 1779//1780 1780//1782
f 1772//1762 1771//1775 1787//1781 1788//1783
f 1765//1764 1764//1776 1780//1782 1781//1784
f 1773//1763 1772//1762 1788//1783 1789//1785
f 1766//1765 1765//1764 1781//1784 1782//1786
f 1774//1766 1773//1763 1789//1785 1790//1787
f 1767//1767 1766//1765 1782//1786 1783//1788
f 1775//1768 1774//1766 1790//1787 1791//1789
f 1768//1769 1767//1767 1783//1788 1784//1790
f 1776//1770 1775//1768 1791//1789 1792//1791
f 1769//1771 1768//1769 1784//1790 1785//1777
f 1782//1786 1781//1784 1796//1792 1797//1793
f 1790//1787 1789//1785 1804//1794 1805//1795
f 1783//1788 1782//1786 1797//1793 1798//1796
f 1791//1789 1790//1787 1805//1795 1806//1797
f 1784//1790 1783//1788 1798//1796 1799//1798
f 1792//1791 1791//1789 1806//1797 1807//1799
f 1785//1777 1784//1790 1799//1798 1800//1800
f 1786//1778 1785//1777 1800//1800 1801//1801
f 1779//1780 1778//1779 1793//1802 1794//1803
f 1787//1781 1786//1778 1801//1801 1802//1804
f 1780//1782 1779//1780 1794//1803 1795//1805
f 1788//1783 1787//1781 1802//1804 1803//1806
f 1781//1784 1780//1782 1795//1805 1796//1792
f 1789//1785 1788//1783 1803//1806 1804//1794
f 1801//1801 1800//1800 1815//1807 1816//1808
f 1794//1803 1793//1802 1808//1809 1809//1810
f 1802//1804 1801//1801 1816//1808 1817//1811
f 1795//1805 1794//1803 1809//1810 1810//1812
f 1803//1806 1802//1804 1817//1811 1818//1813
f 1796//1792 1795//1805 1810//1812 1811//1814
f 1804//1794 1803//1806 1818//1813 1819//1815
f 1797//1793 1796//1792 1811//1814 1812//1816
f 1805//1795 1804//1794 1819//1815 1820//1817
f 1798//1796 1797//1793 1812//1816 1813//1818
f 1806//1797 1805//1795 1820//1817 1821//1819
f 1799//1798 1798//1796 1813//1818 1814//1820
f 1807//1799 1806//1797 1821//1819 1822//1821
f 1800//1800 1799//1798 1814//1820 1815//1807
f 1820//1817 1819//1815 1834//1822 1835//1823
f 1813//1818 1812//1816 1827//1824 1828//1825
f 1821//1819 1820//1817 1835//1823 1836//1826
f 1814//1820 1813//1818 1828//1825 1829//1827
f 1822//1821 1821//1819 1836//1826 1837//1828
f 1815//1807 1814//1820 1829//1827 1830//1829
f 1816//1808 1815//1807 1830//1829 1831//1830
f 1809//1810 1808//1809 1823//1831 1824//1832
f 1817//1811 1816//1808 1831//1830 1832//1833
f 1810//1812 1809//1810 1824//1832 1825//1834
f 1818//1813 1817//1811 1832//1833 1833//1835
f 1811//1814 1810//1812 1825//1834 1826//1836
f 1819//1815 1818//1813 1833//1835 1834//1822
f 1812//1816 1811//1814 1826//1836 1827//1824
f 1824//1832 1823//1831 1838//1837 1839//1838
f 1832//1833 1831//1830 1846//1839 1847//1840
f 1825//1834 1824//1832 1839//1838 1840//1841
f 1833//1835 1832//1833 1847//1840 1848//1842
f 1826//1836 1825//1834 1840//1841 1841//1843
f 1834//1822 1833//1835 1848//1842 1849//1844
f 1827//1824 1826//1836 1841//1843 1842//1845
f 1835//1823 1834//1822 1849//1844 1850//1846
f 1828//1825 1827//1824 1842//1845 1843//1847
f 1836//1826 1835//1823 1850//1846 1851//1848
f 1829//1827 1828//1825 1843//1847 1844//1849
f 1837//1828 1836//1826 1851//1848 1852//1850
f 1830//1829 1829//1827 1844//1849 1845//1851
f 1831//1830 1830//1829 1845//1851 1846//1839
f 1843//1847 1842//1845 1857//1852 1858//1853
f 1851//1848 1850//1846 1865//1854 1866//1855
f 1844//1849 1843//1847 1858//1853 1859//1856
f 1852//1850 1851//1848 1866//1855 1867//1857
f 1845//1851 1844//1849 1859//1856 1860//1858
f 1846//1839 1845//1851 1860//1858 1861//1859
f 1839//1838 1838//1837 1853//1860 1854//1861
f 1847//1840 1846//1839 1861//1859 1862//1862
f 1840//1841 1839//1838 1854//1861 1855//1863
f 1848//1842 1847//1840 1862//1862 1863//1864
f 1841//1843 1840//1841 1855//1863 1856//1865
f 1849//1844 1848//1842 1863//1864 1864//1866
f 1842//1845 1841//1843 1856//1865 1857//1852
f 1850//1846 1849//1844 1864//1866 1865//1854
f 1862//1862 1861//1859 1876//1867 1877//1868
f 1855//1863 1854//1861 1869//1869 1870//1870
f 1863//1864 1862//1862 1877//1868 1878//1871
f 1856//1865 1855//1863 1870//1870 1871//1872
f 1864//1866 1863//1864 1878//1871 1879//1873
f 1857//1852 1856//1865 1871//1872 1872//1874
f 1865//1854 1864//1866 1879//1873 1880//1875
f 1858//1853 1857//1852 1872//1874 1873//1876
f 1866//1855 1865//1854 1880//1875 1881//1877
f 1859//1856 1858//1853 1873//1876 1874//1878
f 1867//1857 1866//1855 1881//1877 1882//1879
f 1860//1858 1859//1856 1874//1878 1875//1880
f 1861//1859 1860//1858 1875//1880 1876//1867
f 1854//1861 1853//1860 1868//1881 1869//1869
f 1881//1877 1880//1875 1895//1882 1896//1883
f 1874//1878 1873//1876 1888//1884 1889//1885
f 1882//1879 1881//1877 1896//1883 1897//1886
f 1875//1880 1874//1878 1889//1885 1890//1887
f 1876//1867 1875//1880 1890//1887 1891//1888
f 1869//1869 1868//1881 1883//1889 1884//1890
f 1877//1868 1876//1867 1891//1888 1892//1891
f 1870//1870 1869//1869 1884//1890 1885//1892
f 1878//1871 1877//1868 1892//1891 1893//1893
f 1871//1872 1870//1870 1885//1892 1886//1894
f 1879//1873 1878//1871 1893//1893 1894//1895
f 1872//1874 1871//1872 1886//1894 1887//1896
f 1880//1875 1879//1873 1894//1895 1895//1882
f 1873//1876 1872//1874 1887//1896 1888//1884
f 1893//1893 1892//1891 1908//1897 1909//1898
f 1886//1894 1885//1892 1901//1899 1902//1900
f 1894//1895 1893//1893 1909//1898 1910//1901
f 1887//1896 1886//1894 1902//1900 1903//1902
f 1895//1882 1894//1895 1910//1901 1911//1903
f 1888//1884 1887//1896 1903//1902 1904//1904
f 1896//1883 1895//1882 1911//1903 1912//1905
f 1889//1885 1888//1884 1904//1904 1905//1906
f 1897//1886 1896//1883 1912//1905 1913//1907
f 1890//1887 1889//1885 1905//1906 1906//1908
f 1891//1888 1890//1887 1906//1908 1907//1909
f 1884//1890 1883//1889 1899//1910 1900//1911
f 1892//1891 1891//1888 1907//1909 1908//1897
f 1885//1892 1884//1890 1900//1911 1901//1899
f 1913//1907 1912//1905 1927//1912 1928//1913
f 1906//1908 1905//1906 1920//1914 1921//1915
f 1907//1909 1906//1908 1921//1915 1922//1916
f 1900//1911 1899//1910 1914//1917 1915//1918
f 1908//1897 1907//1909 1922//1916 1923//1919
f 1901//1899 1900//1911 1915//1918 1916//1920
f 1909//1898 1908//1897 1923//1919 1924//1921
f 1902//1900 1901//1899 1916//1920 1917//1922
f 1910//1901 1909//1898 1924//1921 1925//1923
f 1903//1902 1902//1900 1917//1922 1918//1924
f 1911//1903 1910//1901 1925//1923 1926//1925
f 1904//1904 1903//1902 1918//1924 1919//1926
f 1912//1905 1911//1903 1926//1925 1927//1912
f 1905//1906 1904//1904 1919//1926 1920//1914
f 1447//1474 1898//1927 1462//1475
f 1777//1928 1461//1467 1476//1468
f 1462//1475 1898//1927 1477//1491
f 1777//1928 1476//1468 1491//1489
f 1477//1491 1898//1927 1492//1499
f 1777//1928 1491//1489 1506//1496
f 1492//1499 1898//1927 1507//1521
f 1777//1928 1506//1496 1521//1518
f 1507//1521 1898//1927 1522//1528
f 1777//1928 1521//1518 1536//1525
f 1522//1528 1898//1927 1537//1550
f 1777//1928 1536//1525 1551//1547
f 1537//1550 1898//1927 1552//1557
f 1777//1928 1551//1547 1566//1553
f 1552//1557 1898//1927 1567//1579
f 1777//1928 1566//1553 1581//1576
f 1567//1579 1898//1927 1582//1585
f 1777//1928 1581//1576 1596//1596
f 1582//1585 1898//1927 1597//1608
f 1777//1928 1596//1596 1611//1605
f 1777//1928 1611//1605 1626//1626
f 1597//1608 1898//1927 1612//1614
f 1612//1614 1898//1927 1627//1636
f 1777//1928 1626//1626 1641//1633
f 1627//1636 1898//1927 1642//1642
f 1777//1928 1641//1633 1656//1655
f 1642//1642 1898//1927 1657//1665
f 1777//1928 1656//1655 1671//1662
f 1657//1665 1898//1927 1672//1686
f 1777//1928 1671//1662 1686//1684
f 1672//1686 1898//1927 1687//1694
f 1777//1928 1686//1684 1701//1691
f 1687//1694 1898//1927 1702//1716
f 1777//1928 1701//1691 1716//1713
f 1702//1716 1898//1927 1717//1723
f 1777//1928 1716//1713 1731//1720
f 1717//1723 1898//1927 1732//1745
f 1777//1928 1731//1720 1746//1742
f 1732//1745 1898//1927 1747//1752
f 1777//1928 1746//1742 1761//1748
f 1747//1752 1898//1927 1762//1773
f 1777//1928 1761//1748 1776//1770
f 1762//1773 1898//1927 1778//1779
f 1777//1928 1776//1770 1792//1791
f 1778//1779 1898//1927 1793//1802
f 1777//1928 1792//1791 1807//1799
f 1793//1802 1898//1927 1808//1809
f 1777//1928 1807//1799 1822//1821
f 1808//1809 1898//1927 1823//1831
f 1777//1928 1822//1821 1837//1828
f 1823//1831 1898//1927 1838//1837
f 1777//1928 1837//1828 1852//1850
f 1838//1837 1898//1927 1853//1860
f 1777//1928 1852//1850 1867//1857
f 1853//1860 1898//1927 1868//1881
f 1777//1928 1867//1857 1882//1879
f 1868//1881 1898//1927 1883//1889
f 1777//1928 1882//1879 1897//1886
f 1883//1889 1898//1927 1899//1910
f 1777//1928 1897//1886 1913//1907
f 1899//1910 1898//1927 1914//1917
f 1777//1928 1913//1907 1928//1913
f 1917//1922 1916//1920 1449//1452 1450//1451
f 1925//1923 1924//1921 1457//1447 1458//1455
f 1918//1924 1917//1922 1450//1451 1451//1457
f 1926//1925 1925//1923 1458//1455 1459//1459
f 1919//1926 1918//1924 1451//1457 1452//1461
f 1927//1912 1926//1925 1459//1459 1460//1463
f 1920//1914 1919//1926 1452//1461 1453//1465
f 1928//1913 1927//1912 1460//1463 1461//1467
f 1921//1915 1920//1914 1453//1465 1454//1469
f 1898//1927 1447//1474 1914//1917
f 1777//1928 1928//1913 1461//1467
f 1922//1916 1921//1915 1454//1469 1455//1471
f 1447//1474 1448//1473 1915//1918 1914//1917
f 1923//1919 1922//1916 1455//1471 1456//1448
f 1916//1920 1915//1918 1448//1473 1449//1452
f 1924//1921 1923//1919 1456//1448 1457//1447
l 1447 1448
l 1448 1449
l 1449 1450
l 1450 1451
l 1451 1452
l 1452 1453
l 1453 1454
l 1454 1455
l 1455 1456
l 1456 1457
l 1457 1458
l 1458 1459
l 1459 1460
l 1460 1461
l 1462 1463
l 1463 1464
l 1464 1465
l 1465 1466
l 1466 1467
l 1467 1468
l 1468 1469
l 1469 1470
l 1470 1471
l 1471 1472
l 1472 1473
l 1473 1474
l 1474 1475
l 1475 1476
l 1457 1472
l 1456 1471
l 1450 1465
l 1449 1464
l 1458 1473
l 1451 1466
l 1459 1474
l 1452 1467
l 1460 1475
l 1453 1468
l 1461 1476
l 1454 1469
l 1447 1462
l 1455 1470
l 1448 1463
l 1477 1478
l 1478 1479
l 1479 1480
l 1480 1481
l 1481 1482
l 1482 1483
l 1483 1484
l 1484 1485
l 1485 1486
l 1486 1487
l 1487 1488
l 1488 1489
l 1489 1490
l 1490 1491
l 1471 1486
l 1470 1485
l 1464 1479
l 1463 1478
l 1472 1487
l 1465 1480
l 1473 1488
l 1466 1481
l 1474 1489
l 1467 1482
l 1475 1490
l 1468 1483
l 1476 1491
l 1469 1484
l 1462 1477
l 1492 1493
l 1493 1494
l 1494 1495
l 1495 1496
l 1496 1497
l 1497 1498
l 1498 1499
l 1499 1500
l 1500 1501
l 1501 1502
l 1502 1503
l 1503 1504
l 1504 1505
l 1505 1506
l 1490 1505
l 1489 1504
l 1483 1498
l 1482 1497
l 1491 1506
l 1484 1499
l 1477 1492
l 1485 1500
l 1478 1493
l 1486 1501
l 1479 1494
l 1487 1502
l 1480 1495
l 1488 1503
l 1481 1496
l 1507 1508
l 1508 1509
l 1509 1510
l 1510 1511
l 1511 1512
l 1512 1513
l 1513 1514
l 1514 1515
l 1515 1516
l 1516 1517
l 1517 1518
l 1518 1519
l 1519 1520
l 1520 1521
l 1494 1509
l 1493 1508
l 1502 1517
l 1501 1516
l 1495 1510
l 1503 1518
l 1496 1511
l 1504 1519
l 1497 1512
l 1505 1520
l 1498 1513
l 1506 1521
l 1499 1514
l 1492 1507
l 1500 1515
l 1522 1523
l 1523 1524
l 1524 1525
l 1525 1526
l 1526 1527
l 1527 1528
l 1528 1529
l 1529 1530
l 1530 1531
l 1531 1532
l 1532 1533
l 1533 1534
l 1534 1535
l 1535 1536
l 1513 1528
l 1512 1527
l 1521 1536
l 1520 1535
l 1514 1529
l 1507 1522
l 1515 1530
l 1508 1523
l 1516 1531
l 1509 1524
l 1517 1532
l 1510 1525
l 1518 1533
l 1511 1526
l 1519 1534
l 1537 1538
l 1538 1539
l 1539 1540
l 1540 1541
l 1541 1542
l 1542 1543
l 1543 1544
l 1544 1545
l 1545 1546
l 1546 1547
l 1547 1548
l 1548 1549
l 1549 1550
l 1550 1551
l 1532 1547
l 1531 1546
l 1525 1540
l 1524 1539
l 1533 1548
l 1526 1541
l 1534 1549
l 1527 1542
l 1535 1550
l 1528 1543
l 1536 1551
l 1529 1544
l 1522 1537
l 1530 1545
l 1523 1538
l 1552 1553
l 1553 1554
l 1554 1555
l 1555 1556
l 1556 1557
l 1557 1558
l 1558 1559
l 1559 1560
l 1560 1561
l 1561 1562
l 1562 1563
l 1563 1564
l 1564 1565
l 1565 1566
l 1551 1566
l 1550 1565
l 1544 1559
l 1543 1558
l 1537 1552
l 1545 1560
l 1538 1553
l 1546 1561
l 1539 1554
l 1547 1562
l 1540 1555
l 1548 1563
l 1541 1556
l 1549 1564
l 1542 1557
l 1567 1568
l 1568 1569
l 1569 1570
l 1570 1571
l 1571 1572
l 1572 1573
l 1573 1574
l 1574 1575
l 1575 1576
l 1576 1577
l 1577 1578
l 1578 1579
l 1579 1580
l 1580 1581
l 1555 1570
l 1554 1569
l 1563 1578
l 1562 1577
l 1556 1571
l 1564 1579
l 1557 1572
l 1565 1580
l 1558 1573
l 1566 1581
l 1559 1574
l 1552 1567
l 1560 1575
l 1553 1568
l 1561 1576
l 1582 1583
l 1583 1584
l 1584 1585
l 1585 1586
l 1586 1587
l 1587 1588
l 1588 1589
l 1589 1590
l 1590 1591
l 1591 1592
l 1592 1593
l 1593 1594
l 1594 1595
l 1595 1596
l 1574 1589
l 1573 1588
l 1567 1582
l 1581 1596
l 1575 1590
l 1568 1583
l 1576 1591
l 1569 1584
l 1577 1592
l 1570 1585
l 1578 1593
l 1571 1586
l 1579 1594
l 1572 1587
l 1580 1595
l 1597 1598
l 1598 1599
l 1599 1600
l 1600 1601
l 1601 1602
l 1602 1603
l 1603 1604
l 1604 1605
l 1605 1606
l 1606 1607
l 1607 1608
l 1608 1609
l 1609 1610
l 1610 1611
l 1593 1608
l 1592 1607
l 1586 1601
l 1585 1600
l 1594 1609
l 1587 1602
l 1595 1610
l 1588 1603
l 1596 1611
l 1589 1604
l 1582 1597
l 1590 1605
l 1583 1598
l 1591 1606
l 1584 1599
l 1612 1613
l 1613 1614
l 1614 1615
l 1615 1616
l 1616 1617
l 1617 1618
l 1618 1619
l 1619 1620
l 1620 1621
l 1621 1622
l 1622 1623
l 1623 1624
l 1624 1625
l 1625 1626
l 1611 1626
l 1605 1620
l 1604 1619
l 1598 1613
l 1597 1612
l 1606 1621
l 1599 1614
l 1607 1622
l 1600 1615
l 1608 1623
l 1601 1616
l 1609 1624
l 1602 1617
l 1610 1625
l 1603 1618
l 1627 1628
l 1628 1629
l 1629 1630
l 1630 1631
l 1631 1632
l 1632 1633
l 1633 1634
l 1634 1635
l 1635 1636
l 1636 1637
l 1637 1638
l 1638 1639
l 1639 1640
l 1640 1641
l 1624 1639
l 1623 1638
l 1617 1632
l 1616 1631
l 1625 1640
l 1618 1633
l 1626 1641
l 1619 1634
l 1612 1627
l 1620 1635
l 1613 1628
l 1621 1636
l 1614 1629
l 1622 1637
l 1615 1630
l 1642 1643
l 1643 1644
l 1644 1645
l 1645 1646
l 1646 1647
l 1647 1648
l 1648 1649
l 1649 1650
l 1650 1651
l 1651 1652
l 1652 1653
l 1653 1654
l 1654 1655
l 1655 1656
l 1628 1643
l 1627 1642
l 1636 1651
l 1635 1650
l 1629 1644
l 1637 1652
l 1630 1645
l 1638 1653
l 1631 1646
l 1639 1654
l 1632 1647
l 1640 1655
l 1633 1648
l 1641 1656
l 1634 1649
l 1657 1658
l 1658 1659
l 1659 1660
l 1660 1661
l 1661 1662
l 1662 1663
l 1663 1664
l 1664 1665
l 1665 1666
l 1666 1667
l 1667 1668
l 1668 1669
l 1669 1670
l 1670 1671
l 1647 1662
l 1646 1661
l 1655 1670
l 1654 1669
l 1648 1663
l 1656 1671
l 1649 1664
l 1642 1657
l 1650 1665
l 1643 1658
l 1651 1666
l 1644 1659
l 1652 1667
l 1645 1660
l 1653 1668
l 1672 1673
l 1673 1674
l 1674 1675
l 1675 1676
l 1676 1677
l 1677 1678
l 1678 1679
l 1679 1680
l 1680 1681
l 1681 1682
l 1682 1683
l 1683 1684
l 1684 1685
l 1685 1686
l 1666 1681
l 1665 1680
l 1659 1674
l 1658 1673
l 1667 1682
l 1660 1675
l 1668 1683
l 1661 1676
l 1669 1684
l 1662 1677
l 1670 1685
l 1663 1678
l 1671 1686
l 1664 1679
l 1657 1672
l 1687 1688
l 1688 1689
l 1689 1690
l 1690 1691
l 1691 1692
l 1692 1693
l 1693 1694
l 1694 1695
l 1695 1696
l 1696 1697
l 1697 1698
l 1698 1699
l 1699 1700
l 1700 1701
l 1685 1700
l 1684 1699
l 1678 1693
l 1677 1692
l 1686 1701
l 1679 1694
l 1672 1687
l 1680 1695
l 1673 1688
l 1681 1696
l 1674 1689
l 1682 1697
l 1675 1690
l 1683 1698
l 1676 1691
l 1702 1703
l 1703 1704
l 1704 1705
l 1705 1706
l 1706 1707
l 1707 1708
l 1708 1709
l 1709 1710
l 1710 1711
l 1711 1712
l 1712 1713
l 1713 1714
l 1714 1715
l 1715 1716
l 1689 1704
l 1688 1703
l 1697 1712
l 1696 1711
l 1690 1705
l 1698 1713
l 1691 1706
l 1699 1714
l 1692 1707
l 1700 1715
l 1693 1708
l 1701 1716
l 1694 1709
l 1687 1702
l 1695 1710
l 1717 1718
l 1718 1719
l 1719 1720
l 1720 1721
l 1721 1722
l 1722 1723
l 1723 1724
l 1724 1725
l 1725 1726
l 1726 1727
l 1727 1728
l 1728 1729
l 1729 1730
l 1730 1731
l 1708 1723
l 1707 1722
l 1716 1731
l 1715 1730
l 1709 1724
l 1702 1717
l 1710 1725
l 1703 1718
l 1711 1726
l 1704 1719
l 1712 1727
l 1705 1720
l 1713 1728
l 1706 1721
l 1714 1729
l 1732 1733
l 1733 1734
l 1734 1735
l 1735 1736
l 1736 1737
l 1737 1738
l 1738 1739
l 1739 1740
l 1740 1741
l 1741 1742
l 1742 1743
l 1743 1744
l 1744 1745
l 1745 1746
l 1727 1742
l 1726 1741
l 1720 1735
l 1719 1734
l 1728 1743
l 1721 1736
l 1729 1744
l 1722 1737
l 1730 1745
l 1723 1738
l 1731 1746
l 1724 1739
l 1717 1732
l 1725 1740
l 1718 1733
l 1747 1748
l 1748 1749
l 1749 1750
l 1750 1751
l 1751 1752
l 1752 1753
l 1753 1754
l 1754 1755
l 1755 1756
l 1756 1757
l 1757 1758
l 1758 1759
l 1759 1760
l 1760 1761
l 1746 1761
l 1745 1760
l 1739 1754
l 1738 1753
l 1732 1747
l 1740 1755
l 1733 1748
l 1741 1756
l 1734 1749
l 1742 1757
l 1735 1750
l 1743 1758
l 1736 1751
l 1744 1759
l 1737 1752
l 1762 1763
l 1763 1764
l 1764 1765
l 1765 1766
l 1766 1767
l 1767 1768
l 1768 1769
l 1769 1770
l 1770 1771
l 1771 1772
l 1772 1773
l 1773 1774
l 1774 1775
l 1775 1776
l 1776 1777
l 1758 1773
l 1757 1772
l 1751 1766
l 1750 1765
l 1759 1774
l 1752 1767
l 1760 1775
l 1753 1768
l 1761 1776
l 1754 1769
l 1747 1762
l 1755 1770
l 1748 1763
l 1756 1771
l 1749 1764
l 1778 1779
l 1779 1780
l 1780 1781
l 1781 1782
l 1782 1783
l 1783 1784
l 1784 1785
l 1785 1786
l 1786 1787
l 1787 1788
l 1788 1789
l 1789 1790
l 1790 1791
l 1791 1792
l 1762 1778
l 1776 1792
l 1770 1786
l 1769 1785
l 1763 1779
l 1771 1787
l 1764 1780
l 1772 1788
l 1765 1781
l 1773 1789
l 1766 1782
l 1774 1790
l 1767 1783
l 1775 1791
l 1768 1784
l 1793 1794
l 1794 1795
l 1795 1796
l 1796 1797
l 1797 1798
l 1798 1799
l 1799 1800
l 1800 1801
l 1801 1802
l 1802 1803
l 1803 1804
l 1804 1805
l 1805 1806
l 1806 1807
l 1782 1797
l 1781 1796
l 1790 1805
l 1789 1804
l 1783 1798
l 1791 1806
l 1784 1799
l 1792 1807
l 1785 1800
l 1778 1793
l 1786 1801
l 1779 1794
l 1787 1802
l 1780 1795
l 1788 1803
l 1808 1809
l 1809 1810
l 1810 1811
l 1811 1812
l 1812 1813
l 1813 1814
l 1814 1815
l 1815 1816
l 1816 1817
l 1817 1818
l 1818 1819
l 1819 1820
l 1820 1821
l 1821 1822
l 1801 1816
l 1800 1815
l 1794 1809
l 1793 1808
l 1802 1817
l 1795 1810
l 1803 1818
l 1796 1811
l 1804 1819
l 1797 1812
l 1805 1820
l 1798 1813
l 1806 1821
l 1799 1814
l 1807 1822
l 1823 1824
l 1824 1825
l 1825 1826
l 1826 1827
l 1827 1828
l 1828 1829
l 1829 1830
l 1830 1831
l 1831 1832
l 1832 1833
l 1833 1834
l 1834 1835
l 1835 1836
l 1836 1837
l 1820 1835
l 1819 1834
l 1813 1828
l 1812 1827
l 1821 1836
l 1814 1829
l 1822 1837
l 1815 1830
l 1808 1823
l 1816 1831
l 1809 1824
l 1817 1832
l 1810 1825
l 1818 1833
l 1811 1826
l 1838 1839
l 1839 1840
l 1840 1841
l 1841 1842
l 1842 1843
l 1843 1844
l 1844 1845
l 1845 1846
l 1846 1847
l 1847 1848
l 1848 1849
l 1849 1850
l 1850 1851
l 1851 1852
l 1824 1839
l 1823 1838
l 1832 1847
l 1831 1846
l 1825 1840
l 1833 1848
l 1826 1841
l 1834 1849
l 1827 1842
l 1835 1850
l 1828 1843
l 1836 1851
l 1829 1844
l 1837 1852
l 1830 1845
l 1853 1854
l 1854 1855
l 1855 1856
l 1856 1857
l 1857 1858
l 1858 1859
l 1859 1860
l 1860 1861
l 1861 1862
l 1862 1863
l 1863 1864
l 1864 1865
l 1865 1866
l 1866 1867
l 1843 1858
l 1842 1857
l 1851 1866
l 1850 1865
l 1844 1859
l 1852 1867
l 1845 1860
l 1838 1853
l 1846 1861
l 1839 1854
l 1847 1862
l 1840 1855
l 1848 1863
l 1841 1856
l 1849 1864
l 1868 1869
l 1869 1870
l 1870 1871
l 1871 1872
l 1872 1873
l 1873 1874
l 1874 1875
l 1875 1876
l 1876 1877
l 1877 1878
l 1878 1879
l 1879 1880
l 1880 1881
l 1881 1882
l 1862 1877
l 1861 1876
l 1855 1870
l 1854 1869
l 1863 1878
l 1856 1871
l 1864 1879
l 1857 1872
l 1865 1880
l 1858 1873
l 1866 1881
l 1859 1874
l 1867 1882
l 1860 1875
l 1853 1868
l 1883 1884
l 1884 1885
l 1885 1886
l 1886 1887
l 1887 1888
l 1888 1889
l 1889 1890
l 1890 1891
l 1891 1892
l 1892 1893
l 1893 1894
l 1894 1895
l 1895 1896
l 1896 1897
l 1881 1896
l 1880 1895
l 1874 1889
l 1873 1888
l 1882 1897
l 1875 1890
l 1868 1883
l 1876 1891
l 1869 1884
l 1877 1892
l 1870 1885
l 1878 1893
l 1871 1886
l 1879 1894
l 1872 1887
l 1898 1899
l 1899 1900
l 1900 1901
l 1901 1902
l 1902 1903
l 1903 1904
l 1904 1905
l 1905 1906
l 1906 1907
l 1907 1908
l 1908 1909
l 1909 1910
l 1910 1911
l 1911 1912
l 1912 1913
l 1893 1909
l 1892 1908
l 1886 1902
l 1885 1901
l 1894 1910
l 1887 1903
l 1895 1911
l 1888 1904
l 1896 1912
l 1889 1905
l 1897 1913
l 1890 1906
l 1883 1899
l 1891 1907
l 1884 1900
l 1914 1915
l 1915 1916
l 1916 1917
l 1917 1918
l 1918 1919
l 1919 1920
l 1920 1921
l 1921 1922
l 1922 1923
l 1923 1924
l 1924 1925
l 1925 1926
l 1926 1927
l 1927 1928
l 1913 1928
l 1912 1927
l 1906 1921
l 1905 1920
l 1899 1914
l 1907 1922
l 1900 1915
l 1908 1923
l 1901 1916
l 1909 1924
l 1902 1917
l 1910 1925
l 1903 1918
l 1911 1926
l 1904 1919
l 1447 1898
l 1461 1777
l 1462 1898
l 1476 1777
l 1477 1898
l 1491 1777
l 1492 1898
l 1506 1777
l 1507 1898
l 1521 1777
l 1522 1898
l 1536 1777
l 1537 1898
l 1551 1777
l 1552 1898
l 1566 1777
l 1567 1898
l 1581 1777
l 1582 1898
l 1596 1777
l 1597 1898
l 1611 1777
l 1612 1898
l 1626 1777
l 1627 1898
l 1641 1777
l 1642 1898
l 1656 1777
l 1657 1898
l 1671 1777
l 1672 1898
l 1686 1777
l 1687 1898
l 1701 1777
l 1702 1898
l 1716 1777
l 1717 1898
l 1731 1777
l 1732 1898
l 1746 1777
l 1747 1898
l 1761 1777
l 1762 1898
l 1778 1898
l 1777 1792
l 1793 1898
l 1777 1807
l 1808 1898
l 1777 1822
l 1823 1898
l 1777 1837
l 1838 1898
l 1777 1852
l 1853 1898
l 1777 1867
l 1868 1898
l 1777 1882
l 1883 1898
l 1777 1897
l 1777 1913
l 1898 1914
l 1777 1928
l 1450 1917
l 1449 1916
l 1458 1925
l 1457 1924
l 1451 1918
l 1459 1926
l 1452 1919
l 1460 1927
l 1453 1920
l 1461 1928
l 1454 1921
l 1447 1914
l 1455 1922
l 1448 1915
l 1456 1923
o Sphere.002
v -0.021903 0.004904 -0.048808
v -0.022566 0.004619 -0.048144
v -0.023177 0.004157 -0.047533
v -0.023713 0.003536 -0.046997
v -0.024153 0.002778 -0.046558
v -0.024480 0.001913 -0.046231
v -0.024681 0.000975 -0.046030
v -0.024749 0.000000 -0.045962
v -0.024681 -0.000975 -0.046030
v -0.024480 -0.001913 -0.046231
v -0.024153 -0.002778 -0.046558
v -0.023713 -0.003536 -0.046997
v -0.023177 -0.004157 -0.047533
v -0.022566 -0.004619 -0.048144
v -0.021903 -0.004904 -0.048808
v -0.022024 0.004904 -0.048956
v -0.022804 0.004619 -0.048434
v -0.023523 0.004157 -0.047954
v -0.024153 0.003536 -0.047533
v -0.024670 0.002778 -0.047188
v -0.025054 0.001913 -0.046931
v -0.025291 0.000975 -0.046773
v -0.025371 0.000000 -0.046720
v -0.025291 -0.000975 -0.046773
v -0.025054 -0.001913 -0.046931
v -0.024670 -0.002778 -0.047188
v -0.024153 -0.003536 -0.047533
v -0.023523 -0.004157 -0.047954
v -0.022804 -0.004619 -0.048434
v -0.022024 -0.004904 -0.048956
v -0.022114 0.004904 -0.049124
v -0.022981 0.004619 -0.048765
v -0.023780 0.004157 -0.048434
v -0.024480 0.003536 -0.048144
v -0.025054 0.002778 -0.047907
v -0.025481 0.001913 -0.047730
v -0.025744 0.000975 -0.047621
v -0.025833 0.000000 -0.047584
v -0.025744 -0.000975 -0.047621
v -0.025481 -0.001913 -0.047730
v -0.025054 -0.002778 -0.047907
v -0.024480 -0.003536 -0.048144
v -0.023780 -0.004157 -0.048434
v -0.022981 -0.004619 -0.048765
v -0.022114 -0.004904 -0.049124
v -0.022170 0.004904 -0.049307
v -0.023090 0.004619 -0.049124
v -0.023938 0.004157 -0.048956
v -0.024681 0.003536 -0.048808
v -0.025291 0.002778 -0.048686
v -0.025744 0.001913 -0.048596
v -0.026023 0.000975 -0.048541
v -0.026117 0.000000 -0.048522
v -0.026023 -0.000975 -0.048541
v -0.025744 -0.001913 -0.048596
v -0.025291 -0.002778 -0.048686
v -0.024681 -0.003536 -0.048808
v -0.023938 -0.004157 -0.048956
v -0.023090 -0.004619 -0.049124
v -0.022170 -0.004904 -0.049307
v -0.022189 0.004904 -0.049497
v -0.023127 0.004619 -0.049497
v -0.023991 0.004157 -0.049497
v -0.024749 0.003536 -0.049497
v -0.025371 0.002778 -0.049497
v -0.025833 0.001913 -0.049497
v -0.026117 0.000975 -0.049497
v -0.026213 0.000000 -0.049497
v -0.026117 -0.000975 -0.049497
v -0.025833 -0.001913 -0.049497
v -0.025371 -0.002778 -0.049497
v -0.024749 -0.003536 -0.049497
v -0.023991 -0.004157 -0.049497
v -0.023127 -0.004619 -0.049497
v -0.022189 -0.004904 -0.049497
v -0.022170 0.004904 -0.049688
v -0.023090 0.004619 -0.049871
v -0.023938 0.004157 -0.050039
v -0.024681 0.003536 -0.050187
v -0.025291 0.002778 -0.050309
v -0.025744 0.001913 -0.050399
v -0.026023 0.000975 -0.050454
v -0.026117 0.000000 -0.050473
v -0.026023 -0.000975 -0.050454
v -0.025744 -0.001913 -0.050399
v -0.025291 -0.002778 -0.050309
v -0.024681 -0.003536 -0.050187
v -0.023938 -0.004157 -0.050039
v -0.023090 -0.004619 -0.049871
v -0.022170 -0.004904 -0.049688
v -0.022114 0.004904 -0.049871
v -0.022981 0.004619 -0.050230
v -0.023780 0.004157 -0.050561
v -0.024480 0.003536 -0.050850
v -0.025054 0.002778 -0.051088
v -0.025481 0.001913 -0.051265
v -0.025744 0.000975 -0.051374
v -0.025833 0.000000 -0.051411
v -0.025744 -0.000975 -0.051374
v -0.025481 -0.001913 -0.051265
v -0.025054 -0.002778 -0.051088
v -0.024480 -0.003536 -0.050850
v -0.023780 -0.004157 -0.050561
v -0.022981 -0.004619 -0.050230
v -0.022114 -0.004904 -0.049871
v -0.022024 0.004904 -0.050039
v -0.022804 0.004619 -0.050561
v -0.023523 0.004157 -0.051041
v -0.024153 0.003536 -0.051462
v -0.024670 0.002778 -0.051807
v -0.025054 0.001913 -0.052064
v -0.025291 0.000975 -0.052222
v -0.025371 0.000000 -0.052275
v -0.025291 -0.000975 -0.052222
v -0.025054 -0.001913 -0.052064
v -0.024670 -0.002778 -0.051807
v -0.024153 -0.003536 -0.051462
v -0.023523 -0.004157 -0.051041
v -0.022804 -0.004619 -0.050561
v -0.022024 -0.004904 -0.050039
v -0.021903 0.004904 -0.050187
v -0.022566 0.004619 -0.050850
v -0.023177 0.004157 -0.051462
v -0.023713 0.003536 -0.051997
v -0.024153 0.002778 -0.052437
v -0.024480 0.001913 -0.052764
v -0.024681 0.000975 -0.052965
v -0.024749 0.000000 -0.053033
v -0.024681 -0.000975 -0.052965
v -0.024480 -0.001913 -0.052764
v -0.024153 -0.002778 -0.052437
v -0.023713 -0.003536 -0.051997
v -0.023177 -0.004157 -0.051462
v -0.022566 -0.004619 -0.050850
v -0.021903 -0.004904 -0.050187
v -0.021755 0.004904 -0.050309
v -0.022276 0.004619 -0.051088
v -0.022757 0.004157 -0.051807
v -0.023177 0.003536 -0.052437
v -0.023523 0.002778 -0.052954
v -0.023780 0.001913 -0.053338
v -0.023938 0.000975 -0.053575
v -0.023991 0.000000 -0.053655
v -0.023938 -0.000975 -0.053575
v -0.023780 -0.001913 -0.053338
v -0.023523 -0.002778 -0.052954
v -0.023177 -0.003536 -0.052437
v -0.022757 -0.004157 -0.051807
v -0.022276 -0.004619 -0.051088
v -0.021755 -0.004904 -0.050309
v -0.021587 0.004904 -0.050399
v -0.021945 0.004619 -0.051265
v -0.022276 0.004157 -0.052064
v -0.022566 0.003536 -0.052764
v -0.022804 0.002778 -0.053338
v -0.022981 0.001913 -0.053765
v -0.023090 0.000975 -0.054028
v -0.023127 0.000000 -0.054117
v -0.023090 -0.000975 -0.054028
v -0.022981 -0.001913 -0.053765
v -0.022804 -0.002778 -0.053338
v -0.022566 -0.003536 -0.052764
v -0.022276 -0.004157 -0.052064
v -0.021945 -0.004619 -0.051265
v -0.021587 -0.004904 -0.050399
v -0.021404 0.004904 -0.050454
v -0.021587 0.004619 -0.051374
v -0.021755 0.004157 -0.052222
v -0.021903 0.003536 -0.052965
v -0.022024 0.002778 -0.053575
v -0.022114 0.001913 -0.054028
v -0.022170 0.000975 -0.054307
v -0.022189 0.000000 -0.054401
v -0.022170 -0.000975 -0.054307
v -0.022114 -0.001913 -0.054028
v -0.022024 -0.002778 -0.053575
v -0.021903 -0.003536 -0.052965
v -0.021755 -0.004157 -0.052222
v -0.021587 -0.004619 -0.051374
v -0.021404 -0.004904 -0.050454
v -0.021213 0.004904 -0.050473
v -0.021213 0.004619 -0.051411
v -0.021213 0.004157 -0.052275
v -0.021213 0.003536 -0.053033
v -0.021213 0.002778 -0.053655
v -0.021213 0.001913 -0.054117
v -0.021213 0.000975 -0.054401
v -0.021213 0.000000 -0.054497
v -0.021213 -0.000975 -0.054401
v -0.021213 -0.001913 -0.054117
v -0.021213 -0.002778 -0.053655
v -0.021213 -0.003536 -0.053033
v -0.021213 -0.004157 -0.052275
v -0.021213 -0.004619 -0.051411
v -0.021213 -0.004904 -0.050473
v -0.021023 0.004904 -0.050454
v -0.020840 0.004619 -0.051374
v -0.020671 0.004157 -0.052222
v -0.020523 0.003536 -0.052965
v -0.020402 0.002778 -0.053575
v -0.020312 0.001913 -0.054028
v -0.020257 0.000975 -0.054307
v -0.020238 0.000000 -0.054401
v -0.020257 -0.000975 -0.054307
v -0.020312 -0.001913 -0.054028
v -0.020402 -0.002778 -0.053575
v -0.020523 -0.003536 -0.052965
v -0.020671 -0.004157 -0.052222
v -0.020840 -0.004619 -0.051374
v -0.021023 -0.004904 -0.050454
v -0.020840 0.004904 -0.050399
v -0.020481 0.004619 -0.051265
v -0.020150 0.004157 -0.052064
v -0.019860 0.003536 -0.052764
v -0.019622 0.002778 -0.053338
v -0.019445 0.001913 -0.053765
v -0.019337 0.000975 -0.054028
v -0.019300 0.000000 -0.054117
v -0.019337 -0.000975 -0.054028
v -0.019445 -0.001913 -0.053765
v -0.019622 -0.002778 -0.053338
v -0.019860 -0.003536 -0.052764
v -0.020150 -0.004157 -0.052064
v -0.020481 -0.004619 -0.051265
v -0.020840 -0.004904 -0.050399
v -0.020671 0.004904 -0.050309
v -0.020150 0.004619 -0.051088
v -0.019670 0.004157 -0.051807
v -0.019249 0.003536 -0.052437
v -0.018904 0.002778 -0.052954
v -0.018647 0.001913 -0.053338
v -0.018489 0.000975 -0.053575
v -0.018435 0.000000 -0.053655
v -0.018489 -0.000975 -0.053575
v -0.018647 -0.001913 -0.053338
v -0.018904 -0.002778 -0.052954
v -0.019249 -0.003536 -0.052437
v -0.019670 -0.004157 -0.051807
v -0.020150 -0.004619 -0.051088
v -0.020671 -0.004904 -0.050309
v -0.020523 0.004904 -0.050187
v -0.019860 0.004619 -0.050850
v -0.019249 0.004157 -0.051462
v -0.018713 0.003536 -0.051997
v -0.018274 0.002778 -0.052437
v -0.017947 0.001913 -0.052764
v -0.017746 0.000975 -0.052965
v -0.017678 0.000000 -0.053033
v -0.017746 -0.000975 -0.052965
v -0.017947 -0.001913 -0.052764
v -0.018274 -0.002778 -0.052437
v -0.018713 -0.003536 -0.051997
v -0.019249 -0.004157 -0.051462
v -0.019860 -0.004619 -0.050850
v -0.020523 -0.004904 -0.050187
v -0.020402 0.004904 -0.050039
v -0.019622 0.004619 -0.050561
v -0.018904 0.004157 -0.051041
v -0.018274 0.003536 -0.051462
v -0.017757 0.002778 -0.051807
v -0.017372 0.001913 -0.052064
v -0.017136 0.000975 -0.052222
v -0.017056 0.000000 -0.052275
v -0.017136 -0.000975 -0.052222
v -0.017372 -0.001913 -0.052064
v -0.017757 -0.002778 -0.051807
v -0.018274 -0.003536 -0.051462
v -0.018904 -0.004157 -0.051041
v -0.019622 -0.004619 -0.050561
v -0.020402 -0.004904 -0.050039
v -0.020312 0.004904 -0.049871
v -0.019445 0.004619 -0.050230
v -0.018647 0.004157 -0.050561
v -0.017947 0.003536 -0.050850
v -0.017372 0.002778 -0.051088
v -0.016945 0.001913 -0.051265
v -0.016683 0.000975 -0.051374
v -0.016594 0.000000 -0.051411
v -0.016683 -0.000975 -0.051374
v -0.016945 -0.001913 -0.051265
v -0.017372 -0.002778 -0.051088
v -0.017947 -0.003536 -0.050850
v -0.018647 -0.004157 -0.050561
v -0.019445 -0.004619 -0.050230
v -0.020312 -0.004904 -0.049871
v -0.020257 0.004904 -0.049688
v -0.019337 0.004619 -0.049871
v -0.018489 0.004157 -0.050039
v -0.017746 0.003536 -0.050187
v -0.017136 0.002778 -0.050309
v -0.016683 0.001913 -0.050399
v -0.016404 0.000975 -0.050454
v -0.016309 0.000000 -0.050473
v -0.016404 -0.000975 -0.050454
v -0.016683 -0.001913 -0.050399
v -0.017136 -0.002778 -0.050309
v -0.017746 -0.003536 -0.050187
v -0.018489 -0.004157 -0.050039
v -0.019337 -0.004619 -0.049871
v -0.020257 -0.004904 -0.049688
v -0.020238 0.004904 -0.049497
v -0.019300 0.004619 -0.049497
v -0.018435 0.004157 -0.049497
v -0.017678 0.003536 -0.049497
v -0.017056 0.002778 -0.049497
v -0.016594 0.001913 -0.049497
v -0.016309 0.000975 -0.049497
v -0.016213 0.000000 -0.049497
v -0.016309 -0.000975 -0.049497
v -0.016594 -0.001913 -0.049497
v -0.017056 -0.002778 -0.049497
v -0.017678 -0.003536 -0.049497
v -0.018435 -0.004157 -0.049497
v -0.019300 -0.004619 -0.049497
v -0.020238 -0.004904 -0.049497
v -0.020257 0.004904 -0.049307
v -0.019337 0.004619 -0.049124
v -0.018489 0.004157 -0.048956
v -0.017746 0.003536 -0.048808
v -0.017136 0.002778 -0.048686
v -0.016683 0.001913 -0.048596
v -0.016404 0.000975 -0.048541
v -0.016309 0.000000 -0.048522
v -0.016404 -0.000975 -0.048541
v -0.016683 -0.001913 -0.048596
v -0.017136 -0.002778 -0.048686
v -0.017746 -0.003536 -0.048808
v -0.018489 -0.004157 -0.048956
v -0.019337 -0.004619 -0.049124
v -0.020257 -0.004904 -0.049307
v -0.021213 -0.005000 -0.049497
v -0.020312 0.004904 -0.049124
v -0.019445 0.004619 -0.048765
v -0.018647 0.004157 -0.048434
v -0.017947 0.003536 -0.048144
v -0.017372 0.002778 -0.047907
v -0.016945 0.001913 -0.047730
v -0.016683 0.000975 -0.047621
v -0.016594 0.000000 -0.047584
v -0.016683 -0.000975 -0.047621
v -0.016945 -0.001913 -0.047730
v -0.017372 -0.002778 -0.047907
v -0.017947 -0.003536 -0.048144
v -0.018647 -0.004157 -0.048434
v -0.019445 -0.004619 -0.048765
v -0.020312 -0.004904 -0.049124
v -0.020402 0.004904 -0.048956
v -0.019622 0.004619 -0.048434
v -0.018904 0.004157 -0.047954
v -0.018274 0.003536 -0.047533
v -0.017757 0.002778 -0.047188
v -0.017372 0.001913 -0.046931
v -0.017136 0.000975 -0.046773
v -0.017056 0.000000 -0.046720
v -0.017136 -0.000975 -0.046773
v -0.017372 -0.001913 -0.046931
v -0.017757 -0.002778 -0.047188
v -0.018274 -0.003536 -0.047533
v -0.018904 -0.004157 -0.047954
v -0.019622 -0.004619 -0.048434
v -0.020402 -0.004904 -0.048956
v -0.020523 0.004904 -0.048808
v -0.019860 0.004619 -0.048144
v -0.019249 0.004157 -0.047533
v -0.018713 0.003536 -0.046997
v -0.018274 0.002778 -0.046558
v -0.017947 0.001913 -0.046231
v -0.017746 0.000975 -0.046030
v -0.017678 0.000000 -0.045962
v -0.017746 -0.000975 -0.046030
v -0.017947 -0.001913 -0.046231
v -0.018274 -0.002778 -0.046558
v -0.018713 -0.003536 -0.046997
v -0.019249 -0.004157 -0.047533
v -0.019860 -0.004619 -0.048144
v -0.020523 -0.004904 -0.048808
v -0.020671 0.004904 -0.048686
v -0.020150 0.004619 -0.047907
v -0.019670 0.004157 -0.047188
v -0.019249 0.003536 -0.046558
v -0.018904 0.002778 -0.046041
v -0.018647 0.001913 -0.045657
v -0.018489 0.000975 -0.045420
v -0.018435 0.000000 -0.045340
v -0.018489 -0.000975 -0.045420
v -0.018647 -0.001913 -0.045657
v -0.018904 -0.002778 -0.046041
v -0.019249 -0.003536 -0.046558
v -0.019670 -0.004157 -0.047188
v -0.020150 -0.004619 -0.047907
v -0.020671 -0.004904 -0.048686
v -0.020840 0.004904 -0.048596
v -0.020481 0.004619 -0.047730
v -0.020150 0.004157 -0.046931
v -0.019860 0.003536 -0.046231
v -0.019622 0.002778 -0.045657
v -0.019445 0.001913 -0.045230
v -0.019337 0.000975 -0.044967
v -0.019300 0.000000 -0.044878
v -0.019337 -0.000975 -0.044967
v -0.019445 -0.001913 -0.045230
v -0.019622 -0.002778 -0.045657
v -0.019860 -0.003536 -0.046231
v -0.020150 -0.004157 -0.046931
v -0.020481 -0.004619 -0.047730
v -0.020840 -0.004904 -0.048596
v -0.021023 0.004904 -0.048541
v -0.020840 0.004619 -0.047621
v -0.020671 0.004157 -0.046773
v -0.020523 0.003536 -0.046030
v -0.020402 0.002778 -0.045420
v -0.020312 0.001913 -0.044967
v -0.020257 0.000975 -0.044688
v -0.020238 0.000000 -0.044594
v -0.020257 -0.000975 -0.044688
v -0.020312 -0.001913 -0.044967
v -0.020402 -0.002778 -0.045420
v -0.020523 -0.003536 -0.046030
v -0.020671 -0.004157 -0.046773
v -0.020840 -0.004619 -0.047621
v -0.021023 -0.004904 -0.048541
v -0.021213 0.004904 -0.048522
v -0.021213 0.004619 -0.047584
v -0.021213 0.004157 -0.046720
v -0.021213 0.003536 -0.045962
v -0.021213 0.002778 -0.045340
v -0.021213 0.001913 -0.044878
v -0.021213 0.000975 -0.044594
v -0.021213 0.000000 -0.044497
v -0.021213 -0.000975 -0.044594
v -0.021213 -0.001913 -0.044878
v -0.021213 -0.002778 -0.045340
v -0.021213 -0.003536 -0.045962
v -0.021213 -0.004157 -0.046720
v -0.021213 -0.004619 -0.047584
v -0.021213 -0.004904 -0.048522
v -0.021404 0.004904 -0.048541
v -0.021587 0.004619 -0.047621
v -0.021755 0.004157 -0.046773
v -0.021903 0.003536 -0.046030
v -0.022024 0.002778 -0.045420
v -0.022114 0.001913 -0.044967
v -0.022170 0.000975 -0.044688
v -0.022189 0.000000 -0.044594
v -0.022170 -0.000975 -0.044688
v -0.022114 -0.001913 -0.044967
v -0.022024 -0.002778 -0.045420
v -0.021903 -0.003536 -0.046030
v -0.021755 -0.004157 -0.046773
v -0.021587 -0.004619 -0.047621
v -0.021404 -0.004904 -0.048541
v -0.021213 0.005000 -0.049497
v -0.021587 0.004904 -0.048596
v -0.021945 0.004619 -0.047730
v -0.022276 0.004157 -0.046931
v -0.022566 0.003536 -0.046231
v -0.022804 0.002778 -0.045657
v -0.022981 0.001913 -0.045230
v -0.023090 0.000975 -0.044967
v -0.023127 0.000000 -0.044878
v -0.023090 -0.000975 -0.044967
v -0.022981 -0.001913 -0.045230
v -0.022804 -0.002778 -0.045657
v -0.022566 -0.003536 -0.046231
v -0.022276 -0.004157 -0.046931
v -0.021945 -0.004619 -0.047730
v -0.021587 -0.004904 -0.048596
v -0.021755 0.004904 -0.048686
v -0.022276 0.004619 -0.047907
v -0.022757 0.004157 -0.047188
v -0.023177 0.003536 -0.046558
v -0.023523 0.002778 -0.046041
v -0.023780 0.001913 -0.045657
v -0.023938 0.000975 -0.045420
v -0.023991 0.000000 -0.045340
v -0.023938 -0.000975 -0.045420
v -0.023780 -0.001913 -0.045657
v -0.023523 -0.002778 -0.046041
v -0.023177 -0.003536 -0.046558
v -0.022757 -0.004157 -0.047188
v -0.022276 -0.004619 -0.047907
v -0.021755 -0.004904 -0.048686
vn -0.5893 -0.5528 0.5893
vn -0.6539 -0.3805 0.6539
vn -0.7689 -0.3805 0.5137
vn -0.6929 -0.5528 0.4630
vn -0.5021 0.7040 0.5021
vn -0.3958 0.8286 0.3958
vn -0.4654 0.8286 0.3110
vn -0.5904 0.7040 0.3945
vn -0.5021 -0.7040 0.5021
vn -0.5904 -0.7040 0.3945
vn -0.5893 0.5528 0.5893
vn -0.6929 0.5528 0.4630
vn -0.3958 -0.8286 0.3958
vn -0.4654 -0.8286 0.3110
vn -0.6539 0.3805 0.6539
vn -0.7689 0.3805 0.5137
vn -0.2743 -0.9217 0.2743
vn -0.3225 -0.9217 0.2155
vn -0.6937 0.1939 0.6937
vn -0.8157 0.1939 0.5450
vn -0.1421 -0.9796 0.1421
vn -0.1671 -0.9796 0.1116
vn -0.7071 0.0000 0.7071
vn -0.8314 0.0000 0.5556
vn -0.6937 -0.1939 0.6937
vn -0.8157 -0.1939 0.5450
vn -0.2743 0.9217 0.2743
vn -0.1421 0.9796 0.1421
vn -0.1671 0.9796 0.1116
vn -0.3225 0.9217 0.2155
vn -0.9063 -0.1939 0.3754
vn -0.8544 -0.3805 0.3539
vn -0.3583 0.9217 0.1484
vn -0.5171 0.8286 0.2142
vn -0.7699 -0.5528 0.3189
vn -0.6561 0.7040 0.2717
vn -0.6561 -0.7040 0.2717
vn -0.7699 0.5528 0.3189
vn -0.5171 -0.8286 0.2142
vn -0.8544 0.3805 0.3539
vn -0.3583 -0.9217 0.1484
vn -0.9063 0.1939 0.3754
vn -0.1856 -0.9796 0.0769
vn -0.9239 0.0000 0.3827
vn -0.1856 0.9796 0.0769
vn -0.5490 -0.8286 0.1092
vn -0.3804 -0.9217 0.0757
vn -0.9070 0.3805 0.1804
vn -0.9622 0.1939 0.1914
vn -0.1971 -0.9796 0.0392
vn -0.9808 0.0000 0.1951
vn -0.9622 -0.1939 0.1914
vn -0.1971 0.9796 0.0392
vn -0.3804 0.9217 0.0757
vn -0.9070 -0.3805 0.1804
vn -0.5490 0.8286 0.1092
vn -0.8173 -0.5528 0.1626
vn -0.6965 0.7040 0.1385
vn -0.6965 -0.7040 0.1385
vn -0.8173 0.5528 0.1626
vn -0.3879 0.9217 0.0000
vn -0.5598 0.8286 0.0000
vn -0.9247 -0.3805 0.0000
vn -0.8333 -0.5528 0.0000
vn -0.7101 0.7040 0.0000
vn -0.7101 -0.7040 0.0000
vn -0.8333 0.5528 0.0000
vn -0.5598 -0.8286 0.0000
vn -0.9247 0.3805 0.0000
vn -0.3879 -0.9217 0.0000
vn -0.9810 0.1939 0.0000
vn -0.2010 -0.9796 0.0000
vn -1.0000 0.0000 0.0000
vn -0.9810 -0.1939 0.0000
vn -0.2010 0.9796 0.0000
vn -0.9070 0.3805 -0.1804
vn -0.9622 0.1939 -0.1914
vn -0.3804 -0.9217 -0.0757
vn -0.1971 -0.9796 -0.0392
vn -0.9808 0.0000 -0.1951
vn -0.9622 -0.1939 -0.1914
vn -0.1971 0.9796 -0.0392
vn -0.3804 0.9217 -0.0757
vn -0.9070 -0.3805 -0.1804
vn -0.5490 0.8286 -0.1092
vn -0.8173 -0.5528 -0.1626
vn -0.6965 0.7040 -0.1385
vn -0.6965 -0.7040 -0.1385
vn -0.8173 0.5528 -0.1626
vn -0.5490 -0.8286 -0.1092
vn -0.8544 -0.3805 -0.3539
vn -0.7699 -0.5528 -0.3189
vn -0.5171 0.8286 -0.2142
vn -0.6561 0.7040 -0.2717
vn -0.6561 -0.7040 -0.2717
vn -0.7699 0.5528 -0.3189
vn -0.5171 -0.8286 -0.2142
vn -0.8544 0.3805 -0.3539
vn -0.3583 -0.9217 -0.1484
vn -0.9063 0.1939 -0.3754
vn -0.1856 -0.9796 -0.0769
vn -0.9239 0.0000 -0.3827
vn -0.9063 -0.1939 -0.3754
vn -0.1856 0.9796 -0.0769
vn -0.3583 0.9217 -0.1484
vn -0.3225 -0.9217 -0.2155
vn -0.1671 -0.9796 -0.1116
vn -0.8157 0.1939 -0.5450
vn -0.8314 0.0000 -0.5556
vn -0.8157 -0.1939 -0.5450
vn -0.1671 0.9796 -0.1116
vn -0.3225 0.9217 -0.2155
vn -0.7689 -0.3805 -0.5137
vn -0.4654 0.8286 -0.3110
vn -0.6929 -0.5528 -0.4630
vn -0.5904 0.7040 -0.3945
vn -0.5904 -0.7040 -0.3945
vn -0.6929 0.5528 -0.4630
vn -0.4654 -0.8286 -0.3110
vn -0.7689 0.3805 -0.5137
vn -0.3958 0.8286 -0.3958
vn -0.5021 0.7040 -0.5021
vn -0.5893 -0.5528 -0.5893
vn -0.5021 -0.7040 -0.5021
vn -0.5893 0.5528 -0.5893
vn -0.3958 -0.8286 -0.3958
vn -0.6539 0.3805 -0.6539
vn -0.2743 -0.9217 -0.2743
vn -0.6937 0.1939 -0.6937
vn -0.1421 -0.9796 -0.1421
vn -0.7071 0.0000 -0.7071
vn -0.6937 -0.1939 -0.6937
vn -0.1421 0.9796 -0.1421
vn -0.2743 0.9217 -0.2743
vn -0.6539 -0.3805 -0.6539
vn -0.5450 0.1939 -0.8157
vn -0.5556 0.0000 -0.8314
vn -0.5450 -0.1939 -0.8157
vn -0.1116 0.9796 -0.1671
vn -0.2155 0.9217 -0.3225
vn -0.5137 -0.3805 -0.7689
vn -0.3110 0.8286 -0.4654
vn -0.4630 -0.5528 -0.6929
vn -0.3945 0.7040 -0.5904
vn -0.3945 -0.7040 -0.5904
vn -0.4630 0.5528 -0.6929
vn -0.3110 -0.8286 -0.4654
vn -0.5137 0.3805 -0.7689
vn -0.2155 -0.9217 -0.3225
vn -0.1116 -0.9796 -0.1671
vn -0.3189 -0.5528 -0.7699
vn -0.2717 -0.7040 -0.6561
vn -0.2717 0.7040 -0.6561
vn -0.3189 0.5528 -0.7699
vn -0.2142 -0.8286 -0.5171
vn -0.3539 0.3805 -0.8544
vn -0.1484 -0.9217 -0.3583
vn -0.3754 0.1939 -0.9063
vn -0.0769 -0.9796 -0.1856
vn -0.3827 0.0000 -0.9239
vn -0.3754 -0.1939 -0.9063
vn -0.0769 0.9796 -0.1856
vn -0.1484 0.9217 -0.3583
vn -0.3539 -0.3805 -0.8544
vn -0.2142 0.8286 -0.5171
vn -0.1951 0.0000 -0.9808
vn -0.1914 -0.1939 -0.9622
vn -0.0392 0.9796 -0.1971
vn -0.0757 0.9217 -0.3804
vn -0.1804 -0.3805 -0.9070
vn -0.1092 0.8286 -0.5490
vn -0.1626 -0.5528 -0.8173
vn -0.1385 0.7040 -0.6965
vn -0.1385 -0.7040 -0.6965
vn -0.1626 0.5528 -0.8173
vn -0.1092 -0.8286 -0.5490
vn -0.1804 0.3805 -0.9070
vn -0.0757 -0.9217 -0.3804
vn -0.1914 0.1939 -0.9622
vn -0.0392 -0.9796 -0.1971
vn 0.0000 -0.7040 -0.7101
vn 0.0000 -0.8286 -0.5598
vn 0.0000 0.5528 -0.8333
vn 0.0000 0.3805 -0.9247
vn 0.0000 -0.9217 -0.3879
vn 0.0000 0.1939 -0.9810
vn 0.0000 -0.9796 -0.2010
vn 0.0000 0.0000 -1.0000
vn 0.0000 -0.1939 -0.9810
vn 0.0000 0.9796 -0.2010
vn 0.0000 0.9217 -0.3879
vn 0.0000 -0.3805 -0.9247
vn 0.0000 0.8286 -0.5598
vn 0.0000 -0.5528 -0.8333
vn 0.0000 0.7040 -0.7101
vn 0.0392 0.9796 -0.1971
vn 0.0757 0.9217 -0.3804
vn 0.1914 -0.1939 -0.9622
vn 0.1804 -0.3805 -0.9070
vn 0.1092 0.8286 -0.5490
vn 0.1626 -0.5528 -0.8173
vn 0.1385 0.7040 -0.6965
vn 0.1385 -0.7040 -0.6965
vn 0.1626 0.5528 -0.8173
vn 0.1092 -0.8286 -0.5490
vn 0.1804 0.3805 -0.9070
vn 0.0757 -0.9217 -0.3804
vn 0.1914 0.1939 -0.9622
vn 0.0392 -0.9796 -0.1971
vn 0.1951 0.0000 -0.9808
vn 0.3189 0.5528 -0.7699
vn 0.3539 0.3805 -0.8544
vn 0.2142 -0.8286 -0.5171
vn 0.1484 -0.9217 -0.3583
vn 0.3754 0.1939 -0.9063
vn 0.0769 -0.9796 -0.1856
vn 0.3827 0.0000 -0.9239
vn 0.3754 -0.1939 -0.9063
vn 0.0769 0.9796 -0.1856
vn 0.1484 0.9217 -0.3583
vn 0.3539 -0.3805 -0.8544
vn 0.2142 0.8286 -0.5171
vn 0.3189 -0.5528 -0.7699
vn 0.2717 0.7040 -0.6561
vn 0.2717 -0.7040 -0.6561
vn 0.5450 -0.1939 -0.8157
vn 0.5137 -0.3805 -0.7689
vn 0.2155 0.9217 -0.3225
vn 0.3110 0.8286 -0.4654
vn 0.4630 -0.5528 -0.6929
vn 0.3945 0.7040 -0.5904
vn 0.3945 -0.7040 -0.5904
vn 0.4630 0.5528 -0.6929
vn 0.3110 -0.8286 -0.4654
vn 0.5137 0.3805 -0.7689
vn 0.2155 -0.9217 -0.3225
vn 0.5450 0.1939 -0.8157
vn 0.1116 -0.9796 -0.1671
vn 0.5556 0.0000 -0.8314
vn 0.1116 0.9796 -0.1671
vn 0.3958 -0.8286 -0.3958
vn 0.2743 -0.9217 -0.2743
vn 0.6539 0.3805 -0.6539
vn 0.6937 0.1939 -0.6937
vn 0.1421 -0.9796 -0.1421
vn 0.7071 0.0000 -0.7071
vn 0.6937 -0.1939 -0.6937
vn 0.1421 0.9796 -0.1421
vn 0.2743 0.9217 -0.2743
vn 0.6539 -0.3805 -0.6539
vn 0.3958 0.8286 -0.3958
vn 0.5893 -0.5528 -0.5893
vn 0.5021 0.7040 -0.5021
vn 0.5021 -0.7040 -0.5021
vn 0.5893 0.5528 -0.5893
vn 0.3225 0.9217 -0.2155
vn 0.4654 0.8286 -0.3110
vn 0.7689 -0.3805 -0.5137
vn 0.6929 -0.5528 -0.4630
vn 0.5904 0.7040 -0.3945
vn 0.5904 -0.7040 -0.3945
vn 0.6929 0.5528 -0.4630
vn 0.4654 -0.8286 -0.3110
vn 0.7689 0.3805 -0.5137
vn 0.3225 -0.9217 -0.2155
vn 0.8157 0.1939 -0.5450
vn 0.1671 -0.9796 -0.1116
vn 0.8314 0.0000 -0.5556
vn 0.8157 -0.1939 -0.5450
vn 0.1671 0.9796 -0.1116
vn 0.8544 0.3805 -0.3539
vn 0.9063 0.1939 -0.3754
vn 0.3583 -0.9217 -0.1484
vn 0.1856 -0.9796 -0.0769
vn 0.9239 0.0000 -0.3827
vn 0.9063 -0.1939 -0.3754
vn 0.1856 0.9796 -0.0769
vn 0.3583 0.9217 -0.1484
vn 0.8544 -0.3805 -0.3539
vn 0.5171 0.8286 -0.2142
vn 0.7699 -0.5528 -0.3189
vn 0.6561 0.7040 -0.2717
vn 0.6561 -0.7040 -0.2717
vn 0.7699 0.5528 -0.3189
vn 0.5171 -0.8286 -0.2142
vn 0.9070 -0.3805 -0.1804
vn 0.8173 -0.5528 -0.1626
vn 0.5490 0.8286 -0.1092
vn 0.6965 0.7040 -0.1385
vn 0.6965 -0.7040 -0.1385
vn 0.8173 0.5528 -0.1626
vn 0.5490 -0.8286 -0.1092
vn 0.9070 0.3805 -0.1804
vn 0.3804 -0.9217 -0.0757
vn 0.9622 0.1939 -0.1914
vn 0.1971 -0.9796 -0.0392
vn 0.9808 0.0000 -0.1951
vn 0.9622 -0.1939 -0.1914
vn 0.1971 0.9796 -0.0392
vn 0.3804 0.9217 -0.0757
vn 0.3879 -0.9217 0.0000
vn 0.2010 -0.9796 0.0000
vn 0.9810 0.1939 0.0000
vn 1.0000 0.0000 0.0000
vn 0.9810 -0.1939 0.0000
vn 0.2010 0.9796 0.0000
vn 0.3879 0.9217 0.0000
vn 0.9247 -0.3805 0.0000
vn 0.5598 0.8286 0.0000
vn 0.8333 -0.5528 0.0000
vn 0.7101 0.7040 0.0000
vn 0.7101 -0.7040 0.0000
vn 0.8333 0.5528 0.0000
vn 0.5598 -0.8286 0.0000
vn 0.9247 0.3805 0.0000
vn 0.8173 -0.5528 0.1626
vn 0.6965 -0.7040 0.1385
vn 0.6965 0.7040 0.1385
vn 0.8173 0.5528 0.1626
vn 0.5490 -0.8286 0.1092
vn 0.9070 0.3805 0.1804
vn 0.3804 -0.9217 0.0757
vn 0.9622 0.1939 0.1914
vn 0.1971 -0.9796 0.0392
vn 0.9808 0.0000 0.1951
vn 0.9622 -0.1939 0.1914
vn 0.1971 0.9796 0.0392
vn 0.3804 0.9217 0.0757
vn 0.9070 -0.3805 0.1804
vn 0.5490 0.8286 0.1092
vn 0.9239 0.0000 0.3827
vn 0.9063 -0.1939 0.3754
vn 0.1856 0.9796 0.0769
vn 0.3583 0.9217 0.1484
vn 0.8544 -0.3805 0.3539
vn 0.5171 0.8286 0.2142
vn 0.7699 -0.5528 0.3189
vn 0.6561 0.7040 0.2717
vn 0.6561 -0.7040 0.2717
vn 0.7699 0.5528 0.3189
vn 0.5171 -0.8286 0.2142
vn 0.8544 0.3805 0.3539
vn 0.3583 -0.9217 0.1484
vn 0.9063 0.1939 0.3754
vn 0.1856 -0.9796 0.0769
vn 0.5904 0.7040 0.3945
vn 0.6929 0.5528 0.4630
vn 0.5904 -0.7040 0.3945
vn 0.4654 -0.8286 0.3110
vn 0.7689 0.3805 0.5137
vn 0.3225 -0.9217 0.2155
vn 0.8157 0.1939 0.5450
vn 0.1671 -0.9796 0.1116
vn 0.8314 0.0000 0.5556
vn 0.8157 -0.1939 0.5450
vn 0.1671 0.9796 0.1116
vn 0.3225 0.9217 0.2155
vn 0.7689 -0.3805 0.5137
vn 0.4654 0.8286 0.3110
vn 0.6929 -0.5528 0.4630
vn 0.7071 0.0000 0.7071
vn 0.6937 -0.1939 0.6937
vn 0.1421 0.9796 0.1421
vn 0.2743 0.9217 0.2743
vn 0.6539 -0.3805 0.6539
vn 0.3958 0.8286 0.3958
vn 0.5893 -0.5528 0.5893
vn 0.5021 0.7040 0.5021
vn 0.5021 -0.7040 0.5021
vn 0.5893 0.5528 0.5893
vn 0.3958 -0.8286 0.3958
vn 0.6539 0.3805 0.6539
vn 0.2743 -0.9217 0.2743
vn 0.6937 0.1939 0.6937
vn 0.1421 -0.9796 0.1421
vn 0.3945 -0.7040 0.5904
vn 0.3110 -0.8286 0.4654
vn 0.4630 0.5528 0.6929
vn 0.5137 0.3805 0.7689
vn 0.2155 -0.9217 0.3225
vn 0.5450 0.1939 0.8157
vn 0.1116 -0.9796 0.1671
vn 0.5556 0.0000 0.8314
vn 0.5450 -0.1939 0.8157
vn 0.1116 0.9796 0.1671
vn 0.2155 0.9217 0.3225
vn 0.5137 -0.3805 0.7689
vn 0.3110 0.8286 0.4654
vn 0.4630 -0.5528 0.6929
vn 0.3945 0.7040 0.5904
vn 0.0769 0.9796 0.1856
vn 0.1484 0.9217 0.3583
vn 0.3754 -0.1939 0.9063
vn 0.3539 -0.3805 0.8544
vn 0.2142 0.8286 0.5171
vn 0.3189 -0.5528 0.7699
vn 0.2717 0.7040 0.6561
vn 0.2717 -0.7040 0.6561
vn 0.3189 0.5528 0.7699
vn 0.2142 -0.8286 0.5171
vn 0.3539 0.3805 0.8544
vn 0.1484 -0.9217 0.3583
vn 0.3754 0.1939 0.9063
vn 0.0769 -0.9796 0.1856
vn 0.3827 0.0000 0.9239
vn 0.1626 0.5528 0.8173
vn 0.1804 0.3805 0.9070
vn 0.1092 -0.8286 0.5490
vn 0.0757 -0.9217 0.3804
vn 0.1914 0.1939 0.9622
vn 0.0392 -0.9796 0.1971
vn 0.1951 0.0000 0.9808
vn 0.1914 -0.1939 0.9622
vn 0.0392 0.9796 0.1971
vn 0.0757 0.9217 0.3804
vn 0.1804 -0.3805 0.9070
vn 0.1092 0.8286 0.5490
vn 0.1626 -0.5528 0.8173
vn 0.1385 0.7040 0.6965
vn 0.1385 -0.7040 0.6965
vn 0.0000 -0.1939 0.9810
vn 0.0000 -0.3805 0.9247
vn 0.0000 0.9217 0.3879
vn 0.0000 0.8286 0.5598
vn 0.0000 -0.5528 0.8333
vn 0.0000 0.7040 0.7101
vn 0.0000 -0.7040 0.7101
vn 0.0000 0.5528 0.8333
vn 0.0000 -0.8286 0.5598
vn 0.0000 0.3805 0.9247
vn 0.0000 -0.9217 0.3879
vn 0.0000 0.1939 0.9810
vn 0.0000 -0.9796 0.2010
vn 0.0000 0.0000 1.0000
vn 0.0000 0.9796 0.2010
vn -0.1092 -0.8286 0.5490
vn -0.0757 -0.9217 0.3804
vn -0.1804 0.3805 0.9070
vn -0.1914 0.1939 0.9622
vn -0.0392 -0.9796 0.1971
vn -0.1951 0.0000 0.9808
vn -0.1914 -0.1939 0.9622
vn -0.0392 0.9796 0.1971
vn -0.0757 0.9217 0.3804
vn -0.1804 -0.3805 0.9070
vn -0.1092 0.8286 0.5490
vn -0.1626 -0.5528 0.8173
vn -0.1385 0.7040 0.6965
vn -0.1385 -0.7040 0.6965
vn -0.1626 0.5528 0.8173
vn -0.3539 -0.3805 0.8544
vn -0.3189 -0.5528 0.7699
vn -0.2142 0.8286 0.5171
vn -0.2717 0.7040 0.6561
vn -0.2717 -0.7040 0.6561
vn -0.3189 0.5528 0.7699
vn -0.2142 -0.8286 0.5171
vn -0.3539 0.3805 0.8544
vn -0.1484 -0.9217 0.3583
vn -0.3754 0.1939 0.9063
vn -0.0769 -0.9796 0.1856
vn -0.3827 0.0000 0.9239
vn -0.3754 -0.1939 0.9063
vn -0.0769 0.9796 0.1856
vn -0.1484 0.9217 0.3583
vn -0.2155 -0.9217 0.3225
vn -0.1116 -0.9796 0.1671
vn -0.5450 0.1939 0.8157
vn -0.5556 0.0000 0.8314
vn -0.5450 -0.1939 0.8157
vn -0.1116 0.9796 0.1671
vn -0.2155 0.9217 0.3225
vn -0.5137 -0.3805 0.7689
vn -0.3110 0.8286 0.4654
vn -0.4630 -0.5528 0.6929
vn -0.3945 0.7040 0.5904
vn -0.3945 -0.7040 0.5904
vn -0.4630 0.5528 0.6929
vn -0.3110 -0.8286 0.4654
vn -0.5137 0.3805 0.7689
vn 0.0000 1.0000 0.0000
vn 0.0000 -1.0000 0.0000
usemtl Material.001
s 1
f 1939//1929 1938//1930 1953//1931 1954//1932
f 1932//1933 1931//1934 1946//1935 1947//1936
f 1940//1937 1939//1929 1954//1932 1955//1938
f 1933//1939 1932//1933 1947//1936 1948//1940
f 1941//1941 1940//1937 1955//1938 1956//1942
f 1934//1943 1933//1939 1948//1940 1949//1944
f 1942//1945 1941//1941 1956//1942 1957//1946
f 1935//1947 1934//1943 1949//1944 1950//1948
f 1943//1949 1942//1945 1957//1946 1958//1950
f 1936//1951 1935//1947 1950//1948 1951//1952
f 1937//1953 1936//1951 1951//1952 1952//1954
f 1930//1955 1929//1956 1944//1957 1945//1958
f 1938//1930 1937//1953 1952//1954 1953//1931
f 1931//1934 1930//1955 1945//1958 1946//1935
f 1953//1931 1952//1954 1967//1959 1968//1960
f 1946//1935 1945//1958 1960//1961 1961//1962
f 1954//1932 1953//1931 1968//1960 1969//1963
f 1947//1936 1946//1935 1961//1962 1962//1964
f 1955//1938 1954//1932 1969//1963 1970//1965
f 1948//1940 1947//1936 1962//1964 1963//1966
f 1956//1942 1955//1938 1970//1965 1971//1967
f 1949//1944 1948//1940 1963//1966 1964//1968
f 1957//1946 1956//1942 1971//1967 1972//1969
f 1950//1948 1949//1944 1964//1968 1965//1970
f 1958//1950 1957//1946 1972//1969 1973//1971
f 1951//1952 1950//1948 1965//1970 1966//1972
f 1952//1954 1951//1952 1966//1972 1967//1959
f 1945//1958 1944//1957 1959//1973 1960//1961
f 1972//1969 1971//1967 1986//1974 1987//1975
f 1965//1970 1964//1968 1979//1976 1980//1977
f 1973//1971 1972//1969 1987//1975 1988//1978
f 1966//1972 1965//1970 1980//1977 1981//1979
f 1967//1959 1966//1972 1981//1979 1982//1980
f 1960//1961 1959//1973 1974//1981 1975//1982
f 1968//1960 1967//1959 1982//1980 1983//1983
f 1961//1962 1960//1961 1975//1982 1976//1984
f 1969//1963 1968//1960 1983//1983 1984//1985
f 1962//1964 1961//1962 1976//1984 1977//1986
f 1970//1965 1969//1963 1984//1985 1985//1987
f 1963//1966 1962//1964 1977//1986 1978//1988
f 1971//1967 1970//1965 1985//1987 1986//1974
f 1964//1968 1963//1966 1978//1988 1979//1976
f 1976//1984 1975//1982 1990//1989 1991//1990
f 1984//1985 1983//1983 1998//1991 1999//1992
f 1977//1986 1976//1984 1991//1990 1992//1993
f 1985//1987 1984//1985 1999//1992 2000//1994
f 1978//1988 1977//1986 1992//1993 1993//1995
f 1986//1974 1985//1987 2000//1994 2001//1996
f 1979//1976 1978//1988 1993//1995 1994//1997
f 1987//1975 1986//1974 2001//1996 2002//1998
f 1980//1977 1979//1976 1994//1997 1995//1999
f 1988//1978 1987//1975 2002//1998 2003//2000
f 1981//1979 1980//1977 1995//1999 1996//2001
f 1982//1980 1981//1979 1996//2001 1997//2002
f 1975//1982 1974//1981 1989//2003 1990//1989
f 1983//1983 1982//1980 1997//2002 1998//1991
f 1995//1999 1994//1997 2009//2004 2010//2005
f 2003//2000 2002//1998 2017//2006 2018//2007
f 1996//2001 1995//1999 2010//2005 2011//2008
f 1997//2002 1996//2001 2011//2008 2012//2009
f 1990//1989 1989//2003 2004//2010 2005//2011
f 1998//1991 1997//2002 2012//2009 2013//2012
f 1991//1990 1990//1989 2005//2011 2006//2013
f 1999//1992 1998//1991 2013//2012 2014//2014
f 1992//1993 1991//1990 2006//2013 2007//2015
f 2000//1994 1999//1992 2014//2014 2015//2016
f 1993//1995 1992//1993 2007//2015 2008//2017
f 2001//1996 2000//1994 2015//2016 2016//2018
f 1994//1997 1993//1995 2008//2017 2009//2004
f 2002//1998 2001//1996 2016//2018 2017//2006
f 2014//2014 2013//2012 2028//2019 2029//2020
f 2007//2015 2006//2013 2021//2021 2022//2022
f 2015//2016 2014//2014 2029//2020 2030//2023
f 2008//2017 2007//2015 2022//2022 2023//2024
f 2016//2018 2015//2016 2030//2023 2031//2025
f 2009//2004 2008//2017 2023//2024 2024//2026
f 2017//2006 2016//2018 2031//2025 2032//2027
f 2010//2005 2009//2004 2024//2026 2025//2028
f 2018//2007 2017//2006 2032//2027 2033//2029
f 2011//2008 2010//2005 2025//2028 2026//2030
f 2012//2009 2011//2008 2026//2030 2027//2031
f 2005//2011 2004//2010 2019//2032 2020//2033
f 2013//2012 2012//2009 2027//2031 2028//2019
f 2006//2013 2005//2011 2020//2033 2021//2021
f 2033//2029 2032//2027 2047//2034 2048//2035
f 2026//2030 2025//2028 2040//2036 2041//2037
f 2027//2031 2026//2030 2041//2037 2042//2038
f 2020//2033 2019//2032 2034//2039 2035//2040
f 2028//2019 2027//2031 2042//2038 2043//2041
f 2021//2021 2020//2033 2035//2040 2036//2042
f 2029//2020 2028//2019 2043//2041 2044//2043
f 2022//2022 2021//2021 2036//2042 2037//2044
f 2030//2023 2029//2020 2044//2043 2045//2045
f 2023//2024 2022//2022 2037//2044 2038//2046
f 2031//2025 2030//2023 2045//2045 2046//2047
f 2024//2026 2023//2024 2038//2046 2039//2048
f 2032//2027 2031//2025 2046//2047 2047//2034
f 2025//2028 2024//2026 2039//2048 2040//2036
f 2037//2044 2036//2042 2051//2049 2052//2050
f 2045//2045 2044//2043 2059//2051 2060//2052
f 2038//2046 2037//2044 2052//2050 2053//2053
f 2046//2047 2045//2045 2060//2052 2061//2054
f 2039//2048 2038//2046 2053//2053 2054//2055
f 2047//2034 2046//2047 2061//2054 2062//2056
f 2040//2036 2039//2048 2054//2055 2055//2057
f 2048//2035 2047//2034 2062//2056 2063//2058
f 2041//2037 2040//2036 2055//2057 2056//2059
f 2042//2038 2041//2037 2056//2059 2057//2060
f 2035//2040 2034//2039 2049//2061 2050//2062
f 2043//2041 2042//2038 2057//2060 2058//2063
f 2036//2042 2035//2040 2050//2062 2051//2049
f 2044//2043 2043//2041 2058//2063 2059//2051
f 2056//2059 2055//2057 2070//2064 2071//2065
f 2057//2060 2056//2059 2071//2065 2072//2066
f 2050//2062 2049//2061 2064//2067 2065//2068
f 2058//2063 2057//2060 2072//2066 2073//2069
f 2051//2049 2050//2062 2065//2068 2066//2070
f 2059//2051 2058//2063 2073//2069 2074//2071
f 2052//2050 2051//2049 2066//2070 2067//2072
f 2060//2052 2059//2051 2074//2071 2075//2073
f 2053//2053 2052//2050 2067//2072 2068//2074
f 2061//2054 2060//2052 2075//2073 2076//2075
f 2054//2055 2053//2053 2068//2074 2069//2076
f 2062//2056 2061//2054 2076//2075 2077//2077
f 2055//2057 2054//2055 2069//2076 2070//2064
f 2063//2058 2062//2056 2077//2077 2078//2078
f 2075//2073 2074//2071 2089//2079 2090//2080
f 2068//2074 2067//2072 2082//2081 2083//2082
f 2076//2075 2075//2073 2090//2080 2091//2083
f 2069//2076 2068//2074 2083//2082 2084//2084
f 2077//2077 2076//2075 2091//2083 2092//2085
f 2070//2064 2069//2076 2084//2084 2085//2086
f 2078//2078 2077//2077 2092//2085 2093//2087
f 2071//2065 2070//2064 2085//2086 2086//2088
f 2072//2066 2071//2065 2086//2088 2087//2089
f 2065//2068 2064//2067 2079//2090 2080//2091
f 2073//2069 2072//2066 2087//2089 2088//2092
f 2066//2070 2065//2068 2080//2091 2081//2093
f 2074//2071 2073//2069 2088//2092 2089//2079
f 2067//2072 2066//2070 2081//2093 2082//2081
f 2087//2089 2086//2088 2101//2094 2102//2095
f 2080//2091 2079//2090 2094//2096 2095//2097
f 2088//2092 2087//2089 2102//2095 2103//2098
f 2081//2093 2080//2091 2095//2097 2096//2099
f 2089//2079 2088//2092 2103//2098 2104//2100
f 2082//2081 2081//2093 2096//2099 2097//2101
f 2090//2080 2089//2079 2104//2100 2105//2102
f 2083//2082 2082//2081 2097//2101 2098//2103
f 2091//2083 2090//2080 2105//2102 2106//2104
f 2084//2084 2083//2082 2098//2103 2099//2105
f 2092//2085 2091//2083 2106//2104 2107//2106
f 2085//2086 2084//2084 2099//2105 2100//2107
f 2093//2087 2092//2085 2107//2106 2108//2108
f 2086//2088 2085//2086 2100//2107 2101//2094
f 2106//2104 2105//2102 2120//2109 2121//2110
f 2099//2105 2098//2103 2113//2111 2114//2112
f 2107//2106 2106//2104 2121//2110 2122//2113
f 2100//2107 2099//2105 2114//2112 2115//2114
f 2108//2108 2107//2106 2122//2113 2123//2115
f 2101//2094 2100//2107 2115//2114 2116//2116
f 2102//2095 2101//2094 2116//2116 2117//2117
f 2095//2097 2094//2096 2109//2118 2110//2119
f 2103//2098 2102//2095 2117//2117 2118//2120
f 2096//2099 2095//2097 2110//2119 2111//2121
f 2104//2100 2103//2098 2118//2120 2119//2122
f 2097//2101 2096//2099 2111//2121 2112//2123
f 2105//2102 2104//2100 2119//2122 2120//2109
f 2098//2103 2097//2101 2112//2123 2113//2111
f 2110//2119 2109//2118 2124//2124 2125//2125
f 2118//2120 2117//2117 2132//2126 2133//2127
f 2111//2121 2110//2119 2125//2125 2126//2128
f 2119//2122 2118//2120 2133//2127 2134//2129
f 2112//2123 2111//2121 2126//2128 2127//2130
f 2120//2109 2119//2122 2134//2129 2135//2131
f 2113//2111 2112//2123 2127//2130 2128//2132
f 2121//2110 2120//2109 2135//2131 2136//2133
f 2114//2112 2113//2111 2128//2132 2129//2134
f 2122//2113 2121//2110 2136//2133 2137//2135
f 2115//2114 2114//2112 2129//2134 2130//2136
f 2123//2115 2122//2113 2137//2135 2138//2137
f 2116//2116 2115//2114 2130//2136 2131//2138
f 2117//2117 2116//2116 2131//2138 2132//2126
f 2129//2134 2128//2132 2143//2139 2144//2140
f 2137//2135 2136//2133 2151//2141 2152//2142
f 2130//2136 2129//2134 2144//2140 2145//2143
f 2138//2137 2137//2135 2152//2142 2153//2144
f 2131//2138 2130//2136 2145//2143 2146//2145
f 2132//2126 2131//2138 2146//2145 2147//2146
f 2125//2125 2124//2124 2139//2147 2140//2148
f 2133//2127 2132//2126 2147//2146 2148//2149
f 2126//2128 2125//2125 2140//2148 2141//2150
f 2134//2129 2133//2127 2148//2149 2149//2151
f 2127//2130 2126//2128 2141//2150 2142//2152
f 2135//2131 2134//2129 2149//2151 2150//2153
f 2128//2132 2127//2130 2142//2152 2143//2139
f 2136//2133 2135//2131 2150//2153 2151//2141
f 2148//2149 2147//2146 2162//2154 2163//2155
f 2141//2150 2140//2148 2155//2156 2156//2157
f 2149//2151 2148//2149 2163//2155 2164//2158
f 2142//2152 2141//2150 2156//2157 2157//2159
f 2150//2153 2149//2151 2164//2158 2165//2160
f 2143//2139 2142//2152 2157//2159 2158//2161
f 2151//2141 2150//2153 2165//2160 2166//2162
f 2144//2140 2143//2139 2158//2161 2159//2163
f 2152//2142 2151//2141 2166//2162 2167//2164
f 2145//2143 2144//2140 2159//2163 2160//2165
f 2153//2144 2152//2142 2167//2164 2168//2166
f 2146//2145 2145//2143 2160//2165 2161//2167
f 2147//2146 2146//2145 2161//2167 2162//2154
f 2140//2148 2139//2147 2154//2168 2155//2156
f 2167//2164 2166//2162 2181//2169 2182//2170
f 2160//2165 2159//2163 2174//2171 2175//2172
f 2168//2166 2167//2164 2182//2170 2183//2173
f 2161//2167 2160//2165 2175//2172 2176//2174
f 2162//2154 2161//2167 2176//2174 2177//2175
f 2155//2156 2154//2168 2169//2176 2170//2177
f 2163//2155 2162//2154 2177//2175 2178//2178
f 2156//2157 2155//2156 2170//2177 2171//2179
f 2164//2158 2163//2155 2178//2178 2179//2180
f 2157//2159 2156//2157 2171//2179 2172//2181
f 2165//2160 2164//2158 2179//2180 2180//2182
f 2158//2161 2157//2159 2172//2181 2173//2183
f 2166//2162 2165//2160 2180//2182 2181//2169
f 2159//2163 2158//2161 2173//2183 2174//2171
f 2171//2179 2170//2177 2185//2184 2186//2185
f 2179//2180 2178//2178 2193//2186 2194//2187
f 2172//2181 2171//2179 2186//2185 2187//2188
f 2180//2182 2179//2180 2194//2187 2195//2189
f 2173//2183 2172//2181 2187//2188 2188//2190
f 2181//2169 2180//2182 2195//2189 2196//2191
f 2174//2171 2173//2183 2188//2190 2189//2192
f 2182//2170 2181//2169 2196//2191 2197//2193
f 2175//2172 2174//2171 2189//2192 2190//2194
f 2183//2173 2182//2170 2197//2193 2198//2195
f 2176//2174 2175//2172 2190//2194 2191//2196
f 2177//2175 2176//2174 2191//2196 2192//2197
f 2170//2177 2169//2176 2184//2198 2185//2184
f 2178//2178 2177//2175 2192//2197 2193//2186
f 2190//2194 2189//2192 2204//2199 2205//2200
f 2198//2195 2197//2193 2212//2201 2213//2202
f 2191//2196 2190//2194 2205//2200 2206//2203
f 2192//2197 2191//2196 2206//2203 2207//2204
f 2185//2184 2184//2198 2199//2205 2200//2206
f 2193//2186 2192//2197 2207//2204 2208//2207
f 2186//2185 2185//2184 2200//2206 2201//2208
f 2194//2187 2193//2186 2208//2207 2209//2209
f 2187//2188 2186//2185 2201//2208 2202//2210
f 2195//2189 2194//2187 2209//2209 2210//2211
f 2188//2190 2187//2188 2202//2210 2203//2212
f 2196//2191 2195//2189 2210//2211 2211//2213
f 2189//2192 2188//2190 2203//2212 2204//2199
f 2197//2193 2196//2191 2211//2213 2212//2201
f 2209//2209 2208//2207 2223//2214 2224//2215
f 2202//2210 2201//2208 2216//2216 2217//2217
f 2210//2211 2209//2209 2224//2215 2225//2218
f 2203//2212 2202//2210 2217//2217 2218//2219
f 2211//2213 2210//2211 2225//2218 2226//2220
f 2204//2199 2203//2212 2218//2219 2219//2221
f 2212//2201 2211//2213 2226//2220 2227//2222
f 2205//2200 2204//2199 2219//2221 2220//2223
f 2213//2202 2212//2201 2227//2222 2228//2224
f 2206//2203 2205//2200 2220//2223 2221//2225
f 2207//2204 2206//2203 2221//2225 2222//2226
f 2200//2206 2199//2205 2214//2227 2215//2228
f 2208//2207 2207//2204 2222//2226 2223//2214
f 2201//2208 2200//2206 2215//2228 2216//2216
f 2228//2224 2227//2222 2242//2229 2243//2230
f 2221//2225 2220//2223 2235//2231 2236//2232
f 2222//2226 2221//2225 2236//2232 2237//2233
f 2215//2228 2214//2227 2229//2234 2230//2235
f 2223//2214 2222//2226 2237//2233 2238//2236
f 2216//2216 2215//2228 2230//2235 2231//2237
f 2224//2215 2223//2214 2238//2236 2239//2238
f 2217//2217 2216//2216 2231//2237 2232//2239
f 2225//2218 2224//2215 2239//2238 2240//2240
f 2218//2219 2217//2217 2232//2239 2233//2241
f 2226//2220 2225//2218 2240//2240 2241//2242
f 2219//2221 2218//2219 2233//2241 2234//2243
f 2227//2222 2226//2220 2241//2242 2242//2229
f 2220//2223 2219//2221 2234//2243 2235//2231
f 2240//2240 2239//2238 2254//2244 2255//2245
f 2233//2241 2232//2239 2247//2246 2248//2247
f 2241//2242 2240//2240 2255//2245 2256//2248
f 2234//2243 2233//2241 2248//2247 2249//2249
f 2242//2229 2241//2242 2256//2248 2257//2250
f 2235//2231 2234//2243 2249//2249 2250//2251
f 2243//2230 2242//2229 2257//2250 2258//2252
f 2236//2232 2235//2231 2250//2251 2251//2253
f 2237//2233 2236//2232 2251//2253 2252//2254
f 2230//2235 2229//2234 2244//2255 2245//2256
f 2238//2236 2237//2233 2252//2254 2253//2257
f 2231//2237 2230//2235 2245//2256 2246//2258
f 2239//2238 2238//2236 2253//2257 2254//2244
f 2232//2239 2231//2237 2246//2258 2247//2246
f 2252//2254 2251//2253 2267//2259 2268//2260
f 2245//2256 2244//2255 2260//2261 2261//2262
f 2253//2257 2252//2254 2268//2260 2269//2263
f 2246//2258 2245//2256 2261//2262 2262//2264
f 2254//2244 2253//2257 2269//2263 2270//2265
f 2247//2246 2246//2258 2262//2264 2263//2266
f 2255//2245 2254//2244 2270//2265 2271//2267
f 2248//2247 2247//2246 2263//2266 2264//2268
f 2256//2248 2255//2245 2271//2267 2272//2269
f 2249//2249 2248//2247 2264//2268 2265//2270
f 2257//2250 2256//2248 2272//2269 2273//2271
f 2250//2251 2249//2249 2265//2270 2266//2272
f 2258//2252 2257//2250 2273//2271 2274//2273
f 2251//2253 2250//2251 2266//2272 2267//2259
f 2264//2268 2263//2266 2278//2274 2279//2275
f 2272//2269 2271//2267 2286//2276 2287//2277
f 2265//2270 2264//2268 2279//2275 2280//2278
f 2273//2271 2272//2269 2287//2277 2288//2279
f 2266//2272 2265//2270 2280//2278 2281//2280
f 2274//2273 2273//2271 2288//2279 2289//2281
f 2267//2259 2266//2272 2281//2280 2282//2282
f 2268//2260 2267//2259 2282//2282 2283//2283
f 2261//2262 2260//2261 2275//2284 2276//2285
f 2269//2263 2268//2260 2283//2283 2284//2286
f 2262//2264 2261//2262 2276//2285 2277//2287
f 2270//2265 2269//2263 2284//2286 2285//2288
f 2263//2266 2262//2264 2277//2287 2278//2274
f 2271//2267 2270//2265 2285//2288 2286//2276
f 2283//2283 2282//2282 2297//2289 2298//2290
f 2276//2285 2275//2284 2290//2291 2291//2292
f 2284//2286 2283//2283 2298//2290 2299//2293
f 2277//2287 2276//2285 2291//2292 2292//2294
f 2285//2288 2284//2286 2299//2293 2300//2295
f 2278//2274 2277//2287 2292//2294 2293//2296
f 2286//2276 2285//2288 2300//2295 2301//2297
f 2279//2275 2278//2274 2293//2296 2294//2298
f 2287//2277 2286//2276 2301//2297 2302//2299
f 2280//2278 2279//2275 2294//2298 2295//2300
f 2288//2279 2287//2277 2302//2299 2303//2301
f 2281//2280 2280//2278 2295//2300 2296//2302
f 2289//2281 2288//2279 2303//2301 2304//2303
f 2282//2282 2281//2280 2296//2302 2297//2289
f 2302//2299 2301//2297 2316//2304 2317//2305
f 2295//2300 2294//2298 2309//2306 2310//2307
f 2303//2301 2302//2299 2317//2305 2318//2308
f 2296//2302 2295//2300 2310//2307 2311//2309
f 2304//2303 2303//2301 2318//2308 2319//2310
f 2297//2289 2296//2302 2311//2309 2312//2311
f 2298//2290 2297//2289 2312//2311 2313//2312
f 2291//2292 2290//2291 2305//2313 2306//2314
f 2299//2293 2298//2290 2313//2312 2314//2315
f 2292//2294 2291//2292 2306//2314 2307//2316
f 2300//2295 2299//2293 2314//2315 2315//2317
f 2293//2296 2292//2294 2307//2316 2308//2318
f 2301//2297 2300//2295 2315//2317 2316//2304
f 2294//2298 2293//2296 2308//2318 2309//2306
f 2306//2314 2305//2313 2320//2319 2321//2320
f 2314//2315 2313//2312 2328//2321 2329//2322
f 2307//2316 2306//2314 2321//2320 2322//2323
f 2315//2317 2314//2315 2329//2322 2330//2324
f 2308//2318 2307//2316 2322//2323 2323//2325
f 2316//2304 2315//2317 2330//2324 2331//2326
f 2309//2306 2308//2318 2323//2325 2324//2327
f 2317//2305 2316//2304 2331//2326 2332//2328
f 2310//2307 2309//2306 2324//2327 2325//2329
f 2318//2308 2317//2305 2332//2328 2333//2330
f 2311//2309 2310//2307 2325//2329 2326//2331
f 2319//2310 2318//2308 2333//2330 2334//2332
f 2312//2311 2311//2309 2326//2331 2327//2333
f 2313//2312 2312//2311 2327//2333 2328//2321
f 2325//2329 2324//2327 2339//2334 2340//2335
f 2333//2330 2332//2328 2347//2336 2348//2337
f 2326//2331 2325//2329 2340//2335 2341//2338
f 2334//2332 2333//2330 2348//2337 2349//2339
f 2327//2333 2326//2331 2341//2338 2342//2340
f 2328//2321 2327//2333 2342//2340 2343//2341
f 2321//2320 2320//2319 2335//2342 2336//2343
f 2329//2322 2328//2321 2343//2341 2344//2344
f 2322//2323 2321//2320 2336//2343 2337//2345
f 2330//2324 2329//2322 2344//2344 2345//2346
f 2323//2325 2322//2323 2337//2345 2338//2347
f 2331//2326 2330//2324 2345//2346 2346//2348
f 2324//2327 2323//2325 2338//2347 2339//2334
f 2332//2328 2331//2326 2346//2348 2347//2336
f 2344//2344 2343//2341 2358//2349 2359//2350
f 2337//2345 2336//2343 2351//2351 2352//2352
f 2345//2346 2344//2344 2359//2350 2360//2353
f 2338//2347 2337//2345 2352//2352 2353//2354
f 2346//2348 2345//2346 2360//2353 2361//2355
f 2339//2334 2338//2347 2353//2354 2354//2356
f 2347//2336 2346//2348 2361//2355 2362//2357
f 2340//2335 2339//2334 2354//2356 2355//2358
f 2348//2337 2347//2336 2362//2357 2363//2359
f 2341//2338 2340//2335 2355//2358 2356//2360
f 2349//2339 2348//2337 2363//2359 2364//2361
f 2342//2340 2341//2338 2356//2360 2357//2362
f 2343//2341 2342//2340 2357//2362 2358//2349
f 2336//2343 2335//2342 2350//2363 2351//2351
f 2363//2359 2362//2357 2377//2364 2378//2365
f 2356//2360 2355//2358 2370//2366 2371//2367
f 2364//2361 2363//2359 2378//2365 2379//2368
f 2357//2362 2356//2360 2371//2367 2372//2369
f 2358//2349 2357//2362 2372//2369 2373//2370
f 2351//2351 2350//2363 2365//2371 2366//2372
f 2359//2350 2358//2349 2373//2370 2374//2373
f 2352//2352 2351//2351 2366//2372 2367//2374
f 2360//2353 2359//2350 2374//2373 2375//2375
f 2353//2354 2352//2352 2367//2374 2368//2376
f 2361//2355 2360//2353 2375//2375 2376//2377
f 2354//2356 2353//2354 2368//2376 2369//2378
f 2362//2357 2361//2355 2376//2377 2377//2364
f 2355//2358 2354//2356 2369//2378 2370//2366
f 2375//2375 2374//2373 2390//2379 2391//2380
f 2368//2376 2367//2374 2383//2381 2384//2382
f 2376//2377 2375//2375 2391//2380 2392//2383
f 2369//2378 2368//2376 2384//2382 2385//2384
f 2377//2364 2376//2377 2392//2383 2393//2385
f 2370//2366 2369//2378 2385//2384 2386//2386
f 2378//2365 2377//2364 2393//2385 2394//2387
f 2371//2367 2370//2366 2386//2386 2387//2388
f 2379//2368 2378//2365 2394//2387 2395//2389
f 2372//2369 2371//2367 2387//2388 2388//2390
f 2373//2370 2372//2369 2388//2390 2389//2391
f 2366//2372 2365//2371 2381//2392 2382//2393
f 2374//2373 2373//2370 2389//2391 2390//2379
f 2367//2374 2366//2372 2382//2393 2383//2381
f 2395//2389 2394//2387 2409//2394 2410//2395
f 2388//2390 2387//2388 2402//2396 2403//2397
f 2389//2391 2388//2390 2403//2397 2404//2398
f 2382//2393 2381//2392 2396//2399 2397//2400
f 2390//2379 2389//2391 2404//2398 2405//2401
f 2383//2381 2382//2393 2397//2400 2398//2402
f 2391//2380 2390//2379 2405//2401 2406//2403
f 2384//2382 2383//2381 2398//2402 2399//2404
f 2392//2383 2391//2380 2406//2403 2407//2405
f 2385//2384 2384//2382 2399//2404 2400//2406
f 2393//2385 2392//2383 2407//2405 2408//2407
f 2386//2386 2385//2384 2400//2406 2401//2408
f 2394//2387 2393//2385 2408//2407 2409//2394
f 2387//2388 2386//2386 2401//2408 2402//2396
f 1929//1956 2380//2409 1944//1957
f 2259//2410 1943//1949 1958//1950
f 1944//1957 2380//2409 1959//1973
f 2259//2410 1958//1950 1973//1971
f 1959//1973 2380//2409 1974//1981
f 2259//2410 1973//1971 1988//1978
f 1974//1981 2380//2409 1989//2003
f 2259//2410 1988//1978 2003//2000
f 1989//2003 2380//2409 2004//2010
f 2259//2410 2003//2000 2018//2007
f 2004//2010 2380//2409 2019//2032
f 2259//2410 2018//2007 2033//2029
f 2019//2032 2380//2409 2034//2039
f 2259//2410 2033//2029 2048//2035
f 2034//2039 2380//2409 2049//2061
f 2259//2410 2048//2035 2063//2058
f 2049//2061 2380//2409 2064//2067
f 2259//2410 2063//2058 2078//2078
f 2064//2067 2380//2409 2079//2090
f 2259//2410 2078//2078 2093//2087
f 2259//2410 2093//2087 2108//2108
f 2079//2090 2380//2409 2094//2096
f 2094//2096 2380//2409 2109//2118
f 2259//2410 2108//2108 2123//2115
f 2109//2118 2380//2409 2124//2124
f 2259//2410 2123//2115 2138//2137
f 2124//2124 2380//2409 2139//2147
f 2259//2410 2138//2137 2153//2144
f 2139//2147 2380//2409 2154//2168
f 2259//2410 2153//2144 2168//2166
f 2154//2168 2380//2409 2169//2176
f 2259//2410 2168//2166 2183//2173
f 2169//2176 2380//2409 2184//2198
f 2259//2410 2183//2173 2198//2195
f 2184//2198 2380//2409 2199//2205
f 2259//2410 2198//2195 2213//2202
f 2199//2205 2380//2409 2214//2227
f 2259//2410 2213//2202 2228//2224
f 2214//2227 2380//2409 2229//2234
f 2259//2410 2228//2224 2243//2230
f 2229//2234 2380//2409 2244//2255
f 2259//2410 2243//2230 2258//2252
f 2244//2255 2380//2409 2260//2261
f 2259//2410 2258//2252 2274//2273
f 2260//2261 2380//2409 2275//2284
f 2259//2410 2274//2273 2289//2281
f 2275//2284 2380//2409 2290//2291
f 2259//2410 2289//2281 2304//2303
f 2290//2291 2380//2409 2305//2313
f 2259//2410 2304//2303 2319//2310
f 2305//2313 2380//2409 2320//2319
f 2259//2410 2319//2310 2334//2332
f 2320//2319 2380//2409 2335//2342
f 2259//2410 2334//2332 2349//2339
f 2335//2342 2380//2409 2350//2363
f 2259//2410 2349//2339 2364//2361
f 2350//2363 2380//2409 2365//2371
f 2259//2410 2364//2361 2379//2368
f 2365//2371 2380//2409 2381//2392
f 2259//2410 2379//2368 2395//2389
f 2381//2392 2380//2409 2396//2399
f 2259//2410 2395//2389 2410//2395
f 2399//2404 2398//2402 1931//1934 1932//1933
f 2407//2405 2406//2403 1939//1929 1940//1937
f 2400//2406 2399//2404 1932//1933 1933//1939
f 2408//2407 2407//2405 1940//1937 1941//1941
f 2401//2408 2400//2406 1933//1939 1934//1943
f 2409//2394 2408//2407 1941//1941 1942//1945
f 2402//2396 2401//2408 1934//1943 1935//1947
f 2410//2395 2409//2394 1942//1945 1943//1949
f 2403//2397 2402//2396 1935//1947 1936//1951
f 2380//2409 1929//1956 2396//2399
f 2259//2410 2410//2395 1943//1949
f 2404//2398 2403//2397 1936//1951 1937//1953
f 1929//1956 1930//1955 2397//2400 2396//2399
f 2405//2401 2404//2398 1937//1953 1938//1930
f 2398//2402 2397//2400 1930//1955 1931//1934
f 2406//2403 2405//2401 1938//1930 1939//1929
l 1929 1930
l 1930 1931
l 1931 1932
l 1932 1933
l 1933 1934
l 1934 1935
l 1935 1936
l 1936 1937
l 1937 1938
l 1938 1939
l 1939 1940
l 1940 1941
l 1941 1942
l 1942 1943
l 1944 1945
l 1945 1946
l 1946 1947
l 1947 1948
l 1948 1949
l 1949 1950
l 1950 1951
l 1951 1952
l 1952 1953
l 1953 1954
l 1954 1955
l 1955 1956
l 1956 1957
l 1957 1958
l 1939 1954
l 1938 1953
l 1932 1947
l 1931 1946
l 1940 1955
l 1933 1948
l 1941 1956
l 1934 1949
l 1942 1957
l 1935 1950
l 1943 1958
l 1936 1951
l 1929 1944
l 1937 1952
l 1930 1945
l 1959 1960
l 1960 1961
l 1961 1962
l 1962 1963
l 1963 1964
l 1964 1965
l 1965 1966
l 1966 1967
l 1967 1968
l 1968 1969
l 1969 1970
l 1970 1971
l 1971 1972
l 1972 1973
l 1953 1968
l 1952 1967
l 1946 1961
l 1945 1960
l 1954 1969
l 1947 1962
l 1955 1970
l 1948 1963
l 1956 1971
l 1949 1964
l 1957 1972
l 1950 1965
l 1958 1973
l 1951 1966
l 1944 1959
l 1974 1975
l 1975 1976
l 1976 1977
l 1977 1978
l 1978 1979
l 1979 1980
l 1980 1981
l 1981 1982
l 1982 1983
l 1983 1984
l 1984 1985
l 1985 1986
l 1986 1987
l 1987 1988
l 1972 1987
l 1971 1986
l 1965 1980
l 1964 1979
l 1973 1988
l 1966 1981
l 1959 1974
l 1967 1982
l 1960 1975
l 1968 1983
l 1961 1976
l 1969 1984
l 1962 1977
l 1970 1985
l 1963 1978
l 1989 1990
l 1990 1991
l 1991 1992
l 1992 1993
l 1993 1994
l 1994 1995
l 1995 1996
l 1996 1997
l 1997 1998
l 1998 1999
l 1999 2000
l 2000 2001
l 2001 2002
l 2002 2003
l 1976 1991
l 1975 1990
l 1984 1999
l 1983 1998
l 1977 1992
l 1985 2000
l 1978 1993
l 1986 2001
l 1979 1994
l 1987 2002
l 1980 1995
l 1988 2003
l 1981 1996
l 1974 1989
l 1982 1997
l 2004 2005
l 2005 2006
l 2006 2007
l 2007 2008
l 2008 2009
l 2009 2010
l 2010 2011
l 2011 2012
l 2012 2013
l 2013 2014
l 2014 2015
l 2015 2016
l 2016 2017
l 2017 2018
l 1995 2010
l 1994 2009
l 2003 2018
l 2002 2017
l 1996 2011
l 1989 2004
l 1997 2012
l 1990 2005
l 1998 2013
l 1991 2006
l 1999 2014
l 1992 2007
l 2000 2015
l 1993 2008
l 2001 2016
l 2019 2020
l 2020 2021
l 2021 2022
l 2022 2023
l 2023 2024
l 2024 2025
l 2025 2026
l 2026 2027
l 2027 2028
l 2028 2029
l 2029 2030
l 2030 2031
l 2031 2032
l 2032 2033
l 2014 2029
l 2013 2028
l 2007 2022
l 2006 2021
l 2015 2030
l 2008 2023
l 2016 2031
l 2009 2024
l 2017 2032
l 2010 2025
l 2018 2033
l 2011 2026
l 2004 2019
l 2012 2027
l 2005 2020
l 2034 2035
l 2035 2036
l 2036 2037
l 2037 2038
l 2038 2039
l 2039 2040
l 2040 2041
l 2041 2042
l 2042 2043
l 2043 2044
l 2044 2045
l 2045 2046
l 2046 2047
l 2047 2048
l 2033 2048
l 2032 2047
l 2026 2041
l 2025 2040
l 2019 2034
l 2027 2042
l 2020 2035
l 2028 2043
l 2021 2036
l 2029 2044
l 2022 2037
l 2030 2045
l 2023 2038
l 2031 2046
l 2024 2039
l 2049 2050
l 2050 2051
l 2051 2052
l 2052 2053
l 2053 2054
l 2054 2055
l 2055 2056
l 2056 2057
l 2057 2058
l 2058 2059
l 2059 2060
l 2060 2061
l 2061 2062
l 2062 2063
l 2037 2052
l 2036 2051
l 2045 2060
l 2044 2059
l 2038 2053
l 2046 2061
l 2039 2054
l 2047 2062
l 2040 2055
l 2048 2063
l 2041 2056
l 2034 2049
l 2042 2057
l 2035 2050
l 2043 2058
l 2064 2065
l 2065 2066
l 2066 2067
l 2067 2068
l 2068 2069
l 2069 2070
l 2070 2071
l 2071 2072
l 2072 2073
l 2073 2074
l 2074 2075
l 2075 2076
l 2076 2077
l 2077 2078
l 2056 2071
l 2055 2070
l 2049 2064
l 2063 2078
l 2057 2072
l 2050 2065
l 2058 2073
l 2051 2066
l 2059 2074
l 2052 2067
l 2060 2075
l 2053 2068
l 2061 2076
l 2054 2069
l 2062 2077
l 2079 2080
l 2080 2081
l 2081 2082
l 2082 2083
l 2083 2084
l 2084 2085
l 2085 2086
l 2086 2087
l 2087 2088
l 2088 2089
l 2089 2090
l 2090 2091
l 2091 2092
l 2092 2093
l 2075 2090
l 2074 2089
l 2068 2083
l 2067 2082
l 2076 2091
l 2069 2084
l 2077 2092
l 2070 2085
l 2078 2093
l 2071 2086
l 2064 2079
l 2072 2087
l 2065 2080
l 2073 2088
l 2066 2081
l 2094 2095
l 2095 2096
l 2096 2097
l 2097 2098
l 2098 2099
l 2099 2100
l 2100 2101
l 2101 2102
l 2102 2103
l 2103 2104
l 2104 2105
l 2105 2106
l 2106 2107
l 2107 2108
l 2093 2108
l 2087 2102
l 2086 2101
l 2080 2095
l 2079 2094
l 2088 2103
l 2081 2096
l 2089 2104
l 2082 2097
l 2090 2105
l 2083 2098
l 2091 2106
l 2084 2099
l 2092 2107
l 2085 2100
l 2109 2110
l 2110 2111
l 2111 2112
l 2112 2113
l 2113 2114
l 2114 2115
l 2115 2116
l 2116 2117
l 2117 2118
l 2118 2119
l 2119 2120
l 2120 2121
l 2121 2122
l 2122 2123
l 2106 2121
l 2105 2120
l 2099 2114
l 2098 2113
l 2107 2122
l 2100 2115
l 2108 2123
l 2101 2116
l 2094 2109
l 2102 2117
l 2095 2110
l 2103 2118
l 2096 2111
l 2104 2119
l 2097 2112
l 2124 2125
l 2125 2126
l 2126 2127
l 2127 2128
l 2128 2129
l 2129 2130
l 2130 2131
l 2131 2132
l 2132 2133
l 2133 2134
l 2134 2135
l 2135 2136
l 2136 2137
l 2137 2138
l 2110 2125
l 2109 2124
l 2118 2133
l 2117 2132
l 2111 2126
l 2119 2134
l 2112 2127
l 2120 2135
l 2113 2128
l 2121 2136
l 2114 2129
l 2122 2137
l 2115 2130
l 2123 2138
l 2116 2131
l 2139 2140
l 2140 2141
l 2141 2142
l 2142 2143
l 2143 2144
l 2144 2145
l 2145 2146
l 2146 2147
l 2147 2148
l 2148 2149
l 2149 2150
l 2150 2151
l 2151 2152
l 2152 2153
l 2129 2144
l 2128 2143
l 2137 2152
l 2136 2151
l 2130 2145
l 2138 2153
l 2131 2146
l 2124 2139
l 2132 2147
l 2125 2140
l 2133 2148
l 2126 2141
l 2134 2149
l 2127 2142
l 2135 2150
l 2154 2155
l 2155 2156
l 2156 2157
l 2157 2158
l 2158 2159
l 2159 2160
l 2160 2161
l 2161 2162
l 2162 2163
l 2163 2164
l 2164 2165
l 2165 2166
l 2166 2167
l 2167 2168
l 2148 2163
l 2147 2162
l 2141 2156
l 2140 2155
l 2149 2164
l 2142 2157
l 2150 2165
l 2143 2158
l 2151 2166
l 2144 2159
l 2152 2167
l 2145 2160
l 2153 2168
l 2146 2161
l 2139 2154
l 2169 2170
l 2170 2171
l 2171 2172
l 2172 2173
l 2173 2174
l 2174 2175
l 2175 2176
l 2176 2177
l 2177 2178
l 2178 2179
l 2179 2180
l 2180 2181
l 2181 2182
l 2182 2183
l 2167 2182
l 2166 2181
l 2160 2175
l 2159 2174
l 2168 2183
l 2161 2176
l 2154 2169
l 2162 2177
l 2155 2170
l 2163 2178
l 2156 2171
l 2164 2179
l 2157 2172
l 2165 2180
l 2158 2173
l 2184 2185
l 2185 2186
l 2186 2187
l 2187 2188
l 2188 2189
l 2189 2190
l 2190 2191
l 2191 2192
l 2192 2193
l 2193 2194
l 2194 2195
l 2195 2196
l 2196 2197
l 2197 2198
l 2171 2186
l 2170 2185
l 2179 2194
l 2178 2193
l 2172 2187
l 2180 2195
l 2173 2188
l 2181 2196
l 2174 2189
l 2182 2197
l 2175 2190
l 2183 2198
l 2176 2191
l 2169 2184
l 2177 2192
l 2199 2200
l 2200 2201
l 2201 2202
l 2202 2203
l 2203 2204
l 2204 2205
l 2205 2206
l 2206 2207
l 2207 2208
l 2208 2209
l 2209 2210
l 2210 2211
l 2211 2212
l 2212 2213
l 2190 2205
l 2189 2204
l 2198 2213
l 2197 2212
l 2191 2206
l 2184 2199
l 2192 2207
l 2185 2200
l 2193 2208
l 2186 2201
l 2194 2209
l 2187 2202
l 2195 2210
l 2188 2203
l 2196 2211
l 2214 2215
l 2215 2216
l 2216 2217
l 2217 2218
l 2218 2219
l 2219 2220
l 2220 2221
l 2221 2222
l 2222 2223
l 2223 2224
l 2224 2225
l 2225 2226
l 2226 2227
l 2227 2228
l 2209 2224
l 2208 2223
l 2202 2217
l 2201 2216
l 2210 2225
l 2203 2218
l 2211 2226
l 2204 2219
l 2212 2227
l 2205 2220
l 2213 2228
l 2206 2221
l 2199 2214
l 2207 2222
l 2200 2215
l 2229 2230
l 2230 2231
l 2231 2232
l 2232 2233
l 2233 2234
l 2234 2235
l 2235 2236
l 2236 2237
l 2237 2238
l 2238 2239
l 2239 2240
l 2240 2241
l 2241 2242
l 2242 2243
l 2228 2243
l 2227 2242
l 2221 2236
l 2220 2235
l 2214 2229
l 2222 2237
l 2215 2230
l 2223 2238
l 2216 2231
l 2224 2239
l 2217 2232
l 2225 2240
l 2218 2233
l 2226 2241
l 2219 2234
l 2244 2245
l 2245 2246
l 2246 2247
l 2247 2248
l 2248 2249
l 2249 2250
l 2250 2251
l 2251 2252
l 2252 2253
l 2253 2254
l 2254 2255
l 2255 2256
l 2256 2257
l 2257 2258
l 2258 2259
l 2240 2255
l 2239 2254
l 2233 2248
l 2232 2247
l 2241 2256
l 2234 2249
l 2242 2257
l 2235 2250
l 2243 2258
l 2236 2251
l 2229 2244
l 2237 2252
l 2230 2245
l 2238 2253
l 2231 2246
l 2260 2261
l 2261 2262
l 2262 2263
l 2263 2264
l 2264 2265
l 2265 2266
l 2266 2267
l 2267 2268
l 2268 2269
l 2269 2270
l 2270 2271
l 2271 2272
l 2272 2273
l 2273 2274
l 2244 2260
l 2258 2274
l 2252 2268
l 2251 2267
l 2245 2261
l 2253 2269
l 2246 2262
l 2254 2270
l 2247 2263
l 2255 2271
l 2248 2264
l 2256 2272
l 2249 2265
l 2257 2273
l 2250 2266
l 2275 2276
l 2276 2277
l 2277 2278
l 2278 2279
l 2279 2280
l 2280 2281
l 2281 2282
l 2282 2283
l 2283 2284
l 2284 2285
l 2285 2286
l 2286 2287
l 2287 2288
l 2288 2289
l 2264 2279
l 2263 2278
l 2272 2287
l 2271 2286
l 2265 2280
l 2273 2288
l 2266 2281
l 2274 2289
l 2267 2282
l 2260 2275
l 2268 2283
l 2261 2276
l 2269 2284
l 2262 2277
l 2270 2285
l 2290 2291
l 2291 2292
l 2292 2293
l 2293 2294
l 2294 2295
l 2295 2296
l 2296 2297
l 2297 2298
l 2298 2299
l 2299 2300
l 2300 2301
l 2301 2302
l 2302 2303
l 2303 2304
l 2283 2298
l 2282 2297
l 2276 2291
l 2275 2290
l 2284 2299
l 2277 2292
l 2285 2300
l 2278 2293
l 2286 2301
l 2279 2294
l 2287 2302
l 2280 2295
l 2288 2303
l 2281 2296
l 2289 2304
l 2305 2306
l 2306 2307
l 2307 2308
l 2308 2309
l 2309 2310
l 2310 2311
l 2311 2312
l 2312 2313
l 2313 2314
l 2314 2315
l 2315 2316
l 2316 2317
l 2317 2318
l 2318 2319
l 2302 2317
l 2301 2316
l 2295 2310
l 2294 2309
l 2303 2318
l 2296 2311
l 2304 2319
l 2297 2312
l 2290 2305
l 2298 2313
l 2291 2306
l 2299 2314
l 2292 2307
l 2300 2315
l 2293 2308
l 2320 2321
l 2321 2322
l 2322 2323
l 2323 2324
l 2324 2325
l 2325 2326
l 2326 2327
l 2327 2328
l 2328 2329
l 2329 2330
l 2330 2331
l 2331 2332
l 2332 2333
l 2333 2334
l 2306 2321
l 2305 2320
l 2314 2329
l 2313 2328
l 2307 2322
l 2315 2330
l 2308 2323
l 2316 2331
l 2309 2324
l 2317 2332
l 2310 2325
l 2318 2333
l 2311 2326
l 2319 2334
l 2312 2327
l 2335 2336
l 2336 2337
l 2337 2338
l 2338 2339
l 2339 2340
l 2340 2341
l 2341 2342
l 2342 2343
l 2343 2344
l 2344 2345
l 2345 2346
l 2346 2347
l 2347 2348
l 2348 2349
l 2325 2340
l 2324 2339
l 2333 2348
l 2332 2347
l 2326 2341
l 2334 2349
l 2327 2342
l 2320 2335
l 2328 2343
l 2321 2336
l 2329 2344
l 2322 2337
l 2330 2345
l 2323 2338
l 2331 2346
l 2350 2351
l 2351 2352
l 2352 2353
l 2353 2354
l 2354 2355
l 2355 2356
l 2356 2357
l 2357 2358
l 2358 2359
l 2359 2360
l 2360 2361
l 2361 2362
l 2362 2363
l 2363 2364
l 2344 2359
l 2343 2358
l 2337 2352
l 2336 2351
l 2345 2360
l 2338 2353
l 2346 2361
l 2339 2354
l 2347 2362
l 2340 2355
l 2348 2363
l 2341 2356
l 2349 2364
l 2342 2357
l 2335 2350
l 2365 2366
l 2366 2367
l 2367 2368
l 2368 2369
l 2369 2370
l 2370 2371
l 2371 2372
l 2372 2373
l 2373 2374
l 2374 2375
l 2375 2376
l 2376 2377
l 2377 2378
l 2378 2379
l 2363 2378
l 2362 2377
l 2356 2371
l 2355 2370
l 2364 2379
l 2357 2372
l 2350 2365
l 2358 2373
l 2351 2366
l 2359 2374
l 2352 2367
l 2360 2375
l 2353 2368
l 2361 2376
l 2354 2369
l 2380 2381
l 2381 2382
l 2382 2383
l 2383 2384
l 2384 2385
l 2385 2386
l 2386 2387
l 2387 2388
l 2388 2389
l 2389 2390
l 2390 2391
l 2391 2392
l 2392 2393
l 2393 2394
l 2394 2395
l 2375 2391
l 2374 2390
l 2368 2384
l 2367 2383
l 2376 2392
l 2369 2385
l 2377 2393
l 2370 2386
l 2378 2394
l 2371 2387
l 2379 2395
l 2372 2388
l 2365 2381
l 2373 2389
l 2366 2382
l 2396 2397
l 2397 2398
l 2398 2399
l 2399 2400
l 2400 2401
l 2401 2402
l 2402 2403
l 2403 2404
l 2404 2405
l 2405 2406
l 2406 2407
l 2407 2408
l 2408 2409
l 2409 2410
l 2395 2410
l 2394 2409
l 2388 2403
l 2387 2402
l 2381 2396
l 2389 2404
l 2382 2397
l 2390 2405
l 2383 2398
l 2391 2406
l 2384 2399
l 2392 2407
l 2385 2400
l 2393 2408
l 2386 2401
l 1929 2380
l 1943 2259
l 1944 2380
l 1958 2259
l 1959 2380
l 1973 2259
l 1974 2380
l 1988 2259
l 1989 2380
l 2003 2259
l 2004 2380
l 2018 2259
l 2019 2380
l 2033 2259
l 2034 2380
l 2048 2259
l 2049 2380
l 2063 2259
l 2064 2380
l 2078 2259
l 2079 2380
l 2093 2259
l 2094 2380
l 2108 2259
l 2109 2380
l 2123 2259
l 2124 2380
l 2138 2259
l 2139 2380
l 2153 2259
l 2154 2380
l 2168 2259
l 2169 2380
l 2183 2259
l 2184 2380
l 2198 2259
l 2199 2380
l 2213 2259
l 2214 2380
l 2228 2259
l 2229 2380
l 2243 2259
l 2244 2380
l 2260 2380
l 2259 2274
l 2275 2380
l 2259 2289
l 2290 2380
l 2259 2304
l 2305 2380
l 2259 2319
l 2320 2380
l 2259 2334
l 2335 2380
l 2259 2349
l 2350 2380
l 2259 2364
l 2365 2380
l 2259 2379
l 2259 2395
l 2380 2396
l 2259 2410
l 1932 2399
l 1931 2398
l 1940 2407
l 1939 2406
l 1933 2400
l 1941 2408
l 1934 2401
l 1942 2409
l 1935 2402
l 1943 2410
l 1936 2403
l 1929 2396
l 1937 2404
l 1930 2397
l 1938 2405
o Sphere.001
v 0.105376 0.004904 0.000690
v 0.104713 0.004619 0.001353
v 0.104102 0.004157 0.001964
v 0.103566 0.003536 0.002500
v 0.103126 0.002778 0.002940
v 0.102800 0.001913 0.003266
v 0.102598 0.000975 0.003468
v 0.102530 0.000000 0.003535
v 0.102598 -0.000975 0.003468
v 0.102800 -0.001913 0.003266
v 0.103126 -0.002778 0.002940
v 0.103566 -0.003536 0.002500
v 0.104102 -0.004157 0.001964
v 0.104713 -0.004619 0.001353
v 0.105376 -0.004904 0.000690
v 0.105255 0.004904 0.000542
v 0.104475 0.004619 0.001063
v 0.103756 0.004157 0.001543
v 0.103126 0.003536 0.001964
v 0.102609 0.002778 0.002310
v 0.102225 0.001913 0.002566
v 0.101989 0.000975 0.002724
v 0.101909 0.000000 0.002778
v 0.101989 -0.000975 0.002724
v 0.102225 -0.001913 0.002566
v 0.102609 -0.002778 0.002310
v 0.103126 -0.003536 0.001964
v 0.103756 -0.004157 0.001543
v 0.104475 -0.004619 0.001063
v 0.105255 -0.004904 0.000542
v 0.105165 0.004904 0.000373
v 0.104298 0.004619 0.000732
v 0.103500 0.004157 0.001063
v 0.102800 0.003536 0.001353
v 0.102225 0.002778 0.001591
v 0.101798 0.001913 0.001768
v 0.101535 0.000975 0.001877
v 0.101447 0.000000 0.001913
v 0.101535 -0.000975 0.001877
v 0.101798 -0.001913 0.001768
v 0.102225 -0.002778 0.001591
v 0.102800 -0.003536 0.001353
v 0.103500 -0.004157 0.001063
v 0.104298 -0.004619 0.000732
v 0.105165 -0.004904 0.000373
v 0.105109 0.004904 0.000190
v 0.104189 0.004619 0.000373
v 0.103342 0.004157 0.000542
v 0.102598 0.003536 0.000690
v 0.101989 0.002778 0.000811
v 0.101535 0.001913 0.000901
v 0.101256 0.000975 0.000957
v 0.101162 0.000000 0.000975
v 0.101256 -0.000975 0.000957
v 0.101535 -0.001913 0.000901
v 0.101989 -0.002778 0.000811
v 0.102598 -0.003536 0.000690
v 0.103342 -0.004157 0.000542
v 0.104189 -0.004619 0.000373
v 0.105109 -0.004904 0.000190
v 0.105091 0.004904 -0.000000
v 0.104153 0.004619 -0.000000
v 0.103288 0.004157 -0.000000
v 0.102530 0.003536 -0.000000
v 0.101909 0.002778 -0.000000
v 0.101447 0.001913 -0.000000
v 0.101162 0.000975 -0.000000
v 0.101066 0.000000 -0.000000
v 0.101162 -0.000975 -0.000000
v 0.101447 -0.001913 -0.000000
v 0.101909 -0.002778 -0.000000
v 0.102530 -0.003536 -0.000000
v 0.103288 -0.004157 -0.000000
v 0.104153 -0.004619 -0.000000
v 0.105091 -0.004904 -0.000000
v 0.105109 0.004904 -0.000190
v 0.104189 0.004619 -0.000373
v 0.103342 0.004157 -0.000542
v 0.102598 0.003536 -0.000690
v 0.101989 0.002778 -0.000811
v 0.101535 0.001913 -0.000901
v 0.101256 0.000975 -0.000957
v 0.101162 0.000000 -0.000975
v 0.101256 -0.000975 -0.000957
v 0.101535 -0.001913 -0.000901
v 0.101989 -0.002778 -0.000811
v 0.102598 -0.003536 -0.000690
v 0.103342 -0.004157 -0.000542
v 0.104189 -0.004619 -0.000373
v 0.105109 -0.004904 -0.000190
v 0.105165 0.004904 -0.000373
v 0.104298 0.004619 -0.000732
v 0.103500 0.004157 -0.001063
v 0.102800 0.003536 -0.001353
v 0.102225 0.002778 -0.001591
v 0.101798 0.001913 -0.001768
v 0.101535 0.000975 -0.001877
v 0.101447 0.000000 -0.001913
v 0.101535 -0.000975 -0.001877
v 0.101798 -0.001913 -0.001768
v 0.102225 -0.002778 -0.001591
v 0.102800 -0.003536 -0.001353
v 0.103500 -0.004157 -0.001063
v 0.104298 -0.004619 -0.000732
v 0.105165 -0.004904 -0.000373
v 0.105255 0.004904 -0.000542
v 0.104475 0.004619 -0.001063
v 0.103756 0.004157 -0.001543
v 0.103126 0.003536 -0.001964
v 0.102609 0.002778 -0.002310
v 0.102225 0.001913 -0.002566
v 0.101989 0.000975 -0.002725
v 0.101909 0.000000 -0.002778
v 0.101989 -0.000975 -0.002725
v 0.102225 -0.001913 -0.002566
v 0.102609 -0.002778 -0.002310
v 0.103126 -0.003536 -0.001964
v 0.103756 -0.004157 -0.001543
v 0.104475 -0.004619 -0.001063
v 0.105255 -0.004904 -0.000542
v 0.105376 0.004904 -0.000690
v 0.104713 0.004619 -0.001353
v 0.104102 0.004157 -0.001964
v 0.103566 0.003536 -0.002500
v 0.103126 0.002778 -0.002940
v 0.102800 0.001913 -0.003266
v 0.102598 0.000975 -0.003468
v 0.102530 0.000000 -0.003536
v 0.102598 -0.000975 -0.003468
v 0.102800 -0.001913 -0.003266
v 0.103126 -0.002778 -0.002940
v 0.103566 -0.003536 -0.002500
v 0.104102 -0.004157 -0.001964
v 0.104713 -0.004619 -0.001353
v 0.105376 -0.004904 -0.000690
v 0.105524 0.004904 -0.000811
v 0.105003 0.004619 -0.001591
v 0.104523 0.004157 -0.002310
v 0.104102 0.003536 -0.002940
v 0.103756 0.002778 -0.003457
v 0.103500 0.001913 -0.003841
v 0.103342 0.000975 -0.004078
v 0.103288 0.000000 -0.004157
v 0.103342 -0.000975 -0.004078
v 0.103500 -0.001913 -0.003841
v 0.103756 -0.002778 -0.003457
v 0.104102 -0.003536 -0.002940
v 0.104523 -0.004157 -0.002310
v 0.105003 -0.004619 -0.001591
v 0.105524 -0.004904 -0.000811
v 0.105693 0.004904 -0.000901
v 0.105334 0.004619 -0.001768
v 0.105003 0.004157 -0.002566
v 0.104713 0.003536 -0.003266
v 0.104475 0.002778 -0.003841
v 0.104298 0.001913 -0.004268
v 0.104189 0.000975 -0.004531
v 0.104153 0.000000 -0.004619
v 0.104189 -0.000975 -0.004531
v 0.104298 -0.001913 -0.004268
v 0.104475 -0.002778 -0.003841
v 0.104713 -0.003536 -0.003266
v 0.105003 -0.004157 -0.002566
v 0.105334 -0.004619 -0.001768
v 0.105693 -0.004904 -0.000901
v 0.105876 0.004904 -0.000957
v 0.105693 0.004619 -0.001877
v 0.105524 0.004157 -0.002725
v 0.105376 0.003536 -0.003468
v 0.105255 0.002778 -0.004078
v 0.105165 0.001913 -0.004531
v 0.105109 0.000975 -0.004810
v 0.105091 0.000000 -0.004904
v 0.105109 -0.000975 -0.004810
v 0.105165 -0.001913 -0.004531
v 0.105255 -0.002778 -0.004078
v 0.105376 -0.003536 -0.003468
v 0.105524 -0.004157 -0.002725
v 0.105693 -0.004619 -0.001877
v 0.105876 -0.004904 -0.000957
v 0.106066 0.004904 -0.000975
v 0.106066 0.004619 -0.001913
v 0.106066 0.004157 -0.002778
v 0.106066 0.003536 -0.003536
v 0.106066 0.002778 -0.004157
v 0.106066 0.001913 -0.004619
v 0.106066 0.000975 -0.004904
v 0.106066 0.000000 -0.005000
v 0.106066 -0.000975 -0.004904
v 0.106066 -0.001913 -0.004619
v 0.106066 -0.002778 -0.004157
v 0.106066 -0.003536 -0.003536
v 0.106066 -0.004157 -0.002778
v 0.106066 -0.004619 -0.001913
v 0.106066 -0.004904 -0.000975
v 0.106256 0.004904 -0.000957
v 0.106439 0.004619 -0.001877
v 0.106608 0.004157 -0.002725
v 0.106756 0.003536 -0.003468
v 0.106877 0.002778 -0.004078
v 0.106967 0.001913 -0.004531
v 0.107023 0.000975 -0.004810
v 0.107041 0.000000 -0.004904
v 0.107023 -0.000975 -0.004810
v 0.106967 -0.001913 -0.004531
v 0.106877 -0.002778 -0.004078
v 0.106756 -0.003536 -0.003468
v 0.106608 -0.004157 -0.002725
v 0.106439 -0.004619 -0.001877
v 0.106256 -0.004904 -0.000957
v 0.106439 0.004904 -0.000901
v 0.106798 0.004619 -0.001768
v 0.107129 0.004157 -0.002566
v 0.107419 0.003536 -0.003266
v 0.107657 0.002778 -0.003841
v 0.107834 0.001913 -0.004268
v 0.107943 0.000975 -0.004531
v 0.107979 0.000000 -0.004619
v 0.107943 -0.000975 -0.004531
v 0.107834 -0.001913 -0.004268
v 0.107657 -0.002778 -0.003841
v 0.107419 -0.003536 -0.003266
v 0.107129 -0.004157 -0.002566
v 0.106798 -0.004619 -0.001768
v 0.106439 -0.004904 -0.000901
v 0.106608 0.004904 -0.000811
v 0.107129 0.004619 -0.001591
v 0.107609 0.004157 -0.002310
v 0.108030 0.003536 -0.002940
v 0.108376 0.002778 -0.003457
v 0.108632 0.001913 -0.003841
v 0.108790 0.000975 -0.004078
v 0.108844 0.000000 -0.004157
v 0.108790 -0.000975 -0.004078
v 0.108632 -0.001913 -0.003841
v 0.108376 -0.002778 -0.003457
v 0.108030 -0.003536 -0.002940
v 0.107609 -0.004157 -0.002310
v 0.107129 -0.004619 -0.001591
v 0.106608 -0.004904 -0.000811
v 0.106756 0.004904 -0.000690
v 0.107419 0.004619 -0.001353
v 0.108030 0.004157 -0.001964
v 0.108566 0.003536 -0.002500
v 0.109006 0.002778 -0.002940
v 0.109332 0.001913 -0.003266
v 0.109534 0.000975 -0.003468
v 0.109602 0.000000 -0.003536
v 0.109534 -0.000975 -0.003468
v 0.109332 -0.001913 -0.003266
v 0.109006 -0.002778 -0.002940
v 0.108566 -0.003536 -0.002500
v 0.108030 -0.004157 -0.001964
v 0.107419 -0.004619 -0.001353
v 0.106756 -0.004904 -0.000690
v 0.106877 0.004904 -0.000542
v 0.107657 0.004619 -0.001063
v 0.108376 0.004157 -0.001543
v 0.109006 0.003536 -0.001964
v 0.109523 0.002778 -0.002310
v 0.109907 0.001913 -0.002566
v 0.110143 0.000975 -0.002725
v 0.110223 0.000000 -0.002778
v 0.110143 -0.000975 -0.002725
v 0.109907 -0.001913 -0.002566
v 0.109523 -0.002778 -0.002310
v 0.109006 -0.003536 -0.001964
v 0.108376 -0.004157 -0.001543
v 0.107657 -0.004619 -0.001063
v 0.106877 -0.004904 -0.000542
v 0.106967 0.004904 -0.000373
v 0.107834 0.004619 -0.000732
v 0.108632 0.004157 -0.001063
v 0.109332 0.003536 -0.001353
v 0.109907 0.002778 -0.001591
v 0.110334 0.001913 -0.001768
v 0.110597 0.000975 -0.001877
v 0.110685 0.000000 -0.001913
v 0.110597 -0.000975 -0.001877
v 0.110334 -0.001913 -0.001768
v 0.109907 -0.002778 -0.001591
v 0.109332 -0.003536 -0.001353
v 0.108632 -0.004157 -0.001063
v 0.107834 -0.004619 -0.000732
v 0.106967 -0.004904 -0.000373
v 0.107023 0.004904 -0.000190
v 0.107943 0.004619 -0.000373
v 0.108790 0.004157 -0.000542
v 0.109534 0.003536 -0.000690
v 0.110143 0.002778 -0.000811
v 0.110597 0.001913 -0.000901
v 0.110876 0.000975 -0.000957
v 0.110970 0.000000 -0.000975
v 0.110876 -0.000975 -0.000957
v 0.110597 -0.001913 -0.000901
v 0.110143 -0.002778 -0.000811
v 0.109534 -0.003536 -0.000690
v 0.108790 -0.004157 -0.000542
v 0.107943 -0.004619 -0.000373
v 0.107023 -0.004904 -0.000190
v 0.107041 0.004904 -0.000000
v 0.107979 0.004619 -0.000000
v 0.108844 0.004157 -0.000000
v 0.109602 0.003536 -0.000000
v 0.110223 0.002778 -0.000000
v 0.110685 0.001913 -0.000000
v 0.110970 0.000975 -0.000000
v 0.111066 0.000000 -0.000000
v 0.110970 -0.000975 -0.000000
v 0.110685 -0.001913 -0.000000
v 0.110223 -0.002778 -0.000000
v 0.109602 -0.003536 -0.000000
v 0.108844 -0.004157 -0.000000
v 0.107979 -0.004619 -0.000000
v 0.107041 -0.004904 -0.000000
v 0.107023 0.004904 0.000190
v 0.107943 0.004619 0.000373
v 0.108790 0.004157 0.000542
v 0.109534 0.003536 0.000690
v 0.110143 0.002778 0.000811
v 0.110597 0.001913 0.000901
v 0.110876 0.000975 0.000957
v 0.110970 0.000000 0.000975
v 0.110876 -0.000975 0.000957
v 0.110597 -0.001913 0.000901
v 0.110143 -0.002778 0.000811
v 0.109534 -0.003536 0.000690
v 0.108790 -0.004157 0.000542
v 0.107943 -0.004619 0.000373
v 0.107023 -0.004904 0.000190
v 0.106066 -0.005000 -0.000000
v 0.106967 0.004904 0.000373
v 0.107834 0.004619 0.000732
v 0.108632 0.004157 0.001063
v 0.109332 0.003536 0.001353
v 0.109907 0.002778 0.001591
v 0.110334 0.001913 0.001768
v 0.110597 0.000975 0.001877
v 0.110685 0.000000 0.001913
v 0.110597 -0.000975 0.001877
v 0.110334 -0.001913 0.001768
v 0.109907 -0.002778 0.001591
v 0.109332 -0.003536 0.001353
v 0.108632 -0.004157 0.001063
v 0.107834 -0.004619 0.000732
v 0.106967 -0.004904 0.000373
v 0.106877 0.004904 0.000542
v 0.107657 0.004619 0.001063
v 0.108376 0.004157 0.001543
v 0.109006 0.003536 0.001964
v 0.109523 0.002778 0.002310
v 0.109907 0.001913 0.002566
v 0.110143 0.000975 0.002724
v 0.110223 0.000000 0.002778
v 0.110143 -0.000975 0.002724
v 0.109907 -0.001913 0.002566
v 0.109523 -0.002778 0.002310
v 0.109006 -0.003536 0.001964
v 0.108376 -0.004157 0.001543
v 0.107657 -0.004619 0.001063
v 0.106877 -0.004904 0.000542
v 0.106756 0.004904 0.000690
v 0.107419 0.004619 0.001353
v 0.108030 0.004157 0.001964
v 0.108566 0.003536 0.002500
v 0.109006 0.002778 0.002940
v 0.109332 0.001913 0.003266
v 0.109534 0.000975 0.003468
v 0.109602 0.000000 0.003535
v 0.109534 -0.000975 0.003468
v 0.109332 -0.001913 0.003266
v 0.109006 -0.002778 0.002940
v 0.108566 -0.003536 0.002500
v 0.108030 -0.004157 0.001964
v 0.107419 -0.004619 0.001353
v 0.106756 -0.004904 0.000690
v 0.106608 0.004904 0.000811
v 0.107129 0.004619 0.001591
v 0.107609 0.004157 0.002310
v 0.108030 0.003536 0.002940
v 0.108376 0.002778 0.003457
v 0.108632 0.001913 0.003841
v 0.108790 0.000975 0.004077
v 0.108844 0.000000 0.004157
v 0.108790 -0.000975 0.004077
v 0.108632 -0.001913 0.003841
v 0.108376 -0.002778 0.003457
v 0.108030 -0.003536 0.002940
v 0.107609 -0.004157 0.002310
v 0.107129 -0.004619 0.001591
v 0.106608 -0.004904 0.000811
v 0.106439 0.004904 0.000901
v 0.106798 0.004619 0.001768
v 0.107129 0.004157 0.002566
v 0.107419 0.003536 0.003266
v 0.107657 0.002778 0.003841
v 0.107834 0.001913 0.004268
v 0.107943 0.000975 0.004531
v 0.107979 0.000000 0.004619
v 0.107943 -0.000975 0.004531
v 0.107834 -0.001913 0.004268
v 0.107657 -0.002778 0.003841
v 0.107419 -0.003536 0.003266
v 0.107129 -0.004157 0.002566
v 0.106798 -0.004619 0.001768
v 0.106439 -0.004904 0.000901
v 0.106256 0.004904 0.000957
v 0.106439 0.004619 0.001877
v 0.106608 0.004157 0.002724
v 0.106756 0.003536 0.003468
v 0.106877 0.002778 0.004077
v 0.106967 0.001913 0.004531
v 0.107023 0.000975 0.004810
v 0.107041 0.000000 0.004904
v 0.107023 -0.000975 0.004810
v 0.106967 -0.001913 0.004531
v 0.106877 -0.002778 0.004077
v 0.106756 -0.003536 0.003468
v 0.106608 -0.004157 0.002724
v 0.106439 -0.004619 0.001877
v 0.106256 -0.004904 0.000957
v 0.106066 0.004904 0.000975
v 0.106066 0.004619 0.001913
v 0.106066 0.004157 0.002778
v 0.106066 0.003536 0.003535
v 0.106066 0.002778 0.004157
v 0.106066 0.001913 0.004619
v 0.106066 0.000975 0.004904
v 0.106066 0.000000 0.005000
v 0.106066 -0.000975 0.004904
v 0.106066 -0.001913 0.004619
v 0.106066 -0.002778 0.004157
v 0.106066 -0.003536 0.003535
v 0.106066 -0.004157 0.002778
v 0.106066 -0.004619 0.001913
v 0.106066 -0.004904 0.000975
v 0.105876 0.004904 0.000957
v 0.105693 0.004619 0.001877
v 0.105524 0.004157 0.002724
v 0.105376 0.003536 0.003468
v 0.105255 0.002778 0.004077
v 0.105165 0.001913 0.004531
v 0.105109 0.000975 0.004810
v 0.105091 0.000000 0.004904
v 0.105109 -0.000975 0.004810
v 0.105165 -0.001913 0.004531
v 0.105255 -0.002778 0.004077
v 0.105376 -0.003536 0.003468
v 0.105524 -0.004157 0.002724
v 0.105693 -0.004619 0.001877
v 0.105876 -0.004904 0.000957
v 0.106066 0.005000 -0.000000
v 0.105693 0.004904 0.000901
v 0.105334 0.004619 0.001768
v 0.105003 0.004157 0.002566
v 0.104713 0.003536 0.003266
v 0.104475 0.002778 0.003841
v 0.104298 0.001913 0.004268
v 0.104189 0.000975 0.004531
v 0.104153 0.000000 0.004619
v 0.104189 -0.000975 0.004531
v 0.104298 -0.001913 0.004268
v 0.104475 -0.002778 0.003841
v 0.104713 -0.003536 0.003266
v 0.105003 -0.004157 0.002566
v 0.105334 -0.004619 0.001768
v 0.105693 -0.004904 0.000901
v 0.105524 0.004904 0.000811
v 0.105003 0.004619 0.001591
v 0.104523 0.004157 0.002310
v 0.104102 0.003536 0.002940
v 0.103756 0.002778 0.003457
v 0.103500 0.001913 0.003841
v 0.103342 0.000975 0.004077
v 0.103288 0.000000 0.004157
v 0.103342 -0.000975 0.004077
v 0.103500 -0.001913 0.003841
v 0.103756 -0.002778 0.003457
v 0.104102 -0.003536 0.002940
v 0.104523 -0.004157 0.002310
v 0.105003 -0.004619 0.001591
v 0.105524 -0.004904 0.000811
vn -0.5893 -0.5528 0.5893
vn -0.6539 -0.3805 0.6539
vn -0.7689 -0.3805 0.5137
vn -0.6929 -0.5528 0.4630
vn -0.5021 0.7040 0.5021
vn -0.3958 0.8286 0.3958
vn -0.4654 0.8286 0.3110
vn -0.5904 0.7040 0.3945
vn -0.5021 -0.7040 0.5021
vn -0.5904 -0.7040 0.3945
vn -0.5893 0.5528 0.5893
vn -0.6929 0.5528 0.4630
vn -0.3958 -0.8286 0.3958
vn -0.4654 -0.8286 0.3110
vn -0.6539 0.3805 0.6539
vn -0.7689 0.3805 0.5137
vn -0.2743 -0.9217 0.2743
vn -0.3225 -0.9217 0.2155
vn -0.6937 0.1939 0.6937
vn -0.8157 0.1939 0.5450
vn -0.1421 -0.9796 0.1421
vn -0.1671 -0.9796 0.1116
vn -0.7071 0.0000 0.7071
vn -0.8314 0.0000 0.5556
vn -0.6937 -0.1939 0.6937
vn -0.8157 -0.1939 0.5450
vn -0.2743 0.9217 0.2743
vn -0.1421 0.9796 0.1421
vn -0.1671 0.9796 0.1116
vn -0.3225 0.9217 0.2155
vn -0.9063 -0.1939 0.3754
vn -0.8544 -0.3805 0.3539
vn -0.3583 0.9217 0.1484
vn -0.5171 0.8286 0.2142
vn -0.7699 -0.5528 0.3189
vn -0.6561 0.7040 0.2717
vn -0.6561 -0.7040 0.2717
vn -0.7699 0.5528 0.3189
vn -0.5171 -0.8286 0.2142
vn -0.8544 0.3805 0.3539
vn -0.3583 -0.9217 0.1484
vn -0.9063 0.1939 0.3754
vn -0.1856 -0.9796 0.0769
vn -0.9239 0.0000 0.3827
vn -0.1856 0.9796 0.0769
vn -0.5490 -0.8286 0.1092
vn -0.3804 -0.9217 0.0757
vn -0.9070 0.3805 0.1804
vn -0.9622 0.1939 0.1914
vn -0.1971 -0.9796 0.0392
vn -0.9808 0.0000 0.1951
vn -0.9622 -0.1939 0.1914
vn -0.1971 0.9796 0.0392
vn -0.3804 0.9217 0.0757
vn -0.9070 -0.3805 0.1804
vn -0.5490 0.8286 0.1092
vn -0.8173 -0.5528 0.1626
vn -0.6965 0.7040 0.1385
vn -0.6965 -0.7040 0.1385
vn -0.8173 0.5528 0.1626
vn -0.3879 0.9217 0.0000
vn -0.5598 0.8286 0.0000
vn -0.9247 -0.3805 0.0000
vn -0.8333 -0.5528 0.0000
vn -0.7101 0.7040 0.0000
vn -0.7101 -0.7040 0.0000
vn -0.8333 0.5528 0.0000
vn -0.5598 -0.8286 0.0000
vn -0.9247 0.3805 0.0000
vn -0.3879 -0.9217 0.0000
vn -0.9810 0.1939 0.0000
vn -0.2010 -0.9796 0.0000
vn -1.0000 0.0000 0.0000
vn -0.9810 -0.1939 0.0000
vn -0.2010 0.9796 0.0000
vn -0.9070 0.3805 -0.1804
vn -0.9622 0.1939 -0.1914
vn -0.3804 -0.9217 -0.0757
vn -0.1971 -0.9796 -0.0392
vn -0.9808 0.0000 -0.1951
vn -0.9622 -0.1939 -0.1914
vn -0.1971 0.9796 -0.0392
vn -0.3804 0.9217 -0.0757
vn -0.9070 -0.3805 -0.1804
vn -0.5490 0.8286 -0.1092
vn -0.8173 -0.5528 -0.1626
vn -0.6965 0.7040 -0.1385
vn -0.6965 -0.7040 -0.1385
vn -0.8173 0.5528 -0.1626
vn -0.5490 -0.8286 -0.1092
vn -0.8544 -0.3805 -0.3539
vn -0.7699 -0.5528 -0.3189
vn -0.5171 0.8286 -0.2142
vn -0.6561 0.7040 -0.2717
vn -0.6561 -0.7040 -0.2717
vn -0.7699 0.5528 -0.3189
vn -0.5171 -0.8286 -0.2142
vn -0.8544 0.3805 -0.3539
vn -0.3583 -0.9217 -0.1484
vn -0.9063 0.1939 -0.3754
vn -0.1856 -0.9796 -0.0769
vn -0.9239 0.0000 -0.3827
vn -0.9063 -0.1939 -0.3754
vn -0.1856 0.9796 -0.0769
vn -0.3583 0.9217 -0.1484
vn -0.3225 -0.9217 -0.2155
vn -0.1671 -0.9796 -0.1116
vn -0.8157 0.1939 -0.5450
vn -0.8314 0.0000 -0.5556
vn -0.8157 -0.1939 -0.5450
vn -0.1671 0.9796 -0.1116
vn -0.3225 0.9217 -0.2155
vn -0.7689 -0.3805 -0.5137
vn -0.4654 0.8286 -0.3110
vn -0.6929 -0.5528 -0.4630
vn -0.5904 0.7040 -0.3945
vn -0.5904 -0.7040 -0.3945
vn -0.6929 0.5528 -0.4630
vn -0.4654 -0.8286 -0.3110
vn -0.7689 0.3805 -0.5137
vn -0.3958 0.8286 -0.3958
vn -0.5021 0.7040 -0.5021
vn -0.5893 -0.5528 -0.5893
vn -0.5021 -0.7040 -0.5021
vn -0.5893 0.5528 -0.5893
vn -0.3958 -0.8286 -0.3958
vn -0.6539 0.3805 -0.6539
vn -0.2743 -0.9217 -0.2743
vn -0.6937 0.1939 -0.6937
vn -0.1421 -0.9796 -0.1421
vn -0.7071 0.0000 -0.7071
vn -0.6937 -0.1939 -0.6937
vn -0.1421 0.9796 -0.1421
vn -0.2743 0.9217 -0.2743
vn -0.6539 -0.3805 -0.6539
vn -0.5450 0.1939 -0.8157
vn -0.5556 0.0000 -0.8314
vn -0.5450 -0.1939 -0.8157
vn -0.1116 0.9796 -0.1671
vn -0.2155 0.9217 -0.3225
vn -0.5137 -0.3805 -0.7689
vn -0.3110 0.8286 -0.4654
vn -0.4630 -0.5528 -0.6929
vn -0.3945 0.7040 -0.5904
vn -0.3945 -0.7040 -0.5904
vn -0.4630 0.5528 -0.6929
vn -0.3110 -0.8286 -0.4654
vn -0.5137 0.3805 -0.7689
vn -0.2155 -0.9217 -0.3225
vn -0.1116 -0.9796 -0.1671
vn -0.3189 -0.5528 -0.7699
vn -0.2717 -0.7040 -0.6561
vn -0.2717 0.7040 -0.6561
vn -0.3189 0.5528 -0.7699
vn -0.2142 -0.8286 -0.5171
vn -0.3539 0.3805 -0.8544
vn -0.1484 -0.9217 -0.3583
vn -0.3754 0.1939 -0.9063
vn -0.0769 -0.9796 -0.1856
vn -0.3827 0.0000 -0.9239
vn -0.3754 -0.1939 -0.9063
vn -0.0769 0.9796 -0.1856
vn -0.1484 0.9217 -0.3583
vn -0.3539 -0.3805 -0.8544
vn -0.2142 0.8286 -0.5172
vn -0.1951 0.0000 -0.9808
vn -0.1914 -0.1939 -0.9622
vn -0.0392 0.9796 -0.1971
vn -0.0757 0.9217 -0.3804
vn -0.1804 -0.3805 -0.9070
vn -0.1092 0.8286 -0.5490
vn -0.1626 -0.5528 -0.8173
vn -0.1385 0.7040 -0.6965
vn -0.1385 -0.7040 -0.6965
vn -0.1626 0.5528 -0.8173
vn -0.1092 -0.8286 -0.5490
vn -0.1804 0.3805 -0.9070
vn -0.0757 -0.9217 -0.3804
vn -0.1914 0.1939 -0.9622
vn -0.0392 -0.9796 -0.1971
vn 0.0000 -0.7040 -0.7101
vn 0.0000 -0.8286 -0.5598
vn 0.0000 0.5528 -0.8333
vn 0.0000 0.3805 -0.9247
vn 0.0000 -0.9217 -0.3879
vn 0.0000 0.1939 -0.9810
vn 0.0000 -0.9796 -0.2010
vn 0.0000 0.0000 -1.0000
vn 0.0000 -0.1939 -0.9810
vn 0.0000 0.9796 -0.2010
vn 0.0000 0.9217 -0.3879
vn 0.0000 -0.3805 -0.9247
vn 0.0000 0.8286 -0.5598
vn 0.0000 -0.5528 -0.8333
vn 0.0000 0.7040 -0.7101
vn 0.0392 0.9796 -0.1971
vn 0.0757 0.9217 -0.3804
vn 0.1914 -0.1939 -0.9622
vn 0.1804 -0.3805 -0.9070
vn 0.1092 0.8286 -0.5490
vn 0.1626 -0.5528 -0.8173
vn 0.1385 0.7040 -0.6965
vn 0.1385 -0.7040 -0.6965
vn 0.1626 0.5528 -0.8173
vn 0.1092 -0.8286 -0.5490
vn 0.1804 0.3805 -0.9070
vn 0.0757 -0.9217 -0.3804
vn 0.1914 0.1939 -0.9622
vn 0.0392 -0.9796 -0.1971
vn 0.1951 0.0000 -0.9808
vn 0.3189 0.5528 -0.7699
vn 0.3539 0.3805 -0.8544
vn 0.2142 -0.8286 -0.5172
vn 0.1484 -0.9217 -0.3583
vn 0.3754 0.1939 -0.9063
vn 0.0769 -0.9796 -0.1856
vn 0.3827 0.0000 -0.9239
vn 0.3754 -0.1939 -0.9063
vn 0.0769 0.9796 -0.1856
vn 0.1484 0.9217 -0.3583
vn 0.3539 -0.3805 -0.8544
vn 0.2142 0.8286 -0.5171
vn 0.3189 -0.5528 -0.7699
vn 0.2717 0.7040 -0.6561
vn 0.2717 -0.7040 -0.6561
vn 0.5450 -0.1939 -0.8157
vn 0.5137 -0.3805 -0.7689
vn 0.2155 0.9217 -0.3225
vn 0.3110 0.8286 -0.4654
vn 0.4630 -0.5528 -0.6929
vn 0.3945 0.7040 -0.5904
vn 0.3945 -0.7040 -0.5904
vn 0.4630 0.5528 -0.6929
vn 0.3110 -0.8286 -0.4654
vn 0.5137 0.3805 -0.7689
vn 0.2155 -0.9217 -0.3225
vn 0.5450 0.1939 -0.8157
vn 0.1116 -0.9796 -0.1671
vn 0.5556 0.0000 -0.8314
vn 0.1116 0.9796 -0.1671
vn 0.3958 -0.8286 -0.3958
vn 0.2743 -0.9217 -0.2743
vn 0.6539 0.3805 -0.6539
vn 0.6937 0.1939 -0.6937
vn 0.1421 -0.9796 -0.1421
vn 0.7071 0.0000 -0.7071
vn 0.6937 -0.1939 -0.6937
vn 0.1421 0.9796 -0.1421
vn 0.2743 0.9217 -0.2743
vn 0.6539 -0.3805 -0.6539
vn 0.3958 0.8286 -0.3958
vn 0.5893 -0.5528 -0.5893
vn 0.5021 0.7040 -0.5021
vn 0.5021 -0.7040 -0.5021
vn 0.5893 0.5528 -0.5893
vn 0.3225 0.9217 -0.2155
vn 0.4654 0.8286 -0.3110
vn 0.7689 -0.3805 -0.5137
vn 0.6929 -0.5528 -0.4630
vn 0.5904 0.7040 -0.3945
vn 0.5904 -0.7040 -0.3945
vn 0.6929 0.5528 -0.4630
vn 0.4654 -0.8286 -0.3110
vn 0.7689 0.3805 -0.5137
vn 0.3225 -0.9217 -0.2155
vn 0.8157 0.1939 -0.5450
vn 0.1671 -0.9796 -0.1116
vn 0.8314 0.0000 -0.5556
vn 0.8157 -0.1939 -0.5450
vn 0.1671 0.9796 -0.1116
vn 0.8544 0.3805 -0.3539
vn 0.9063 0.1939 -0.3754
vn 0.3583 -0.9217 -0.1484
vn 0.1856 -0.9796 -0.0769
vn 0.9239 0.0000 -0.3827
vn 0.9063 -0.1939 -0.3754
vn 0.1856 0.9796 -0.0769
vn 0.3583 0.9217 -0.1484
vn 0.8544 -0.3805 -0.3539
vn 0.5171 0.8286 -0.2142
vn 0.7699 -0.5528 -0.3189
vn 0.6561 0.7040 -0.2717
vn 0.6561 -0.7040 -0.2717
vn 0.7699 0.5528 -0.3189
vn 0.5171 -0.8286 -0.2142
vn 0.9070 -0.3805 -0.1804
vn 0.8173 -0.5528 -0.1626
vn 0.5490 0.8286 -0.1092
vn 0.6965 0.7040 -0.1385
vn 0.6965 -0.7040 -0.1385
vn 0.8173 0.5528 -0.1626
vn 0.5490 -0.8286 -0.1092
vn 0.9070 0.3805 -0.1804
vn 0.3804 -0.9217 -0.0757
vn 0.9622 0.1939 -0.1914
vn 0.1971 -0.9796 -0.0392
vn 0.9808 0.0000 -0.1951
vn 0.9622 -0.1939 -0.1914
vn 0.1971 0.9796 -0.0392
vn 0.3804 0.9217 -0.0757
vn 0.3879 -0.9217 0.0000
vn 0.2010 -0.9796 0.0000
vn 0.9810 0.1939 0.0000
vn 1.0000 0.0000 0.0000
vn 0.9810 -0.1939 0.0000
vn 0.2010 0.9796 0.0000
vn 0.3879 0.9217 0.0000
vn 0.9247 -0.3805 0.0000
vn 0.5598 0.8286 0.0000
vn 0.8333 -0.5528 0.0000
vn 0.7101 0.7040 0.0000
vn 0.7101 -0.7040 0.0000
vn 0.8333 0.5528 0.0000
vn 0.5598 -0.8286 0.0000
vn 0.9247 0.3805 0.0000
vn 0.8173 -0.5528 0.1626
vn 0.6965 -0.7040 0.1385
vn 0.6965 0.7040 0.1385
vn 0.8173 0.5528 0.1626
vn 0.5490 -0.8286 0.1092
vn 0.9070 0.3805 0.1804
vn 0.3804 -0.9217 0.0757
vn 0.9622 0.1939 0.1914
vn 0.1971 -0.9796 0.0392
vn 0.9808 0.0000 0.1951
vn 0.9622 -0.1939 0.1914
vn 0.1971 0.9796 0.0392
vn 0.3804 0.9217 0.0757
vn 0.9070 -0.3805 0.1804
vn 0.5490 0.8286 0.1092
vn 0.9239 0.0000 0.3827
vn 0.9063 -0.1939 0.3754
vn 0.1856 0.9796 0.0769
vn 0.3583 0.9217 0.1484
vn 0.8544 -0.3805 0.3539
vn 0.5171 0.8286 0.2142
vn 0.7699 -0.5528 0.3189
vn 0.6561 0.7040 0.2717
vn 0.6561 -0.7040 0.2717
vn 0.7699 0.5528 0.3189
vn 0.5171 -0.8286 0.2142
vn 0.8544 0.3805 0.3539
vn 0.3583 -0.9217 0.1484
vn 0.9063 0.1939 0.3754
vn 0.1856 -0.9796 0.0769
vn 0.5904 0.7040 0.3945
vn 0.6929 0.5528 0.4630
vn 0.5904 -0.7040 0.3945
vn 0.4654 -0.8286 0.3110
vn 0.7689 0.3805 0.5137
vn 0.3225 -0.9217 0.2155
vn 0.8157 0.1939 0.5450
vn 0.1671 -0.9796 0.1116
vn 0.8314 0.0000 0.5556
vn 0.8157 -0.1939 0.5450
vn 0.1671 0.9796 0.1116
vn 0.3225 0.9217 0.2155
vn 0.7689 -0.3805 0.5137
vn 0.4654 0.8286 0.3110
vn 0.6929 -0.5528 0.4630
vn 0.7071 0.0000 0.7071
vn 0.6937 -0.1939 0.6937
vn 0.1421 0.9796 0.1421
vn 0.2743 0.9217 0.2743
vn 0.6539 -0.3805 0.6539
vn 0.3958 0.8286 0.3958
vn 0.5893 -0.5528 0.5893
vn 0.5021 0.7040 0.5021
vn 0.5021 -0.7040 0.5021
vn 0.5893 0.5528 0.5893
vn 0.3958 -0.8286 0.3958
vn 0.6539 0.3805 0.6539
vn 0.2743 -0.9217 0.2743
vn 0.6937 0.1939 0.6937
vn 0.1421 -0.9796 0.1421
vn 0.3945 -0.7040 0.5904
vn 0.3110 -0.8286 0.4654
vn 0.4630 0.5528 0.6929
vn 0.5137 0.3805 0.7689
vn 0.2155 -0.9217 0.3225
vn 0.5450 0.1939 0.8157
vn 0.1116 -0.9796 0.1671
vn 0.5556 0.0000 0.8314
vn 0.5450 -0.1939 0.8157
vn 0.1116 0.9796 0.1671
vn 0.2155 0.9217 0.3225
vn 0.5137 -0.3805 0.7689
vn 0.3110 0.8286 0.4654
vn 0.4630 -0.5528 0.6929
vn 0.3945 0.7040 0.5904
vn 0.0769 0.9796 0.1856
vn 0.1484 0.9217 0.3583
vn 0.3754 -0.1939 0.9063
vn 0.3539 -0.3805 0.8544
vn 0.2142 0.8286 0.5171
vn 0.3189 -0.5528 0.7699
vn 0.2717 0.7040 0.6561
vn 0.2717 -0.7040 0.6561
vn 0.3189 0.5528 0.7699
vn 0.2142 -0.8286 0.5171
vn 0.3539 0.3805 0.8544
vn 0.1484 -0.9217 0.3583
vn 0.3754 0.1939 0.9063
vn 0.0769 -0.9796 0.1856
vn 0.3827 0.0000 0.9239
vn 0.1626 0.5528 0.8173
vn 0.1804 0.3805 0.9070
vn 0.1092 -0.8286 0.5490
vn 0.0757 -0.9217 0.3804
vn 0.1914 0.1939 0.9622
vn 0.0392 -0.9796 0.1971
vn 0.1951 0.0000 0.9808
vn 0.1914 -0.1939 0.9622
vn 0.0392 0.9796 0.1971
vn 0.0757 0.9217 0.3804
vn 0.1804 -0.3805 0.9070
vn 0.1092 0.8286 0.5490
vn 0.1626 -0.5528 0.8173
vn 0.1385 0.7040 0.6965
vn 0.1385 -0.7040 0.6965
vn 0.0000 -0.1939 0.9810
vn 0.0000 -0.3805 0.9247
vn 0.0000 0.9217 0.3879
vn 0.0000 0.8286 0.5598
vn 0.0000 -0.5528 0.8333
vn 0.0000 0.7040 0.7101
vn 0.0000 -0.7040 0.7101
vn 0.0000 0.5528 0.8333
vn 0.0000 -0.8286 0.5598
vn 0.0000 0.3805 0.9247
vn 0.0000 -0.9217 0.3879
vn 0.0000 0.1939 0.9810
vn 0.0000 -0.9796 0.2010
vn 0.0000 0.0000 1.0000
vn 0.0000 0.9796 0.2010
vn -0.1092 -0.8286 0.5490
vn -0.0757 -0.9217 0.3804
vn -0.1804 0.3805 0.9070
vn -0.1914 0.1939 0.9622
vn -0.0392 -0.9796 0.1971
vn -0.1951 0.0000 0.9808
vn -0.1914 -0.1939 0.9622
vn -0.0392 0.9796 0.1971
vn -0.0757 0.9217 0.3804
vn -0.1804 -0.3805 0.9070
vn -0.1092 0.8286 0.5490
vn -0.1626 -0.5528 0.8173
vn -0.1385 0.7040 0.6965
vn -0.1385 -0.7040 0.6965
vn -0.1626 0.5528 0.8173
vn -0.3539 -0.3805 0.8544
vn -0.3189 -0.5528 0.7699
vn -0.2142 0.8286 0.5171
vn -0.2717 0.7040 0.6561
vn -0.2717 -0.7040 0.6561
vn -0.3189 0.5528 0.7699
vn -0.2142 -0.8286 0.5171
vn -0.3539 0.3805 0.8544
vn -0.1484 -0.9217 0.3583
vn -0.3754 0.1939 0.9063
vn -0.0769 -0.9796 0.1856
vn -0.3827 0.0000 0.9239
vn -0.3754 -0.1939 0.9063
vn -0.0769 0.9796 0.1856
vn -0.1484 0.9217 0.3583
vn -0.2155 -0.9217 0.3225
vn -0.1116 -0.9796 0.1671
vn -0.5450 0.1939 0.8157
vn -0.5556 0.0000 0.8314
vn -0.5450 -0.1939 0.8157
vn -0.1116 0.9796 0.1671
vn -0.2155 0.9217 0.3225
vn -0.5137 -0.3805 0.7689
vn -0.3110 0.8286 0.4654
vn -0.4630 -0.5528 0.6929
vn -0.3945 0.7040 0.5904
vn -0.3945 -0.7040 0.5904
vn -0.4630 0.5528 0.6929
vn -0.3110 -0.8286 0.4654
vn -0.5137 0.3805 0.7689
vn 0.0000 1.0000 0.0000
vn 0.0000 -1.0000 0.0000
usemtl Material.001
s 1
f 2421//2411 2420//2412 2435//2413 2436//2414
f 2414//2415 2413//2416 2428//2417 2429//2418
f 2422//2419 2421//2411 2436//2414 2437//2420
f 2415//2421 2414//2415 2429//2418 2430//2422
f 2423//2423 2422//2419 2437//2420 2438//2424
f 2416//2425 2415//2421 2430//2422 2431//2426
f 2424//2427 2423//2423 2438//2424 2439//2428
f 2417//2429 2416//2425 2431//2426 2432//2430
f 2425//2431 2424//2427 2439//2428 2440//2432
f 2418//2433 2417//2429 2432//2430 2433//2434
f 2419//2435 2418//2433 2433//2434 2434//2436
f 2412//2437 2411//2438 2426//2439 2427//2440
f 2420//2412 2419//2435 2434//2436 2435//2413
f 2413//2416 2412//2437 2427//2440 2428//2417
f 2435//2413 2434//2436 2449//2441 2450//2442
f 2428//2417 2427//2440 2442//2443 2443//2444
f 2436//2414 2435//2413 2450//2442 2451//2445
f 2429//2418 2428//2417 2443//2444 2444//2446
f 2437//2420 2436//2414 2451//2445 2452//2447
f 2430//2422 2429//2418 2444//2446 2445//2448
f 2438//2424 2437//2420 2452//2447 2453//2449
f 2431//2426 2430//2422 2445//2448 2446//2450
f 2439//2428 2438//2424 2453//2449 2454//2451
f 2432//2430 2431//2426 2446//2450 2447//2452
f 2440//2432 2439//2428 2454//2451 2455//2453
f 2433//2434 2432//2430 2447//2452 2448//2454
f 2434//2436 2433//2434 2448//2454 2449//2441
f 2427//2440 2426//2439 2441//2455 2442//2443
f 2454//2451 2453//2449 2468//2456 2469//2457
f 2447//2452 2446//2450 2461//2458 2462//2459
f 2455//2453 2454//2451 2469//2457 2470//2460
f 2448//2454 2447//2452 2462//2459 2463//2461
f 2449//2441 2448//2454 2463//2461 2464//2462
f 2442//2443 2441//2455 2456//2463 2457//2464
f 2450//2442 2449//2441 2464//2462 2465//2465
f 2443//2444 2442//2443 2457//2464 2458//2466
f 2451//2445 2450//2442 2465//2465 2466//2467
f 2444//2446 2443//2444 2458//2466 2459//2468
f 2452//2447 2451//2445 2466//2467 2467//2469
f 2445//2448 2444//2446 2459//2468 2460//2470
f 2453//2449 2452//2447 2467//2469 2468//2456
f 2446//2450 2445//2448 2460//2470 2461//2458
f 2458//2466 2457//2464 2472//2471 2473//2472
f 2466//2467 2465//2465 2480//2473 2481//2474
f 2459//2468 2458//2466 2473//2472 2474//2475
f 2467//2469 2466//2467 2481//2474 2482//2476
f 2460//2470 2459//2468 2474//2475 2475//2477
f 2468//2456 2467//2469 2482//2476 2483//2478
f 2461//2458 2460//2470 2475//2477 2476//2479
f 2469//2457 2468//2456 2483//2478 2484//2480
f 2462//2459 2461//2458 2476//2479 2477//2481
f 2470//2460 2469//2457 2484//2480 2485//2482
f 2463//2461 2462//2459 2477//2481 2478//2483
f 2464//2462 2463//2461 2478//2483 2479//2484
f 2457//2464 2456//2463 2471//2485 2472//2471
f 2465//2465 2464//2462 2479//2484 2480//2473
f 2477//2481 2476//2479 2491//2486 2492//2487
f 2485//2482 2484//2480 2499//2488 2500//2489
f 2478//2483 2477//2481 2492//2487 2493//2490
f 2479//2484 2478//2483 2493//2490 2494//2491
f 2472//2471 2471//2485 2486//2492 2487//2493
f 2480//2473 2479//2484 2494//2491 2495//2494
f 2473//2472 2472//2471 2487//2493 2488//2495
f 2481//2474 2480//2473 2495//2494 2496//2496
f 2474//2475 2473//2472 2488//2495 2489//2497
f 2482//2476 2481//2474 2496//2496 2497//2498
f 2475//2477 2474//2475 2489//2497 2490//2499
f 2483//2478 2482//2476 2497//2498 2498//2500
f 2476//2479 2475//2477 2490//2499 2491//2486
f 2484//2480 2483//2478 2498//2500 2499//2488
f 2496//2496 2495//2494 2510//2501 2511//2502
f 2489//2497 2488//2495 2503//2503 2504//2504
f 2497//2498 2496//2496 2511//2502 2512//2505
f 2490//2499 2489//2497 2504//2504 2505//2506
f 2498//2500 2497//2498 2512//2505 2513//2507
f 2491//2486 2490//2499 2505//2506 2506//2508
f 2499//2488 2498//2500 2513//2507 2514//2509
f 2492//2487 2491//2486 2506//2508 2507//2510
f 2500//2489 2499//2488 2514//2509 2515//2511
f 2493//2490 2492//2487 2507//2510 2508//2512
f 2494//2491 2493//2490 2508//2512 2509//2513
f 2487//2493 2486//2492 2501//2514 2502//2515
f 2495//2494 2494//2491 2509//2513 2510//2501
f 2488//2495 2487//2493 2502//2515 2503//2503
f 2515//2511 2514//2509 2529//2516 2530//2517
f 2508//2512 2507//2510 2522//2518 2523//2519
f 2509//2513 2508//2512 2523//2519 2524//2520
f 2502//2515 2501//2514 2516//2521 2517//2522
f 2510//2501 2509//2513 2524//2520 2525//2523
f 2503//2503 2502//2515 2517//2522 2518//2524
f 2511//2502 2510//2501 2525//2523 2526//2525
f 2504//2504 2503//2503 2518//2524 2519//2526
f 2512//2505 2511//2502 2526//2525 2527//2527
f 2505//2506 2504//2504 2519//2526 2520//2528
f 2513//2507 2512//2505 2527//2527 2528//2529
f 2506//2508 2505//2506 2520//2528 2521//2530
f 2514//2509 2513//2507 2528//2529 2529//2516
f 2507//2510 2506//2508 2521//2530 2522//2518
f 2519//2526 2518//2524 2533//2531 2534//2532
f 2527//2527 2526//2525 2541//2533 2542//2534
f 2520//2528 2519//2526 2534//2532 2535//2535
f 2528//2529 2527//2527 2542//2534 2543//2536
f 2521//2530 2520//2528 2535//2535 2536//2537
f 2529//2516 2528//2529 2543//2536 2544//2538
f 2522//2518 2521//2530 2536//2537 2537//2539
f 2530//2517 2529//2516 2544//2538 2545//2540
f 2523//2519 2522//2518 2537//2539 2538//2541
f 2524//2520 2523//2519 2538//2541 2539//2542
f 2517//2522 2516//2521 2531//2543 2532//2544
f 2525//2523 2524//2520 2539//2542 2540//2545
f 2518//2524 2517//2522 2532//2544 2533//2531
f 2526//2525 2525//2523 2540//2545 2541//2533
f 2538//2541 2537//2539 2552//2546 2553//2547
f 2539//2542 2538//2541 2553//2547 2554//2548
f 2532//2544 2531//2543 2546//2549 2547//2550
f 2540//2545 2539//2542 2554//2548 2555//2551
f 2533//2531 2532//2544 2547//2550 2548//2552
f 2541//2533 2540//2545 2555//2551 2556//2553
f 2534//2532 2533//2531 2548//2552 2549//2554
f 2542//2534 2541//2533 2556//2553 2557//2555
f 2535//2535 2534//2532 2549//2554 2550//2556
f 2543//2536 2542//2534 2557//2555 2558//2557
f 2536//2537 2535//2535 2550//2556 2551//2558
f 2544//2538 2543//2536 2558//2557 2559//2559
f 2537//2539 2536//2537 2551//2558 2552//2546
f 2545//2540 2544//2538 2559//2559 2560//2560
f 2557//2555 2556//2553 2571//2561 2572//2562
f 2550//2556 2549//2554 2564//2563 2565//2564
f 2558//2557 2557//2555 2572//2562 2573//2565
f 2551//2558 2550//2556 2565//2564 2566//2566
f 2559//2559 2558//2557 2573//2565 2574//2567
f 2552//2546 2551//2558 2566//2566 2567//2568
f 2560//2560 2559//2559 2574//2567 2575//2569
f 2553//2547 2552//2546 2567//2568 2568//2570
f 2554//2548 2553//2547 2568//2570 2569//2571
f 2547//2550 2546//2549 2561//2572 2562//2573
f 2555//2551 2554//2548 2569//2571 2570//2574
f 2548//2552 2547//2550 2562//2573 2563//2575
f 2556//2553 2555//2551 2570//2574 2571//2561
f 2549//2554 2548//2552 2563//2575 2564//2563
f 2569//2571 2568//2570 2583//2576 2584//2577
f 2562//2573 2561//2572 2576//2578 2577//2579
f 2570//2574 2569//2571 2584//2577 2585//2580
f 2563//2575 2562//2573 2577//2579 2578//2581
f 2571//2561 2570//2574 2585//2580 2586//2582
f 2564//2563 2563//2575 2578//2581 2579//2583
f 2572//2562 2571//2561 2586//2582 2587//2584
f 2565//2564 2564//2563 2579//2583 2580//2585
f 2573//2565 2572//2562 2587//2584 2588//2586
f 2566//2566 2565//2564 2580//2585 2581//2587
f 2574//2567 2573//2565 2588//2586 2589//2588
f 2567//2568 2566//2566 2581//2587 2582//2589
f 2575//2569 2574//2567 2589//2588 2590//2590
f 2568//2570 2567//2568 2582//2589 2583//2576
f 2588//2586 2587//2584 2602//2591 2603//2592
f 2581//2587 2580//2585 2595//2593 2596//2594
f 2589//2588 2588//2586 2603//2592 2604//2595
f 2582//2589 2581//2587 2596//2594 2597//2596
f 2590//2590 2589//2588 2604//2595 2605//2597
f 2583//2576 2582//2589 2597//2596 2598//2598
f 2584//2577 2583//2576 2598//2598 2599//2599
f 2577//2579 2576//2578 2591//2600 2592//2601
f 2585//2580 2584//2577 2599//2599 2600//2602
f 2578//2581 2577//2579 2592//2601 2593//2603
f 2586//2582 2585//2580 2600//2602 2601//2604
f 2579//2583 2578//2581 2593//2603 2594//2605
f 2587//2584 2586//2582 2601//2604 2602//2591
f 2580//2585 2579//2583 2594//2605 2595//2593
f 2592//2601 2591//2600 2606//2606 2607//2607
f 2600//2602 2599//2599 2614//2608 2615//2609
f 2593//2603 2592//2601 2607//2607 2608//2610
f 2601//2604 2600//2602 2615//2609 2616//2611
f 2594//2605 2593//2603 2608//2610 2609//2612
f 2602//2591 2601//2604 2616//2611 2617//2613
f 2595//2593 2594//2605 2609//2612 2610//2614
f 2603//2592 2602//2591 2617//2613 2618//2615
f 2596//2594 2595//2593 2610//2614 2611//2616
f 2604//2595 2603//2592 2618//2615 2619//2617
f 2597//2596 2596//2594 2611//2616 2612//2618
f 2605//2597 2604//2595 2619//2617 2620//2619
f 2598//2598 2597//2596 2612//2618 2613//2620
f 2599//2599 2598//2598 2613//2620 2614//2608
f 2611//2616 2610//2614 2625//2621 2626//2622
f 2619//2617 2618//2615 2633//2623 2634//2624
f 2612//2618 2611//2616 2626//2622 2627//2625
f 2620//2619 2619//2617 2634//2624 2635//2626
f 2613//2620 2612//2618 2627//2625 2628//2627
f 2614//2608 2613//2620 2628//2627 2629//2628
f 2607//2607 2606//2606 2621//2629 2622//2630
f 2615//2609 2614//2608 2629//2628 2630//2631
f 2608//2610 2607//2607 2622//2630 2623//2632
f 2616//2611 2615//2609 2630//2631 2631//2633
f 2609//2612 2608//2610 2623//2632 2624//2634
f 2617//2613 2616//2611 2631//2633 2632//2635
f 2610//2614 2609//2612 2624//2634 2625//2621
f 2618//2615 2617//2613 2632//2635 2633//2623
f 2630//2631 2629//2628 2644//2636 2645//2637
f 2623//2632 2622//2630 2637//2638 2638//2639
f 2631//2633 2630//2631 2645//2637 2646//2640
f 2624//2634 2623//2632 2638//2639 2639//2641
f 2632//2635 2631//2633 2646//2640 2647//2642
f 2625//2621 2624//2634 2639//2641 2640//2643
f 2633//2623 2632//2635 2647//2642 2648//2644
f 2626//2622 2625//2621 2640//2643 2641//2645
f 2634//2624 2633//2623 2648//2644 2649//2646
f 2627//2625 2626//2622 2641//2645 2642//2647
f 2635//2626 2634//2624 2649//2646 2650//2648
f 2628//2627 2627//2625 2642//2647 2643//2649
f 2629//2628 2628//2627 2643//2649 2644//2636
f 2622//2630 2621//2629 2636//2650 2637//2638
f 2649//2646 2648//2644 2663//2651 2664//2652
f 2642//2647 2641//2645 2656//2653 2657//2654
f 2650//2648 2649//2646 2664//2652 2665//2655
f 2643//2649 2642//2647 2657//2654 2658//2656
f 2644//2636 2643//2649 2658//2656 2659//2657
f 2637//2638 2636//2650 2651//2658 2652//2659
f 2645//2637 2644//2636 2659//2657 2660//2660
f 2638//2639 2637//2638 2652//2659 2653//2661
f 2646//2640 2645//2637 2660//2660 2661//2662
f 2639//2641 2638//2639 2653//2661 2654//2663
f 2647//2642 2646//2640 2661//2662 2662//2664
f 2640//2643 2639//2641 2654//2663 2655//2665
f 2648//2644 2647//2642 2662//2664 2663//2651
f 2641//2645 2640//2643 2655//2665 2656//2653
f 2653//2661 2652//2659 2667//2666 2668//2667
f 2661//2662 2660//2660 2675//2668 2676//2669
f 2654//2663 2653//2661 2668//2667 2669//2670
f 2662//2664 2661//2662 2676//2669 2677//2671
f 2655//2665 2654//2663 2669//2670 2670//2672
f 2663//2651 2662//2664 2677//2671 2678//2673
f 2656//2653 2655//2665 2670//2672 2671//2674
f 2664//2652 2663//2651 2678//2673 2679//2675
f 2657//2654 2656//2653 2671//2674 2672//2676
f 2665//2655 2664//2652 2679//2675 2680//2677
f 2658//2656 2657//2654 2672//2676 2673//2678
f 2659//2657 2658//2656 2673//2678 2674//2679
f 2652//2659 2651//2658 2666//2680 2667//2666
f 2660//2660 2659//2657 2674//2679 2675//2668
f 2672//2676 2671//2674 2686//2681 2687//2682
f 2680//2677 2679//2675 2694//2683 2695//2684
f 2673//2678 2672//2676 2687//2682 2688//2685
f 2674//2679 2673//2678 2688//2685 2689//2686
f 2667//2666 2666//2680 2681//2687 2682//2688
f 2675//2668 2674//2679 2689//2686 2690//2689
f 2668//2667 2667//2666 2682//2688 2683//2690
f 2676//2669 2675//2668 2690//2689 2691//2691
f 2669//2670 2668//2667 2683//2690 2684//2692
f 2677//2671 2676//2669 2691//2691 2692//2693
f 2670//2672 2669//2670 2684//2692 2685//2694
f 2678//2673 2677//2671 2692//2693 2693//2695
f 2671//2674 2670//2672 2685//2694 2686//2681
f 2679//2675 2678//2673 2693//2695 2694//2683
f 2691//2691 2690//2689 2705//2696 2706//2697
f 2684//2692 2683//2690 2698//2698 2699//2699
f 2692//2693 2691//2691 2706//2697 2707//2700
f 2685//2694 2684//2692 2699//2699 2700//2701
f 2693//2695 2692//2693 2707//2700 2708//2702
f 2686//2681 2685//2694 2700//2701 2701//2703
f 2694//2683 2693//2695 2708//2702 2709//2704
f 2687//2682 2686//2681 2701//2703 2702//2705
f 2695//2684 2694//2683 2709//2704 2710//2706
f 2688//2685 2687//2682 2702//2705 2703//2707
f 2689//2686 2688//2685 2703//2707 2704//2708
f 2682//2688 2681//2687 2696//2709 2697//2710
f 2690//2689 2689//2686 2704//2708 2705//2696
f 2683//2690 2682//2688 2697//2710 2698//2698
f 2710//2706 2709//2704 2724//2711 2725//2712
f 2703//2707 2702//2705 2717//2713 2718//2714
f 2704//2708 2703//2707 2718//2714 2719//2715
f 2697//2710 2696//2709 2711//2716 2712//2717
f 2705//2696 2704//2708 2719//2715 2720//2718
f 2698//2698 2697//2710 2712//2717 2713//2719
f 2706//2697 2705//2696 2720//2718 2721//2720
f 2699//2699 2698//2698 2713//2719 2714//2721
f 2707//2700 2706//2697 2721//2720 2722//2722
f 2700//2701 2699//2699 2714//2721 2715//2723
f 2708//2702 2707//2700 2722//2722 2723//2724
f 2701//2703 2700//2701 2715//2723 2716//2725
f 2709//2704 2708//2702 2723//2724 2724//2711
f 2702//2705 2701//2703 2716//2725 2717//2713
f 2722//2722 2721//2720 2736//2726 2737//2727
f 2715//2723 2714//2721 2729//2728 2730//2729
f 2723//2724 2722//2722 2737//2727 2738//2730
f 2716//2725 2715//2723 2730//2729 2731//2731
f 2724//2711 2723//2724 2738//2730 2739//2732
f 2717//2713 2716//2725 2731//2731 2732//2733
f 2725//2712 2724//2711 2739//2732 2740//2734
f 2718//2714 2717//2713 2732//2733 2733//2735
f 2719//2715 2718//2714 2733//2735 2734//2736
f 2712//2717 2711//2716 2726//2737 2727//2738
f 2720//2718 2719//2715 2734//2736 2735//2739
f 2713//2719 2712//2717 2727//2738 2728//2740
f 2721//2720 2720//2718 2735//2739 2736//2726
f 2714//2721 2713//2719 2728//2740 2729//2728
f 2734//2736 2733//2735 2749//2741 2750//2742
f 2727//2738 2726//2737 2742//2743 2743//2744
f 2735//2739 2734//2736 2750//2742 2751//2745
f 2728//2740 2727//2738 2743//2744 2744//2746
f 2736//2726 2735//2739 2751//2745 2752//2747
f 2729//2728 2728//2740 2744//2746 2745//2748
f 2737//2727 2736//2726 2752//2747 2753//2749
f 2730//2729 2729//2728 2745//2748 2746//2750
f 2738//2730 2737//2727 2753//2749 2754//2751
f 2731//2731 2730//2729 2746//2750 2747//2752
f 2739//2732 2738//2730 2754//2751 2755//2753
f 2732//2733 2731//2731 2747//2752 2748//2754
f 2740//2734 2739//2732 2755//2753 2756//2755
f 2733//2735 2732//2733 2748//2754 2749//2741
f 2746//2750 2745//2748 2760//2756 2761//2757
f 2754//2751 2753//2749 2768//2758 2769//2759
f 2747//2752 2746//2750 2761//2757 2762//2760
f 2755//2753 2754//2751 2769//2759 2770//2761
f 2748//2754 2747//2752 2762//2760 2763//2762
f 2756//2755 2755//2753 2770//2761 2771//2763
f 2749//2741 2748//2754 2763//2762 2764//2764
f 2750//2742 2749//2741 2764//2764 2765//2765
f 2743//2744 2742//2743 2757//2766 2758//2767
f 2751//2745 2750//2742 2765//2765 2766//2768
f 2744//2746 2743//2744 2758//2767 2759//2769
f 2752//2747 2751//2745 2766//2768 2767//2770
f 2745//2748 2744//2746 2759//2769 2760//2756
f 2753//2749 2752//2747 2767//2770 2768//2758
f 2765//2765 2764//2764 2779//2771 2780//2772
f 2758//2767 2757//2766 2772//2773 2773//2774
f 2766//2768 2765//2765 2780//2772 2781//2775
f 2759//2769 2758//2767 2773//2774 2774//2776
f 2767//2770 2766//2768 2781//2775 2782//2777
f 2760//2756 2759//2769 2774//2776 2775//2778
f 2768//2758 2767//2770 2782//2777 2783//2779
f 2761//2757 2760//2756 2775//2778 2776//2780
f 2769//2759 2768//2758 2783//2779 2784//2781
f 2762//2760 2761//2757 2776//2780 2777//2782
f 2770//2761 2769//2759 2784//2781 2785//2783
f 2763//2762 2762//2760 2777//2782 2778//2784
f 2771//2763 2770//2761 2785//2783 2786//2785
f 2764//2764 2763//2762 2778//2784 2779//2771
f 2784//2781 2783//2779 2798//2786 2799//2787
f 2777//2782 2776//2780 2791//2788 2792//2789
f 2785//2783 2784//2781 2799//2787 2800//2790
f 2778//2784 2777//2782 2792//2789 2793//2791
f 2786//2785 2785//2783 2800//2790 2801//2792
f 2779//2771 2778//2784 2793//2791 2794//2793
f 2780//2772 2779//2771 2794//2793 2795//2794
f 2773//2774 2772//2773 2787//2795 2788//2796
f 2781//2775 2780//2772 2795//2794 2796//2797
f 2774//2776 2773//2774 2788//2796 2789//2798
f 2782//2777 2781//2775 2796//2797 2797//2799
f 2775//2778 2774//2776 2789//2798 2790//2800
f 2783//2779 2782//2777 2797//2799 2798//2786
f 2776//2780 2775//2778 2790//2800 2791//2788
f 2788//2796 2787//2795 2802//2801 2803//2802
f 2796//2797 2795//2794 2810//2803 2811//2804
f 2789//2798 2788//2796 2803//2802 2804//2805
f 2797//2799 2796//2797 2811//2804 2812//2806
f 2790//2800 2789//2798 2804//2805 2805//2807
f 2798//2786 2797//2799 2812//2806 2813//2808
f 2791//2788 2790//2800 2805//2807 2806//2809
f 2799//2787 2798//2786 2813//2808 2814//2810
f 2792//2789 2791//2788 2806//2809 2807//2811
f 2800//2790 2799//2787 2814//2810 2815//2812
f 2793//2791 2792//2789 2807//2811 2808//2813
f 2801//2792 2800//2790 2815//2812 2816//2814
f 2794//2793 2793//2791 2808//2813 2809//2815
f 2795//2794 2794//2793 2809//2815 2810//2803
f 2807//2811 2806//2809 2821//2816 2822//2817
f 2815//2812 2814//2810 2829//2818 2830//2819
f 2808//2813 2807//2811 2822//2817 2823//2820
f 2816//2814 2815//2812 2830//2819 2831//2821
f 2809//2815 2808//2813 2823//2820 2824//2822
f 2810//2803 2809//2815 2824//2822 2825//2823
f 2803//2802 2802//2801 2817//2824 2818//2825
f 2811//2804 2810//2803 2825//2823 2826//2826
f 2804//2805 2803//2802 2818//2825 2819//2827
f 2812//2806 2811//2804 2826//2826 2827//2828
f 2805//2807 2804//2805 2819//2827 2820//2829
f 2813//2808 2812//2806 2827//2828 2828//2830
f 2806//2809 2805//2807 2820//2829 2821//2816
f 2814//2810 2813//2808 2828//2830 2829//2818
f 2826//2826 2825//2823 2840//2831 2841//2832
f 2819//2827 2818//2825 2833//2833 2834//2834
f 2827//2828 2826//2826 2841//2832 2842//2835
f 2820//2829 2819//2827 2834//2834 2835//2836
f 2828//2830 2827//2828 2842//2835 2843//2837
f 2821//2816 2820//2829 2835//2836 2836//2838
f 2829//2818 2828//2830 2843//2837 2844//2839
f 2822//2817 2821//2816 2836//2838 2837//2840
f 2830//2819 2829//2818 2844//2839 2845//2841
f 2823//2820 2822//2817 2837//2840 2838//2842
f 2831//2821 2830//2819 2845//2841 2846//2843
f 2824//2822 2823//2820 2838//2842 2839//2844
f 2825//2823 2824//2822 2839//2844 2840//2831
f 2818//2825 2817//2824 2832//2845 2833//2833
f 2845//2841 2844//2839 2859//2846 2860//2847
f 2838//2842 2837//2840 2852//2848 2853//2849
f 2846//2843 2845//2841 2860//2847 2861//2850
f 2839//2844 2838//2842 2853//2849 2854//2851
f 2840//2831 2839//2844 2854//2851 2855//2852
f 2833//2833 2832//2845 2847//2853 2848//2854
f 2841//2832 2840//2831 2855//2852 2856//2855
f 2834//2834 2833//2833 2848//2854 2849//2856
f 2842//2835 2841//2832 2856//2855 2857//2857
f 2835//2836 2834//2834 2849//2856 2850//2858
f 2843//2837 2842//2835 2857//2857 2858//2859
f 2836//2838 2835//2836 2850//2858 2851//2860
f 2844//2839 2843//2837 2858//2859 2859//2846
f 2837//2840 2836//2838 2851//2860 2852//2848
f 2857//2857 2856//2855 2872//2861 2873//2862
f 2850//2858 2849//2856 2865//2863 2866//2864
f 2858//2859 2857//2857 2873//2862 2874//2865
f 2851//2860 2850//2858 2866//2864 2867//2866
f 2859//2846 2858//2859 2874//2865 2875//2867
f 2852//2848 2851//2860 2867//2866 2868//2868
f 2860//2847 2859//2846 2875//2867 2876//2869
f 2853//2849 2852//2848 2868//2868 2869//2870
f 2861//2850 2860//2847 2876//2869 2877//2871
f 2854//2851 2853//2849 2869//2870 2870//2872
f 2855//2852 2854//2851 2870//2872 2871//2873
f 2848//2854 2847//2853 2863//2874 2864//2875
f 2856//2855 2855//2852 2871//2873 2872//2861
f 2849//2856 2848//2854 2864//2875 2865//2863
f 2877//2871 2876//2869 2891//2876 2892//2877
f 2870//2872 2869//2870 2884//2878 2885//2879
f 2871//2873 2870//2872 2885//2879 2886//2880
f 2864//2875 2863//2874 2878//2881 2879//2882
f 2872//2861 2871//2873 2886//2880 2887//2883
f 2865//2863 2864//2875 2879//2882 2880//2884
f 2873//2862 2872//2861 2887//2883 2888//2885
f 2866//2864 2865//2863 2880//2884 2881//2886
f 2874//2865 2873//2862 2888//2885 2889//2887
f 2867//2866 2866//2864 2881//2886 2882//2888
f 2875//2867 2874//2865 2889//2887 2890//2889
f 2868//2868 2867//2866 2882//2888 2883//2890
f 2876//2869 2875//2867 2890//2889 2891//2876
f 2869//2870 2868//2868 2883//2890 2884//2878
f 2411//2438 2862//2891 2426//2439
f 2741//2892 2425//2431 2440//2432
f 2426//2439 2862//2891 2441//2455
f 2741//2892 2440//2432 2455//2453
f 2441//2455 2862//2891 2456//2463
f 2741//2892 2455//2453 2470//2460
f 2456//2463 2862//2891 2471//2485
f 2741//2892 2470//2460 2485//2482
f 2471//2485 2862//2891 2486//2492
f 2741//2892 2485//2482 2500//2489
f 2486//2492 2862//2891 2501//2514
f 2741//2892 2500//2489 2515//2511
f 2501//2514 2862//2891 2516//2521
f 2741//2892 2515//2511 2530//2517
f 2516//2521 2862//2891 2531//2543
f 2741//2892 2530//2517 2545//2540
f 2531//2543 2862//2891 2546//2549
f 2741//2892 2545//2540 2560//2560
f 2546//2549 2862//2891 2561//2572
f 2741//2892 2560//2560 2575//2569
f 2741//2892 2575//2569 2590//2590
f 2561//2572 2862//2891 2576//2578
f 2576//2578 2862//2891 2591//2600
f 2741//2892 2590//2590 2605//2597
f 2591//2600 2862//2891 2606//2606
f 2741//2892 2605//2597 2620//2619
f 2606//2606 2862//2891 2621//2629
f 2741//2892 2620//2619 2635//2626
f 2621//2629 2862//2891 2636//2650
f 2741//2892 2635//2626 2650//2648
f 2636//2650 2862//2891 2651//2658
f 2741//2892 2650//2648 2665//2655
f 2651//2658 2862//2891 2666//2680
f 2741//2892 2665//2655 2680//2677
f 2666//2680 2862//2891 2681//2687
f 2741//2892 2680//2677 2695//2684
f 2681//2687 2862//2891 2696//2709
f 2741//2892 2695//2684 2710//2706
f 2696//2709 2862//2891 2711//2716
f 2741//2892 2710//2706 2725//2712
f 2711//2716 2862//2891 2726//2737
f 2741//2892 2725//2712 2740//2734
f 2726//2737 2862//2891 2742//2743
f 2741//2892 2740//2734 2756//2755
f 2742//2743 2862//2891 2757//2766
f 2741//2892 2756//2755 2771//2763
f 2757//2766 2862//2891 2772//2773
f 2741//2892 2771//2763 2786//2785
f 2772//2773 2862//2891 2787//2795
f 2741//2892 2786//2785 2801//2792
f 2787//2795 2862//2891 2802//2801
f 2741//2892 2801//2792 2816//2814
f 2802//2801 2862//2891 2817//2824
f 2741//2892 2816//2814 2831//2821
f 2817//2824 2862//2891 2832//2845
f 2741//2892 2831//2821 2846//2843
f 2832//2845 2862//2891 2847//2853
f 2741//2892 2846//2843 2861//2850
f 2847//2853 2862//2891 2863//2874
f 2741//2892 2861//2850 2877//2871
f 2863//2874 2862//2891 2878//2881
f 2741//2892 2877//2871 2892//2877
f 2881//2886 2880//2884 2413//2416 2414//2415
f 2889//2887 2888//2885 2421//2411 2422//2419
f 2882//2888 2881//2886 2414//2415 2415//2421
f 2890//2889 2889//2887 2422//2419 2423//2423
f 2883//2890 2882//2888 2415//2421 2416//2425
f 2891//2876 2890//2889 2423//2423 2424//2427
f 2884//2878 2883//2890 2416//2425 2417//2429
f 2892//2877 2891//2876 2424//2427 2425//2431
f 2885//2879 2884//2878 2417//2429 2418//2433
f 2862//2891 2411//2438 2878//2881
f 2741//2892 2892//2877 2425//2431
f 2886//2880 2885//2879 2418//2433 2419//2435
f 2411//2438 2412//2437 2879//2882 2878//2881
f 2887//2883 2886//2880 2419//2435 2420//2412
f 2880//2884 2879//2882 2412//2437 2413//2416
f 2888//2885 2887//2883 2420//2412 2421//2411
l 2411 2412
l 2412 2413
l 2413 2414
l 2414 2415
l 2415 2416
l 2416 2417
l 2417 2418
l 2418 2419
l 2419 2420
l 2420 2421
l 2421 2422
l 2422 2423
l 2423 2424
l 2424 2425
l 2426 2427
l 2427 2428
l 2428 2429
l 2429 2430
l 2430 2431
l 2431 2432
l 2432 2433
l 2433 2434
l 2434 2435
l 2435 2436
l 2436 2437
l 2437 2438
l 2438 2439
l 2439 2440
l 2421 2436
l 2420 2435
l 2414 2429
l 2413 2428
l 2422 2437
l 2415 2430
l 2423 2438
l 2416 2431
l 2424 2439
l 2417 2432
l 2425 2440
l 2418 2433
l 2411 2426
l 2419 2434
l 2412 2427
l 2441 2442
l 2442 2443
l 2443 2444
l 2444 2445
l 2445 2446
l 2446 2447
l 2447 2448
l 2448 2449
l 2449 2450
l 2450 2451
l 2451 2452
l 2452 2453
l 2453 2454
l 2454 2455
l 2435 2450
l 2434 2449
l 2428 2443
l 2427 2442
l 2436 2451
l 2429 2444
l 2437 2452
l 2430 2445
l 2438 2453
l 2431 2446
l 2439 2454
l 2432 2447
l 2440 2455
l 2433 2448
l 2426 2441
l 2456 2457
l 2457 2458
l 2458 2459
l 2459 2460
l 2460 2461
l 2461 2462
l 2462 2463
l 2463 2464
l 2464 2465
l 2465 2466
l 2466 2467
l 2467 2468
l 2468 2469
l 2469 2470
l 2454 2469
l 2453 2468
l 2447 2462
l 2446 2461
l 2455 2470
l 2448 2463
l 2441 2456
l 2449 2464
l 2442 2457
l 2450 2465
l 2443 2458
l 2451 2466
l 2444 2459
l 2452 2467
l 2445 2460
l 2471 2472
l 2472 2473
l 2473 2474
l 2474 2475
l 2475 2476
l 2476 2477
l 2477 2478
l 2478 2479
l 2479 2480
l 2480 2481
l 2481 2482
l 2482 2483
l 2483 2484
l 2484 2485
l 2458 2473
l 2457 2472
l 2466 2481
l 2465 2480
l 2459 2474
l 2467 2482
l 2460 2475
l 2468 2483
l 2461 2476
l 2469 2484
l 2462 2477
l 2470 2485
l 2463 2478
l 2456 2471
l 2464 2479
l 2486 2487
l 2487 2488
l 2488 2489
l 2489 2490
l 2490 2491
l 2491 2492
l 2492 2493
l 2493 2494
l 2494 2495
l 2495 2496
l 2496 2497
l 2497 2498
l 2498 2499
l 2499 2500
l 2477 2492
l 2476 2491
l 2485 2500
l 2484 2499
l 2478 2493
l 2471 2486
l 2479 2494
l 2472 2487
l 2480 2495
l 2473 2488
l 2481 2496
l 2474 2489
l 2482 2497
l 2475 2490
l 2483 2498
l 2501 2502
l 2502 2503
l 2503 2504
l 2504 2505
l 2505 2506
l 2506 2507
l 2507 2508
l 2508 2509
l 2509 2510
l 2510 2511
l 2511 2512
l 2512 2513
l 2513 2514
l 2514 2515
l 2496 2511
l 2495 2510
l 2489 2504
l 2488 2503
l 2497 2512
l 2490 2505
l 2498 2513
l 2491 2506
l 2499 2514
l 2492 2507
l 2500 2515
l 2493 2508
l 2486 2501
l 2494 2509
l 2487 2502
l 2516 2517
l 2517 2518
l 2518 2519
l 2519 2520
l 2520 2521
l 2521 2522
l 2522 2523
l 2523 2524
l 2524 2525
l 2525 2526
l 2526 2527
l 2527 2528
l 2528 2529
l 2529 2530
l 2515 2530
l 2514 2529
l 2508 2523
l 2507 2522
l 2501 2516
l 2509 2524
l 2502 2517
l 2510 2525
l 2503 2518
l 2511 2526
l 2504 2519
l 2512 2527
l 2505 2520
l 2513 2528
l 2506 2521
l 2531 2532
l 2532 2533
l 2533 2534
l 2534 2535
l 2535 2536
l 2536 2537
l 2537 2538
l 2538 2539
l 2539 2540
l 2540 2541
l 2541 2542
l 2542 2543
l 2543 2544
l 2544 2545
l 2519 2534
l 2518 2533
l 2527 2542
l 2526 2541
l 2520 2535
l 2528 2543
l 2521 2536
l 2529 2544
l 2522 2537
l 2530 2545
l 2523 2538
l 2516 2531
l 2524 2539
l 2517 2532
l 2525 2540
l 2546 2547
l 2547 2548
l 2548 2549
l 2549 2550
l 2550 2551
l 2551 2552
l 2552 2553
l 2553 2554
l 2554 2555
l 2555 2556
l 2556 2557
l 2557 2558
l 2558 2559
l 2559 2560
l 2538 2553
l 2537 2552
l 2531 2546
l 2545 2560
l 2539 2554
l 2532 2547
l 2540 2555
l 2533 2548
l 2541 2556
l 2534 2549
l 2542 2557
l 2535 2550
l 2543 2558
l 2536 2551
l 2544 2559
l 2561 2562
l 2562 2563
l 2563 2564
l 2564 2565
l 2565 2566
l 2566 2567
l 2567 2568
l 2568 2569
l 2569 2570
l 2570 2571
l 2571 2572
l 2572 2573
l 2573 2574
l 2574 2575
l 2557 2572
l 2556 2571
l 2550 2565
l 2549 2564
l 2558 2573
l 2551 2566
l 2559 2574
l 2552 2567
l 2560 2575
l 2553 2568
l 2546 2561
l 2554 2569
l 2547 2562
l 2555 2570
l 2548 2563
l 2576 2577
l 2577 2578
l 2578 2579
l 2579 2580
l 2580 2581
l 2581 2582
l 2582 2583
l 2583 2584
l 2584 2585
l 2585 2586
l 2586 2587
l 2587 2588
l 2588 2589
l 2589 2590
l 2575 2590
l 2569 2584
l 2568 2583
l 2562 2577
l 2561 2576
l 2570 2585
l 2563 2578
l 2571 2586
l 2564 2579
l 2572 2587
l 2565 2580
l 2573 2588
l 2566 2581
l 2574 2589
l 2567 2582
l 2591 2592
l 2592 2593
l 2593 2594
l 2594 2595
l 2595 2596
l 2596 2597
l 2597 2598
l 2598 2599
l 2599 2600
l 2600 2601
l 2601 2602
l 2602 2603
l 2603 2604
l 2604 2605
l 2588 2603
l 2587 2602
l 2581 2596
l 2580 2595
l 2589 2604
l 2582 2597
l 2590 2605
l 2583 2598
l 2576 2591
l 2584 2599
l 2577 2592
l 2585 2600
l 2578 2593
l 2586 2601
l 2579 2594
l 2606 2607
l 2607 2608
l 2608 2609
l 2609 2610
l 2610 2611
l 2611 2612
l 2612 2613
l 2613 2614
l 2614 2615
l 2615 2616
l 2616 2617
l 2617 2618
l 2618 2619
l 2619 2620
l 2592 2607
l 2591 2606
l 2600 2615
l 2599 2614
l 2593 2608
l 2601 2616
l 2594 2609
l 2602 2617
l 2595 2610
l 2603 2618
l 2596 2611
l 2604 2619
l 2597 2612
l 2605 2620
l 2598 2613
l 2621 2622
l 2622 2623
l 2623 2624
l 2624 2625
l 2625 2626
l 2626 2627
l 2627 2628
l 2628 2629
l 2629 2630
l 2630 2631
l 2631 2632
l 2632 2633
l 2633 2634
l 2634 2635
l 2611 2626
l 2610 2625
l 2619 2634
l 2618 2633
l 2612 2627
l 2620 2635
l 2613 2628
l 2606 2621
l 2614 2629
l 2607 2622
l 2615 2630
l 2608 2623
l 2616 2631
l 2609 2624
l 2617 2632
l 2636 2637
l 2637 2638
l 2638 2639
l 2639 2640
l 2640 2641
l 2641 2642
l 2642 2643
l 2643 2644
l 2644 2645
l 2645 2646
l 2646 2647
l 2647 2648
l 2648 2649
l 2649 2650
l 2630 2645
l 2629 2644
l 2623 2638
l 2622 2637
l 2631 2646
l 2624 2639
l 2632 2647
l 2625 2640
l 2633 2648
l 2626 2641
l 2634 2649
l 2627 2642
l 2635 2650
l 2628 2643
l 2621 2636
l 2651 2652
l 2652 2653
l 2653 2654
l 2654 2655
l 2655 2656
l 2656 2657
l 2657 2658
l 2658 2659
l 2659 2660
l 2660 2661
l 2661 2662
l 2662 2663
l 2663 2664
l 2664 2665
l 2649 2664
l 2648 2663
l 2642 2657
l 2641 2656
l 2650 2665
l 2643 2658
l 2636 2651
l 2644 2659
l 2637 2652
l 2645 2660
l 2638 2653
l 2646 2661
l 2639 2654
l 2647 2662
l 2640 2655
l 2666 2667
l 2667 2668
l 2668 2669
l 2669 2670
l 2670 2671
l 2671 2672
l 2672 2673
l 2673 2674
l 2674 2675
l 2675 2676
l 2676 2677
l 2677 2678
l 2678 2679
l 2679 2680
l 2653 2668
l 2652 2667
l 2661 2676
l 2660 2675
l 2654 2669
l 2662 2677
l 2655 2670
l 2663 2678
l 2656 2671
l 2664 2679
l 2657 2672
l 2665 2680
l 2658 2673
l 2651 2666
l 2659 2674
l 2681 2682
l 2682 2683
l 2683 2684
l 2684 2685
l 2685 2686
l 2686 2687
l 2687 2688
l 2688 2689
l 2689 2690
l 2690 2691
l 2691 2692
l 2692 2693
l 2693 2694
l 2694 2695
l 2672 2687
l 2671 2686
l 2680 2695
l 2679 2694
l 2673 2688
l 2666 2681
l 2674 2689
l 2667 2682
l 2675 2690
l 2668 2683
l 2676 2691
l 2669 2684
l 2677 2692
l 2670 2685
l 2678 2693
l 2696 2697
l 2697 2698
l 2698 2699
l 2699 2700
l 2700 2701
l 2701 2702
l 2702 2703
l 2703 2704
l 2704 2705
l 2705 2706
l 2706 2707
l 2707 2708
l 2708 2709
l 2709 2710
l 2691 2706
l 2690 2705
l 2684 2699
l 2683 2698
l 2692 2707
l 2685 2700
l 2693 2708
l 2686 2701
l 2694 2709
l 2687 2702
l 2695 2710
l 2688 2703
l 2681 2696
l 2689 2704
l 2682 2697
l 2711 2712
l 2712 2713
l 2713 2714
l 2714 2715
l 2715 2716
l 2716 2717
l 2717 2718
l 2718 2719
l 2719 2720
l 2720 2721
l 2721 2722
l 2722 2723
l 2723 2724
l 2724 2725
l 2710 2725
l 2709 2724
l 2703 2718
l 2702 2717
l 2696 2711
l 2704 2719
l 2697 2712
l 2705 2720
l 2698 2713
l 2706 2721
l 2699 2714
l 2707 2722
l 2700 2715
l 2708 2723
l 2701 2716
l 2726 2727
l 2727 2728
l 2728 2729
l 2729 2730
l 2730 2731
l 2731 2732
l 2732 2733
l 2733 2734
l 2734 2735
l 2735 2736
l 2736 2737
l 2737 2738
l 2738 2739
l 2739 2740
l 2740 2741
l 2722 2737
l 2721 2736
l 2715 2730
l 2714 2729
l 2723 2738
l 2716 2731
l 2724 2739
l 2717 2732
l 2725 2740
l 2718 2733
l 2711 2726
l 2719 2734
l 2712 2727
l 2720 2735
l 2713 2728
l 2742 2743
l 2743 2744
l 2744 2745
l 2745 2746
l 2746 2747
l 2747 2748
l 2748 2749
l 2749 2750
l 2750 2751
l 2751 2752
l 2752 2753
l 2753 2754
l 2754 2755
l 2755 2756
l 2726 2742
l 2740 2756
l 2734 2750
l 2733 2749
l 2727 2743
l 2735 2751
l 2728 2744
l 2736 2752
l 2729 2745
l 2737 2753
l 2730 2746
l 2738 2754
l 2731 2747
l 2739 2755
l 2732 2748
l 2757 2758
l 2758 2759
l 2759 2760
l 2760 2761
l 2761 2762
l 2762 2763
l 2763 2764
l 2764 2765
l 2765 2766
l 2766 2767
l 2767 2768
l 2768 2769
l 2769 2770
l 2770 2771
l 2746 2761
l 2745 2760
l 2754 2769
l 2753 2768
l 2747 2762
l 2755 2770
l 2748 2763
l 2756 2771
l 2749 2764
l 2742 2757
l 2750 2765
l 2743 2758
l 2751 2766
l 2744 2759
l 2752 2767
l 2772 2773
l 2773 2774
l 2774 2775
l 2775 2776
l 2776 2777
l 2777 2778
l 2778 2779
l 2779 2780
l 2780 2781
l 2781 2782
l 2782 2783
l 2783 2784
l 2784 2785
l 2785 2786
l 2765 2780
l 2764 2779
l 2758 2773
l 2757 2772
l 2766 2781
l 2759 2774
l 2767 2782
l 2760 2775
l 2768 2783
l 2761 2776
l 2769 2784
l 2762 2777
l 2770 2785
l 2763 2778
l 2771 2786
l 2787 2788
l 2788 2789
l 2789 2790
l 2790 2791
l 2791 2792
l 2792 2793
l 2793 2794
l 2794 2795
l 2795 2796
l 2796 2797
l 2797 2798
l 2798 2799
l 2799 2800
l 2800 2801
l 2784 2799
l 2783 2798
l 2777 2792
l 2776 2791
l 2785 2800
l 2778 2793
l 2786 2801
l 2779 2794
l 2772 2787
l 2780 2795
l 2773 2788
l 2781 2796
l 2774 2789
l 2782 2797
l 2775 2790
l 2802 2803
l 2803 2804
l 2804 2805
l 2805 2806
l 2806 2807
l 2807 2808
l 2808 2809
l 2809 2810
l 2810 2811
l 2811 2812
l 2812 2813
l 2813 2814
l 2814 2815
l 2815 2816
l 2788 2803
l 2787 2802
l 2796 2811
l 2795 2810
l 2789 2804
l 2797 2812
l 2790 2805
l 2798 2813
l 2791 2806
l 2799 2814
l 2792 2807
l 2800 2815
l 2793 2808
l 2801 2816
l 2794 2809
l 2817 2818
l 2818 2819
l 2819 2820
l 2820 2821
l 2821 2822
l 2822 2823
l 2823 2824
l 2824 2825
l 2825 2826
l 2826 2827
l 2827 2828
l 2828 2829
l 2829 2830
l 2830 2831
l 2807 2822
l 2806 2821
l 2815 2830
l 2814 2829
l 2808 2823
l 2816 2831
l 2809 2824
l 2802 2817
l 2810 2825
l 2803 2818
l 2811 2826
l 2804 2819
l 2812 2827
l 2805 2820
l 2813 2828
l 2832 2833
l 2833 2834
l 2834 2835
l 2835 2836
l 2836 2837
l 2837 2838
l 2838 2839
l 2839 2840
l 2840 2841
l 2841 2842
l 2842 2843
l 2843 2844
l 2844 2845
l 2845 2846
l 2826 2841
l 2825 2840
l 2819 2834
l 2818 2833
l 2827 2842
l 2820 2835
l 2828 2843
l 2821 2836
l 2829 2844
l 2822 2837
l 2830 2845
l 2823 2838
l 2831 2846
l 2824 2839
l 2817 2832
l 2847 2848
l 2848 2849
l 2849 2850
l 2850 2851
l 2851 2852
l 2852 2853
l 2853 2854
l 2854 2855
l 2855 2856
l 2856 2857
l 2857 2858
l 2858 2859
l 2859 2860
l 2860 2861
l 2845 2860
l 2844 2859
l 2838 2853
l 2837 2852
l 2846 2861
l 2839 2854
l 2832 2847
l 2840 2855
l 2833 2848
l 2841 2856
l 2834 2849
l 2842 2857
l 2835 2850
l 2843 2858
l 2836 2851
l 2862 2863
l 2863 2864
l 2864 2865
l 2865 2866
l 2866 2867
l 2867 2868
l 2868 2869
l 2869 2870
l 2870 2871
l 2871 2872
l 2872 2873
l 2873 2874
l 2874 2875
l 2875 2876
l 2876 2877
l 2857 2873
l 2856 2872
l 2850 2866
l 2849 2865
l 2858 2874
l 2851 2867
l 2859 2875
l 2852 2868
l 2860 2876
l 2853 2869
l 2861 2877
l 2854 2870
l 2847 2863
l 2855 2871
l 2848 2864
l 2878 2879
l 2879 2880
l 2880 2881
l 2881 2882
l 2882 2883
l 2883 2884
l 2884 2885
l 2885 2886
l 2886 2887
l 2887 2888
l 2888 2889
l 2889 2890
l 2890 2891
l 2891 2892
l 2877 2892
l 2876 2891
l 2870 2885
l 2869 2884
l 2863 2878
l 2871 2886
l 2864 2879
l 2872 2887
l 2865 2880
l 2873 2888
l 2866 2881
l 2874 2889
l 2867 2882
l 2875 2890
l 2868 2883
l 2411 2862
l 2425 2741
l 2426 2862
l 2440 2741
l 2441 2862
l 2455 2741
l 2456 2862
l 2470 2741
l 2471 2862
l 2485 2741
l 2486 2862
l 2500 2741
l 2501 2862
l 2515 2741
l 2516 2862
l 2530 2741
l 2531 2862
l 2545 2741
l 2546 2862
l 2560 2741
l 2561 2862
l 2575 2741
l 2576 2862
l 2590 2741
l 2591 2862
l 2605 2741
l 2606 2862
l 2620 2741
l 2621 2862
l 2635 2741
l 2636 2862
l 2650 2741
l 2651 2862
l 2665 2741
l 2666 2862
l 2680 2741
l 2681 2862
l 2695 2741
l 2696 2862
l 2710 2741
l 2711 2862
l 2725 2741
l 2726 2862
l 2742 2862
l 2741 2756
l 2757 2862
l 2741 2771
l 2772 2862
l 2741 2786
l 2787 2862
l 2741 2801
l 2802 2862
l 2741 2816
l 2817 2862
l 2741 2831
l 2832 2862
l 2741 2846
l 2847 2862
l 2741 2861
l 2741 2877
l 2862 2878
l 2741 2892
l 2414 2881
l 2413 2880
l 2422 2889
l 2421 2888
l 2415 2882
l 2423 2890
l 2416 2883
l 2424 2891
l 2417 2884
l 2425 2892
l 2418 2885
l 2411 2878
l 2419 2886
l 2412 2879
l 2420 2887
