# Blender v2.90.0 OBJ File: 'Square_Points.blend'
# www.blender.org
mtllib Square_Points.mtl
o ____P1_Sphere
v 0.000957 -0.004904 -0.000190
v 0.001877 -0.004619 -0.000373
v 0.002724 -0.004157 -0.000542
v 0.003468 -0.003536 -0.000690
v 0.004077 -0.002778 -0.000811
v 0.004531 -0.001913 -0.000901
v 0.004810 -0.000975 -0.000957
v 0.004904 0.000000 -0.000975
v 0.004810 0.000975 -0.000957
v 0.004531 0.001913 -0.000901
v 0.004077 0.002778 -0.000811
v 0.003468 0.003536 -0.000690
v 0.002724 0.004157 -0.000542
v 0.001877 0.004619 -0.000373
v 0.000957 0.004904 -0.000190
v 0.000901 0.004904 -0.000373
v 0.001768 0.004619 -0.000732
v 0.002566 0.004157 -0.001063
v 0.003266 0.003536 -0.001353
v 0.003841 0.002778 -0.001591
v 0.004268 0.001913 -0.001768
v 0.004531 0.000975 -0.001877
v 0.004619 0.000000 -0.001913
v 0.004531 -0.000975 -0.001877
v 0.004268 -0.001913 -0.001768
v 0.003841 -0.002778 -0.001591
v 0.003266 -0.003536 -0.001353
v 0.002566 -0.004157 -0.001063
v 0.001768 -0.004619 -0.000732
v 0.000901 -0.004904 -0.000373
v 0.000811 -0.004904 -0.000542
v 0.001591 -0.004619 -0.001063
v 0.002310 -0.004157 -0.001543
v 0.002940 -0.003536 -0.001964
v 0.003457 -0.002778 -0.002310
v 0.003841 -0.001913 -0.002566
v 0.004077 -0.000975 -0.002724
v 0.004157 0.000000 -0.002778
v 0.004077 0.000975 -0.002724
v 0.003841 0.001913 -0.002566
v 0.003457 0.002778 -0.002310
v 0.002940 0.003536 -0.001964
v 0.002310 0.004157 -0.001543
v 0.001591 0.004619 -0.001063
v 0.000811 0.004904 -0.000542
v 0.000690 0.004904 -0.000690
v 0.001353 0.004619 -0.001353
v 0.001964 0.004157 -0.001964
v 0.002500 0.003536 -0.002500
v 0.002940 0.002778 -0.002940
v 0.003266 0.001913 -0.003266
v 0.003468 0.000975 -0.003468
v 0.003536 0.000000 -0.003536
v 0.003468 -0.000975 -0.003468
v 0.003266 -0.001913 -0.003266
v 0.002940 -0.002778 -0.002940
v 0.002500 -0.003536 -0.002500
v 0.001964 -0.004157 -0.001964
v 0.001353 -0.004619 -0.001353
v 0.000690 -0.004904 -0.000690
v 0.000542 -0.004904 -0.000811
v 0.001063 -0.004619 -0.001591
v 0.001543 -0.004157 -0.002310
v 0.001964 -0.003536 -0.002940
v 0.002310 -0.002778 -0.003457
v 0.002566 -0.001913 -0.003841
v 0.002724 -0.000975 -0.004077
v 0.002778 0.000000 -0.004157
v 0.002724 0.000975 -0.004077
v 0.002566 0.001913 -0.003841
v 0.002310 0.002778 -0.003457
v 0.001964 0.003536 -0.002940
v 0.001543 0.004157 -0.002310
v 0.001063 0.004619 -0.001591
v 0.000542 0.004904 -0.000811
v 0.000373 0.004904 -0.000901
v 0.000732 0.004619 -0.001768
v 0.001063 0.004157 -0.002566
v 0.001353 0.003536 -0.003266
v 0.001591 0.002778 -0.003841
v 0.001768 0.001913 -0.004268
v 0.001877 0.000975 -0.004531
v 0.001913 0.000000 -0.004619
v 0.001877 -0.000975 -0.004531
v 0.001768 -0.001913 -0.004268
v 0.001591 -0.002778 -0.003841
v 0.001353 -0.003536 -0.003266
v 0.001063 -0.004157 -0.002566
v 0.000732 -0.004619 -0.001768
v 0.000373 -0.004904 -0.000901
v -0.000000 -0.005000 0.000000
v 0.000190 -0.004904 -0.000957
v 0.000373 -0.004619 -0.001877
v 0.000542 -0.004157 -0.002724
v 0.000690 -0.003536 -0.003468
v 0.000811 -0.002778 -0.004077
v 0.000901 -0.001913 -0.004531
v 0.000957 -0.000975 -0.004810
v 0.000975 0.000000 -0.004904
v 0.000957 0.000975 -0.004810
v 0.000901 0.001913 -0.004531
v 0.000811 0.002778 -0.004077
v 0.000690 0.003536 -0.003468
v 0.000542 0.004157 -0.002724
v 0.000373 0.004619 -0.001877
v 0.000190 0.004904 -0.000957
v -0.000000 0.004904 -0.000975
v -0.000000 0.004619 -0.001913
v -0.000000 0.004157 -0.002778
v -0.000000 0.003536 -0.003536
v -0.000000 0.002778 -0.004157
v -0.000000 0.001913 -0.004619
v -0.000000 0.000975 -0.004904
v -0.000000 0.000000 -0.005000
v -0.000000 -0.000975 -0.004904
v -0.000000 -0.001913 -0.004619
v -0.000000 -0.002778 -0.004157
v -0.000000 -0.003536 -0.003536
v -0.000000 -0.004157 -0.002778
v -0.000000 -0.004619 -0.001913
v -0.000000 -0.004904 -0.000975
v -0.000190 -0.004904 -0.000957
v -0.000373 -0.004619 -0.001877
v -0.000542 -0.004157 -0.002724
v -0.000690 -0.003536 -0.003468
v -0.000811 -0.002778 -0.004077
v -0.000901 -0.001913 -0.004531
v -0.000957 -0.000975 -0.004810
v -0.000975 0.000000 -0.004904
v -0.000957 0.000975 -0.004810
v -0.000901 0.001913 -0.004531
v -0.000811 0.002778 -0.004077
v -0.000690 0.003536 -0.003468
v -0.000542 0.004157 -0.002724
v -0.000373 0.004619 -0.001877
v -0.000190 0.004904 -0.000957
v -0.000373 0.004904 -0.000901
v -0.000732 0.004619 -0.001768
v -0.001063 0.004157 -0.002566
v -0.001353 0.003536 -0.003266
v -0.001591 0.002778 -0.003841
v -0.001768 0.001913 -0.004268
v -0.001877 0.000975 -0.004531
v -0.001913 0.000000 -0.004619
v -0.001877 -0.000975 -0.004531
v -0.001768 -0.001913 -0.004268
v -0.001591 -0.002778 -0.003841
v -0.001353 -0.003536 -0.003266
v -0.001063 -0.004157 -0.002566
v -0.000732 -0.004619 -0.001768
v -0.000373 -0.004904 -0.000901
v -0.000542 -0.004904 -0.000811
v -0.001063 -0.004619 -0.001591
v -0.001543 -0.004157 -0.002310
v -0.001964 -0.003536 -0.002940
v -0.002310 -0.002778 -0.003457
v -0.002566 -0.001913 -0.003841
v -0.002724 -0.000975 -0.004077
v -0.002778 0.000000 -0.004157
v -0.002724 0.000975 -0.004077
v -0.002566 0.001913 -0.003841
v -0.002310 0.002778 -0.003457
v -0.001964 0.003536 -0.002940
v -0.001543 0.004157 -0.002310
v -0.001063 0.004619 -0.001591
v -0.000542 0.004904 -0.000811
v -0.000690 0.004904 -0.000690
v -0.001353 0.004619 -0.001353
v -0.001964 0.004157 -0.001964
v -0.002500 0.003536 -0.002500
v -0.002940 0.002778 -0.002940
v -0.003266 0.001913 -0.003266
v -0.003468 0.000975 -0.003468
v -0.003536 0.000000 -0.003536
v -0.003468 -0.000975 -0.003468
v -0.003266 -0.001913 -0.003266
v -0.002940 -0.002778 -0.002940
v -0.002500 -0.003536 -0.002500
v -0.001964 -0.004157 -0.001964
v -0.001353 -0.004619 -0.001353
v -0.000690 -0.004904 -0.000690
v -0.000811 -0.004904 -0.000542
v -0.001591 -0.004619 -0.001063
v -0.002310 -0.004157 -0.001543
v -0.002940 -0.003536 -0.001964
v -0.003457 -0.002778 -0.002310
v -0.003841 -0.001913 -0.002566
v -0.004077 -0.000975 -0.002724
v -0.004157 0.000000 -0.002778
v -0.004077 0.000975 -0.002724
v -0.003841 0.001913 -0.002566
v -0.003457 0.002778 -0.002310
v -0.002940 0.003536 -0.001964
v -0.002310 0.004157 -0.001543
v -0.001591 0.004619 -0.001063
v -0.000811 0.004904 -0.000542
v -0.000901 0.004904 -0.000373
v -0.001768 0.004619 -0.000732
v -0.002566 0.004157 -0.001063
v -0.003266 0.003536 -0.001353
v -0.003841 0.002778 -0.001591
v -0.004268 0.001913 -0.001768
v -0.004531 0.000975 -0.001877
v -0.004619 0.000000 -0.001913
v -0.004531 -0.000975 -0.001877
v -0.004268 -0.001913 -0.001768
v -0.003841 -0.002778 -0.001591
v -0.003266 -0.003536 -0.001353
v -0.002566 -0.004157 -0.001063
v -0.001768 -0.004619 -0.000732
v -0.000901 -0.004904 -0.000373
v -0.000957 -0.004904 -0.000190
v -0.001877 -0.004619 -0.000373
v -0.002724 -0.004157 -0.000542
v -0.003468 -0.003536 -0.000690
v -0.004077 -0.002778 -0.000811
v -0.004531 -0.001913 -0.000901
v -0.004810 -0.000975 -0.000957
v -0.004904 0.000000 -0.000975
v -0.004810 0.000975 -0.000957
v -0.004531 0.001913 -0.000901
v -0.004077 0.002778 -0.000811
v -0.003468 0.003536 -0.000690
v -0.002724 0.004157 -0.000542
v -0.001877 0.004619 -0.000373
v -0.000957 0.004904 -0.000190
v -0.000975 0.004904 0.000000
v -0.001913 0.004619 0.000000
v -0.002778 0.004157 0.000000
v -0.003536 0.003536 0.000000
v -0.004157 0.002778 0.000000
v -0.004619 0.001913 0.000000
v -0.004904 0.000975 0.000000
v -0.005000 0.000000 0.000000
v -0.004904 -0.000975 0.000000
v -0.004619 -0.001913 0.000000
v -0.004157 -0.002778 0.000000
v -0.003536 -0.003536 0.000000
v -0.002778 -0.004157 0.000000
v -0.001913 -0.004619 0.000000
v -0.000975 -0.004904 0.000000
v -0.000957 -0.004904 0.000190
v -0.001877 -0.004619 0.000373
v -0.002724 -0.004157 0.000542
v -0.003468 -0.003536 0.000690
v -0.004077 -0.002778 0.000811
v -0.004531 -0.001913 0.000901
v -0.004810 -0.000975 0.000957
v -0.004904 0.000000 0.000975
v -0.004810 0.000975 0.000957
v -0.004531 0.001913 0.000901
v -0.004077 0.002778 0.000811
v -0.003468 0.003536 0.000690
v -0.002724 0.004157 0.000542
v -0.001877 0.004619 0.000373
v -0.000957 0.004904 0.000190
v -0.000901 0.004904 0.000373
v -0.001768 0.004619 0.000732
v -0.002566 0.004157 0.001063
v -0.003266 0.003536 0.001353
v -0.003841 0.002778 0.001591
v -0.004268 0.001913 0.001768
v -0.004531 0.000975 0.001877
v -0.004619 0.000000 0.001913
v -0.004531 -0.000975 0.001877
v -0.004268 -0.001913 0.001768
v -0.003841 -0.002778 0.001591
v -0.003266 -0.003536 0.001353
v -0.002566 -0.004157 0.001063
v -0.001768 -0.004619 0.000732
v -0.000901 -0.004904 0.000373
v -0.000811 -0.004904 0.000542
v -0.001591 -0.004619 0.001063
v -0.002310 -0.004157 0.001543
v -0.002940 -0.003536 0.001964
v -0.003457 -0.002778 0.002310
v -0.003841 -0.001913 0.002566
v -0.004077 -0.000975 0.002724
v -0.004157 0.000000 0.002778
v -0.004077 0.000975 0.002724
v -0.003841 0.001913 0.002566
v -0.003457 0.002778 0.002310
v -0.002940 0.003536 0.001964
v -0.002310 0.004157 0.001543
v -0.001591 0.004619 0.001063
v -0.000811 0.004904 0.000542
v -0.000690 0.004904 0.000690
v -0.001353 0.004619 0.001353
v -0.001964 0.004157 0.001964
v -0.002500 0.003536 0.002500
v -0.002940 0.002778 0.002940
v -0.003266 0.001913 0.003266
v -0.003468 0.000975 0.003468
v -0.003536 0.000000 0.003536
v -0.003468 -0.000975 0.003468
v -0.003266 -0.001913 0.003266
v -0.002940 -0.002778 0.002940
v -0.002500 -0.003536 0.002500
v -0.001964 -0.004157 0.001964
v -0.001353 -0.004619 0.001353
v -0.000690 -0.004904 0.000690
v -0.000542 -0.004904 0.000811
v -0.001063 -0.004619 0.001591
v -0.001543 -0.004157 0.002310
v -0.001964 -0.003536 0.002940
v -0.002310 -0.002778 0.003457
v -0.002566 -0.001913 0.003841
v -0.002724 -0.000975 0.004077
v -0.002778 0.000000 0.004157
v -0.002724 0.000975 0.004077
v -0.002566 0.001913 0.003841
v -0.002310 0.002778 0.003457
v -0.001964 0.003536 0.002940
v -0.001543 0.004157 0.002310
v -0.001063 0.004619 0.001591
v -0.000542 0.004904 0.000811
v -0.000373 0.004904 0.000901
v -0.000732 0.004619 0.001768
v -0.001063 0.004157 0.002566
v -0.001353 0.003536 0.003266
v -0.001591 0.002778 0.003841
v -0.001768 0.001913 0.004268
v -0.001877 0.000975 0.004531
v -0.001913 0.000000 0.004619
v -0.001877 -0.000975 0.004531
v -0.001768 -0.001913 0.004268
v -0.001591 -0.002778 0.003841
v -0.001353 -0.003536 0.003266
v -0.001063 -0.004157 0.002566
v -0.000732 -0.004619 0.001768
v -0.000373 -0.004904 0.000901
v -0.000190 -0.004904 0.000957
v -0.000373 -0.004619 0.001877
v -0.000542 -0.004157 0.002724
v -0.000690 -0.003536 0.003468
v -0.000811 -0.002778 0.004077
v -0.000901 -0.001913 0.004531
v -0.000957 -0.000975 0.004810
v -0.000975 0.000000 0.004904
v -0.000957 0.000975 0.004810
v -0.000901 0.001913 0.004531
v -0.000811 0.002778 0.004077
v -0.000690 0.003536 0.003468
v -0.000542 0.004157 0.002724
v -0.000373 0.004619 0.001877
v -0.000190 0.004904 0.000957
v 0.000000 0.004904 0.000975
v 0.000000 0.004619 0.001913
v 0.000000 0.004157 0.002778
v 0.000000 0.003536 0.003536
v 0.000000 0.002778 0.004157
v 0.000000 0.001913 0.004619
v 0.000000 0.000975 0.004904
v 0.000000 0.000000 0.005000
v 0.000000 -0.000975 0.004904
v 0.000000 -0.001913 0.004619
v 0.000000 -0.002778 0.004157
v 0.000000 -0.003536 0.003536
v 0.000000 -0.004157 0.002778
v 0.000000 -0.004619 0.001913
v 0.000000 -0.004904 0.000975
v 0.000190 -0.004904 0.000957
v 0.000373 -0.004619 0.001877
v 0.000542 -0.004157 0.002724
v 0.000690 -0.003536 0.003468
v 0.000811 -0.002778 0.004077
v 0.000901 -0.001913 0.004531
v 0.000957 -0.000975 0.004810
v 0.000975 0.000000 0.004904
v 0.000957 0.000975 0.004810
v 0.000901 0.001913 0.004531
v 0.000811 0.002778 0.004077
v 0.000690 0.003536 0.003468
v 0.000542 0.004157 0.002724
v 0.000373 0.004619 0.001877
v 0.000190 0.004904 0.000957
v 0.000373 0.004904 0.000901
v 0.000732 0.004619 0.001768
v 0.001063 0.004157 0.002566
v 0.001353 0.003536 0.003266
v 0.001591 0.002778 0.003841
v 0.001768 0.001913 0.004268
v 0.001877 0.000975 0.004531
v 0.001913 0.000000 0.004619
v 0.001877 -0.000975 0.004531
v 0.001768 -0.001913 0.004268
v 0.001591 -0.002778 0.003841
v 0.001353 -0.003536 0.003266
v 0.001063 -0.004157 0.002566
v 0.000732 -0.004619 0.001768
v 0.000373 -0.004904 0.000901
v 0.000542 -0.004904 0.000811
v 0.001063 -0.004619 0.001591
v 0.001543 -0.004157 0.002310
v 0.001964 -0.003536 0.002940
v 0.002310 -0.002778 0.003457
v 0.002566 -0.001913 0.003841
v 0.002724 -0.000975 0.004077
v 0.002778 0.000000 0.004157
v 0.002724 0.000975 0.004077
v 0.002566 0.001913 0.003841
v 0.002310 0.002778 0.003457
v 0.001964 0.003536 0.002940
v 0.001543 0.004157 0.002310
v 0.001063 0.004619 0.001591
v 0.000542 0.004904 0.000811
v 0.000690 0.004904 0.000690
v 0.001353 0.004619 0.001353
v 0.001964 0.004157 0.001964
v 0.002500 0.003536 0.002500
v 0.002940 0.002778 0.002940
v 0.003266 0.001913 0.003266
v 0.003468 0.000975 0.003468
v 0.003536 0.000000 0.003536
v 0.003468 -0.000975 0.003468
v 0.003266 -0.001913 0.003266
v 0.002940 -0.002778 0.002940
v 0.002500 -0.003536 0.002500
v 0.001964 -0.004157 0.001964
v 0.001353 -0.004619 0.001353
v 0.000690 -0.004904 0.000690
v 0.000811 -0.004904 0.000542
v 0.001591 -0.004619 0.001063
v 0.002310 -0.004157 0.001543
v 0.002940 -0.003536 0.001964
v 0.003457 -0.002778 0.002310
v 0.003841 -0.001913 0.002566
v 0.004077 -0.000975 0.002724
v 0.004157 0.000000 0.002778
v 0.004077 0.000975 0.002724
v 0.003841 0.001913 0.002566
v 0.003457 0.002778 0.002310
v 0.002940 0.003536 0.001964
v 0.002310 0.004157 0.001543
v 0.001591 0.004619 0.001063
v 0.000811 0.004904 0.000542
v 0.000901 0.004904 0.000373
v 0.001768 0.004619 0.000732
v 0.002566 0.004157 0.001063
v 0.003266 0.003536 0.001353
v 0.003841 0.002778 0.001591
v 0.004268 0.001913 0.001768
v 0.004531 0.000975 0.001877
v 0.004619 0.000000 0.001913
v 0.004531 -0.000975 0.001877
v 0.004268 -0.001913 0.001768
v 0.003841 -0.002778 0.001591
v 0.003266 -0.003536 0.001353
v 0.002566 -0.004157 0.001063
v 0.001768 -0.004619 0.000732
v 0.000901 -0.004904 0.000373
v 0.000957 -0.004904 0.000190
v 0.001877 -0.004619 0.000373
v 0.002724 -0.004157 0.000542
v 0.003468 -0.003536 0.000690
v 0.004077 -0.002778 0.000811
v 0.004531 -0.001913 0.000901
v 0.004810 -0.000975 0.000957
v 0.004904 0.000000 0.000975
v 0.004810 0.000975 0.000957
v 0.004531 0.001913 0.000901
v 0.004077 0.002778 0.000811
v 0.003468 0.003536 0.000690
v 0.002724 0.004157 0.000542
v 0.001877 0.004619 0.000373
v 0.000957 0.004904 0.000190
v 0.000000 0.005000 0.000000
v 0.000975 0.004904 -0.000000
v 0.001913 0.004619 -0.000000
v 0.002778 0.004157 -0.000000
v 0.003536 0.003536 -0.000000
v 0.004157 0.002778 -0.000000
v 0.004619 0.001913 -0.000000
v 0.004904 0.000975 -0.000000
v 0.005000 0.000000 -0.000000
v 0.004904 -0.000975 -0.000000
v 0.004619 -0.001913 -0.000000
v 0.004157 -0.002778 -0.000000
v 0.003536 -0.003536 -0.000000
v 0.002778 -0.004157 -0.000000
v 0.001913 -0.004619 -0.000000
v 0.000975 -0.004904 -0.000000
v 0.150957 -0.004904 -0.000190
v 0.151877 -0.004619 -0.000373
v 0.152724 -0.004157 -0.000542
v 0.153468 -0.003536 -0.000690
v 0.154077 -0.002778 -0.000811
v 0.154531 -0.001913 -0.000901
v 0.154810 -0.000975 -0.000957
v 0.154904 0.000000 -0.000975
v 0.154810 0.000975 -0.000957
v 0.154531 0.001913 -0.000901
v 0.154077 0.002778 -0.000811
v 0.153468 0.003536 -0.000690
v 0.152724 0.004157 -0.000542
v 0.151877 0.004619 -0.000373
v 0.150957 0.004904 -0.000190
v 0.150901 0.004904 -0.000373
v 0.151768 0.004619 -0.000732
v 0.152566 0.004157 -0.001063
v 0.153266 0.003536 -0.001353
v 0.153841 0.002778 -0.001591
v 0.154268 0.001913 -0.001768
v 0.154531 0.000975 -0.001877
v 0.154619 0.000000 -0.001913
v 0.154531 -0.000975 -0.001877
v 0.154268 -0.001913 -0.001768
v 0.153841 -0.002778 -0.001591
v 0.153266 -0.003536 -0.001353
v 0.152566 -0.004157 -0.001063
v 0.151768 -0.004619 -0.000732
v 0.150901 -0.004904 -0.000373
v 0.150811 -0.004904 -0.000542
v 0.151591 -0.004619 -0.001063
v 0.152310 -0.004157 -0.001543
v 0.152940 -0.003536 -0.001964
v 0.153457 -0.002778 -0.002310
v 0.153841 -0.001913 -0.002566
v 0.154077 -0.000975 -0.002724
v 0.154157 0.000000 -0.002778
v 0.154077 0.000975 -0.002724
v 0.153841 0.001913 -0.002566
v 0.153457 0.002778 -0.002310
v 0.152940 0.003536 -0.001964
v 0.152310 0.004157 -0.001543
v 0.151591 0.004619 -0.001063
v 0.150811 0.004904 -0.000542
v 0.150690 0.004904 -0.000690
v 0.151353 0.004619 -0.001353
v 0.151964 0.004157 -0.001964
v 0.152500 0.003536 -0.002500
v 0.152940 0.002778 -0.002940
v 0.153266 0.001913 -0.003266
v 0.153468 0.000975 -0.003468
v 0.153536 0.000000 -0.003536
v 0.153468 -0.000975 -0.003468
v 0.153266 -0.001913 -0.003266
v 0.152940 -0.002778 -0.002940
v 0.152500 -0.003536 -0.002500
v 0.151964 -0.004157 -0.001964
v 0.151353 -0.004619 -0.001353
v 0.150690 -0.004904 -0.000690
v 0.150542 -0.004904 -0.000811
v 0.151063 -0.004619 -0.001591
v 0.151543 -0.004157 -0.002310
v 0.151964 -0.003536 -0.002940
v 0.152310 -0.002778 -0.003457
v 0.152566 -0.001913 -0.003841
v 0.152724 -0.000975 -0.004077
v 0.152778 0.000000 -0.004157
v 0.152724 0.000975 -0.004077
v 0.152566 0.001913 -0.003841
v 0.152310 0.002778 -0.003457
v 0.151964 0.003536 -0.002940
v 0.151543 0.004157 -0.002310
v 0.151063 0.004619 -0.001591
v 0.150542 0.004904 -0.000811
v 0.150373 0.004904 -0.000901
v 0.150732 0.004619 -0.001768
v 0.151063 0.004157 -0.002566
v 0.151353 0.003536 -0.003266
v 0.151591 0.002778 -0.003841
v 0.151768 0.001913 -0.004268
v 0.151877 0.000975 -0.004531
v 0.151913 0.000000 -0.004619
v 0.151877 -0.000975 -0.004531
v 0.151768 -0.001913 -0.004268
v 0.151591 -0.002778 -0.003841
v 0.151353 -0.003536 -0.003266
v 0.151063 -0.004157 -0.002566
v 0.150732 -0.004619 -0.001768
v 0.150373 -0.004904 -0.000901
v 0.150000 -0.005000 0.000000
v 0.150190 -0.004904 -0.000957
v 0.150373 -0.004619 -0.001877
v 0.150542 -0.004157 -0.002724
v 0.150690 -0.003536 -0.003468
v 0.150811 -0.002778 -0.004077
v 0.150901 -0.001913 -0.004531
v 0.150957 -0.000975 -0.004810
v 0.150975 0.000000 -0.004904
v 0.150957 0.000975 -0.004810
v 0.150901 0.001913 -0.004531
v 0.150811 0.002778 -0.004077
v 0.150690 0.003536 -0.003468
v 0.150542 0.004157 -0.002724
v 0.150373 0.004619 -0.001877
v 0.150190 0.004904 -0.000957
v 0.150000 0.004904 -0.000975
v 0.150000 0.004619 -0.001913
v 0.150000 0.004157 -0.002778
v 0.150000 0.003536 -0.003536
v 0.150000 0.002778 -0.004157
v 0.150000 0.001913 -0.004619
v 0.150000 0.000975 -0.004904
v 0.150000 0.000000 -0.005000
v 0.150000 -0.000975 -0.004904
v 0.150000 -0.001913 -0.004619
v 0.150000 -0.002778 -0.004157
v 0.150000 -0.003536 -0.003536
v 0.150000 -0.004157 -0.002778
v 0.150000 -0.004619 -0.001913
v 0.150000 -0.004904 -0.000975
v 0.149810 -0.004904 -0.000957
v 0.149627 -0.004619 -0.001877
v 0.149458 -0.004157 -0.002724
v 0.149310 -0.003536 -0.003468
v 0.149189 -0.002778 -0.004077
v 0.149099 -0.001913 -0.004531
v 0.149043 -0.000975 -0.004810
v 0.149025 0.000000 -0.004904
v 0.149043 0.000975 -0.004810
v 0.149099 0.001913 -0.004531
v 0.149189 0.002778 -0.004077
v 0.149310 0.003536 -0.003468
v 0.149458 0.004157 -0.002724
v 0.149627 0.004619 -0.001877
v 0.149810 0.004904 -0.000957
v 0.149627 0.004904 -0.000901
v 0.149268 0.004619 -0.001768
v 0.148937 0.004157 -0.002566
v 0.148647 0.003536 -0.003266
v 0.148409 0.002778 -0.003841
v 0.148232 0.001913 -0.004268
v 0.148123 0.000975 -0.004531
v 0.148087 0.000000 -0.004619
v 0.148123 -0.000975 -0.004531
v 0.148232 -0.001913 -0.004268
v 0.148409 -0.002778 -0.003841
v 0.148647 -0.003536 -0.003266
v 0.148937 -0.004157 -0.002566
v 0.149268 -0.004619 -0.001768
v 0.149627 -0.004904 -0.000901
v 0.149458 -0.004904 -0.000811
v 0.148937 -0.004619 -0.001591
v 0.148457 -0.004157 -0.002310
v 0.148036 -0.003536 -0.002940
v 0.147690 -0.002778 -0.003457
v 0.147434 -0.001913 -0.003841
v 0.147276 -0.000975 -0.004077
v 0.147222 0.000000 -0.004157
v 0.147276 0.000975 -0.004077
v 0.147434 0.001913 -0.003841
v 0.147690 0.002778 -0.003457
v 0.148036 0.003536 -0.002940
v 0.148457 0.004157 -0.002310
v 0.148937 0.004619 -0.001591
v 0.149458 0.004904 -0.000811
v 0.149310 0.004904 -0.000690
v 0.148647 0.004619 -0.001353
v 0.148036 0.004157 -0.001964
v 0.147500 0.003536 -0.002500
v 0.147060 0.002778 -0.002940
v 0.146734 0.001913 -0.003266
v 0.146532 0.000975 -0.003468
v 0.146464 0.000000 -0.003536
v 0.146532 -0.000975 -0.003468
v 0.146734 -0.001913 -0.003266
v 0.147060 -0.002778 -0.002940
v 0.147500 -0.003536 -0.002500
v 0.148036 -0.004157 -0.001964
v 0.148647 -0.004619 -0.001353
v 0.149310 -0.004904 -0.000690
v 0.149189 -0.004904 -0.000542
v 0.148409 -0.004619 -0.001063
v 0.147690 -0.004157 -0.001543
v 0.147060 -0.003536 -0.001964
v 0.146543 -0.002778 -0.002310
v 0.146159 -0.001913 -0.002566
v 0.145923 -0.000975 -0.002724
v 0.145843 0.000000 -0.002778
v 0.145923 0.000975 -0.002724
v 0.146159 0.001913 -0.002566
v 0.146543 0.002778 -0.002310
v 0.147060 0.003536 -0.001964
v 0.147690 0.004157 -0.001543
v 0.148409 0.004619 -0.001063
v 0.149189 0.004904 -0.000542
v 0.149099 0.004904 -0.000373
v 0.148232 0.004619 -0.000732
v 0.147434 0.004157 -0.001063
v 0.146734 0.003536 -0.001353
v 0.146159 0.002778 -0.001591
v 0.145732 0.001913 -0.001768
v 0.145469 0.000975 -0.001877
v 0.145381 0.000000 -0.001913
v 0.145469 -0.000975 -0.001877
v 0.145732 -0.001913 -0.001768
v 0.146159 -0.002778 -0.001591
v 0.146734 -0.003536 -0.001353
v 0.147434 -0.004157 -0.001063
v 0.148232 -0.004619 -0.000732
v 0.149099 -0.004904 -0.000373
v 0.149043 -0.004904 -0.000190
v 0.148123 -0.004619 -0.000373
v 0.147276 -0.004157 -0.000542
v 0.146532 -0.003536 -0.000690
v 0.145923 -0.002778 -0.000811
v 0.145469 -0.001913 -0.000901
v 0.145190 -0.000975 -0.000957
v 0.145096 0.000000 -0.000975
v 0.145190 0.000975 -0.000957
v 0.145469 0.001913 -0.000901
v 0.145923 0.002778 -0.000811
v 0.146532 0.003536 -0.000690
v 0.147276 0.004157 -0.000542
v 0.148123 0.004619 -0.000373
v 0.149043 0.004904 -0.000190
v 0.149025 0.004904 0.000000
v 0.148087 0.004619 0.000000
v 0.147222 0.004157 0.000000
v 0.146464 0.003536 0.000000
v 0.145843 0.002778 0.000000
v 0.145381 0.001913 0.000000
v 0.145096 0.000975 0.000000
v 0.145000 0.000000 0.000000
v 0.145096 -0.000975 0.000000
v 0.145381 -0.001913 0.000000
v 0.145843 -0.002778 0.000000
v 0.146464 -0.003536 0.000000
v 0.147222 -0.004157 0.000000
v 0.148087 -0.004619 0.000000
v 0.149025 -0.004904 0.000000
v 0.149043 -0.004904 0.000190
v 0.148123 -0.004619 0.000373
v 0.147276 -0.004157 0.000542
v 0.146532 -0.003536 0.000690
v 0.145923 -0.002778 0.000811
v 0.145469 -0.001913 0.000901
v 0.145190 -0.000975 0.000957
v 0.145096 0.000000 0.000975
v 0.145190 0.000975 0.000957
v 0.145469 0.001913 0.000901
v 0.145923 0.002778 0.000811
v 0.146532 0.003536 0.000690
v 0.147276 0.004157 0.000542
v 0.148123 0.004619 0.000373
v 0.149043 0.004904 0.000190
v 0.149099 0.004904 0.000373
v 0.148232 0.004619 0.000732
v 0.147434 0.004157 0.001063
v 0.146734 0.003536 0.001353
v 0.146159 0.002778 0.001591
v 0.145732 0.001913 0.001768
v 0.145469 0.000975 0.001877
v 0.145381 0.000000 0.001913
v 0.145469 -0.000975 0.001877
v 0.145732 -0.001913 0.001768
v 0.146159 -0.002778 0.001591
v 0.146734 -0.003536 0.001353
v 0.147434 -0.004157 0.001063
v 0.148232 -0.004619 0.000732
v 0.149099 -0.004904 0.000373
v 0.149189 -0.004904 0.000542
v 0.148409 -0.004619 0.001063
v 0.147690 -0.004157 0.001543
v 0.147060 -0.003536 0.001964
v 0.146543 -0.002778 0.002310
v 0.146159 -0.001913 0.002566
v 0.145923 -0.000975 0.002724
v 0.145843 0.000000 0.002778
v 0.145923 0.000975 0.002724
v 0.146159 0.001913 0.002566
v 0.146543 0.002778 0.002310
v 0.147060 0.003536 0.001964
v 0.147690 0.004157 0.001543
v 0.148409 0.004619 0.001063
v 0.149189 0.004904 0.000542
v 0.149310 0.004904 0.000690
v 0.148647 0.004619 0.001353
v 0.148036 0.004157 0.001964
v 0.147500 0.003536 0.002500
v 0.147060 0.002778 0.002940
v 0.146734 0.001913 0.003266
v 0.146532 0.000975 0.003468
v 0.146464 0.000000 0.003536
v 0.146532 -0.000975 0.003468
v 0.146734 -0.001913 0.003266
v 0.147060 -0.002778 0.002940
v 0.147500 -0.003536 0.002500
v 0.148036 -0.004157 0.001964
v 0.148647 -0.004619 0.001353
v 0.149310 -0.004904 0.000690
v 0.149458 -0.004904 0.000811
v 0.148937 -0.004619 0.001591
v 0.148457 -0.004157 0.002310
v 0.148036 -0.003536 0.002940
v 0.147690 -0.002778 0.003457
v 0.147434 -0.001913 0.003841
v 0.147276 -0.000975 0.004077
v 0.147222 0.000000 0.004157
v 0.147276 0.000975 0.004077
v 0.147434 0.001913 0.003841
v 0.147690 0.002778 0.003457
v 0.148036 0.003536 0.002940
v 0.148457 0.004157 0.002310
v 0.148937 0.004619 0.001591
v 0.149458 0.004904 0.000811
v 0.149627 0.004904 0.000901
v 0.149268 0.004619 0.001768
v 0.148937 0.004157 0.002566
v 0.148647 0.003536 0.003266
v 0.148409 0.002778 0.003841
v 0.148232 0.001913 0.004268
v 0.148123 0.000975 0.004531
v 0.148087 0.000000 0.004619
v 0.148123 -0.000975 0.004531
v 0.148232 -0.001913 0.004268
v 0.148409 -0.002778 0.003841
v 0.148647 -0.003536 0.003266
v 0.148937 -0.004157 0.002566
v 0.149268 -0.004619 0.001768
v 0.149627 -0.004904 0.000901
v 0.149810 -0.004904 0.000957
v 0.149627 -0.004619 0.001877
v 0.149458 -0.004157 0.002724
v 0.149310 -0.003536 0.003468
v 0.149189 -0.002778 0.004077
v 0.149099 -0.001913 0.004531
v 0.149043 -0.000975 0.004810
v 0.149025 0.000000 0.004904
v 0.149043 0.000975 0.004810
v 0.149099 0.001913 0.004531
v 0.149189 0.002778 0.004077
v 0.149310 0.003536 0.003468
v 0.149458 0.004157 0.002724
v 0.149627 0.004619 0.001877
v 0.149810 0.004904 0.000957
v 0.150000 0.004904 0.000975
v 0.150000 0.004619 0.001913
v 0.150000 0.004157 0.002778
v 0.150000 0.003536 0.003536
v 0.150000 0.002778 0.004157
v 0.150000 0.001913 0.004619
v 0.150000 0.000975 0.004904
v 0.150000 0.000000 0.005000
v 0.150000 -0.000975 0.004904
v 0.150000 -0.001913 0.004619
v 0.150000 -0.002778 0.004157
v 0.150000 -0.003536 0.003536
v 0.150000 -0.004157 0.002778
v 0.150000 -0.004619 0.001913
v 0.150000 -0.004904 0.000975
v 0.150190 -0.004904 0.000957
v 0.150373 -0.004619 0.001877
v 0.150542 -0.004157 0.002724
v 0.150690 -0.003536 0.003468
v 0.150811 -0.002778 0.004077
v 0.150901 -0.001913 0.004531
v 0.150957 -0.000975 0.004810
v 0.150975 0.000000 0.004904
v 0.150957 0.000975 0.004810
v 0.150901 0.001913 0.004531
v 0.150811 0.002778 0.004077
v 0.150690 0.003536 0.003468
v 0.150542 0.004157 0.002724
v 0.150373 0.004619 0.001877
v 0.150190 0.004904 0.000957
v 0.150373 0.004904 0.000901
v 0.150732 0.004619 0.001768
v 0.151063 0.004157 0.002566
v 0.151353 0.003536 0.003266
v 0.151591 0.002778 0.003841
v 0.151768 0.001913 0.004268
v 0.151877 0.000975 0.004531
v 0.151913 0.000000 0.004619
v 0.151877 -0.000975 0.004531
v 0.151768 -0.001913 0.004268
v 0.151591 -0.002778 0.003841
v 0.151353 -0.003536 0.003266
v 0.151063 -0.004157 0.002566
v 0.150732 -0.004619 0.001768
v 0.150373 -0.004904 0.000901
v 0.150542 -0.004904 0.000811
v 0.151063 -0.004619 0.001591
v 0.151543 -0.004157 0.002310
v 0.151964 -0.003536 0.002940
v 0.152310 -0.002778 0.003457
v 0.152566 -0.001913 0.003841
v 0.152724 -0.000975 0.004077
v 0.152778 0.000000 0.004157
v 0.152724 0.000975 0.004077
v 0.152566 0.001913 0.003841
v 0.152310 0.002778 0.003457
v 0.151964 0.003536 0.002940
v 0.151543 0.004157 0.002310
v 0.151063 0.004619 0.001591
v 0.150542 0.004904 0.000811
v 0.150690 0.004904 0.000690
v 0.151353 0.004619 0.001353
v 0.151964 0.004157 0.001964
v 0.152500 0.003536 0.002500
v 0.152940 0.002778 0.002940
v 0.153266 0.001913 0.003266
v 0.153468 0.000975 0.003468
v 0.153536 0.000000 0.003536
v 0.153468 -0.000975 0.003468
v 0.153266 -0.001913 0.003266
v 0.152940 -0.002778 0.002940
v 0.152500 -0.003536 0.002500
v 0.151964 -0.004157 0.001964
v 0.151353 -0.004619 0.001353
v 0.150690 -0.004904 0.000690
v 0.150811 -0.004904 0.000542
v 0.151591 -0.004619 0.001063
v 0.152310 -0.004157 0.001543
v 0.152940 -0.003536 0.001964
v 0.153457 -0.002778 0.002310
v 0.153841 -0.001913 0.002566
v 0.154077 -0.000975 0.002724
v 0.154157 0.000000 0.002778
v 0.154077 0.000975 0.002724
v 0.153841 0.001913 0.002566
v 0.153457 0.002778 0.002310
v 0.152940 0.003536 0.001964
v 0.152310 0.004157 0.001543
v 0.151591 0.004619 0.001063
v 0.150811 0.004904 0.000542
v 0.150901 0.004904 0.000373
v 0.151768 0.004619 0.000732
v 0.152566 0.004157 0.001063
v 0.153266 0.003536 0.001353
v 0.153841 0.002778 0.001591
v 0.154268 0.001913 0.001768
v 0.154531 0.000975 0.001877
v 0.154619 0.000000 0.001913
v 0.154531 -0.000975 0.001877
v 0.154268 -0.001913 0.001768
v 0.153841 -0.002778 0.001591
v 0.153266 -0.003536 0.001353
v 0.152566 -0.004157 0.001063
v 0.151768 -0.004619 0.000732
v 0.150901 -0.004904 0.000373
v 0.150957 -0.004904 0.000190
v 0.151877 -0.004619 0.000373
v 0.152724 -0.004157 0.000542
v 0.153468 -0.003536 0.000690
v 0.154077 -0.002778 0.000811
v 0.154531 -0.001913 0.000901
v 0.154810 -0.000975 0.000957
v 0.154904 0.000000 0.000975
v 0.154810 0.000975 0.000957
v 0.154531 0.001913 0.000901
v 0.154077 0.002778 0.000811
v 0.153468 0.003536 0.000690
v 0.152724 0.004157 0.000542
v 0.151877 0.004619 0.000373
v 0.150957 0.004904 0.000190
v 0.150000 0.005000 0.000000
v 0.150975 0.004904 -0.000000
v 0.151913 0.004619 -0.000000
v 0.152778 0.004157 -0.000000
v 0.153536 0.003536 -0.000000
v 0.154157 0.002778 -0.000000
v 0.154619 0.001913 -0.000000
v 0.154904 0.000975 -0.000000
v 0.155000 0.000000 -0.000000
v 0.154904 -0.000975 -0.000000
v 0.154619 -0.001913 -0.000000
v 0.154157 -0.002778 -0.000000
v 0.153536 -0.003536 -0.000000
v 0.152778 -0.004157 -0.000000
v 0.151913 -0.004619 -0.000000
v 0.150975 -0.004904 -0.000000
v 0.150957 -0.004904 -0.150190
v 0.151877 -0.004619 -0.150373
v 0.152724 -0.004157 -0.150542
v 0.153468 -0.003536 -0.150690
v 0.154077 -0.002778 -0.150811
v 0.154531 -0.001913 -0.150901
v 0.154810 -0.000975 -0.150957
v 0.154904 0.000000 -0.150975
v 0.154810 0.000975 -0.150957
v 0.154531 0.001913 -0.150901
v 0.154077 0.002778 -0.150811
v 0.153468 0.003536 -0.150690
v 0.152724 0.004157 -0.150542
v 0.151877 0.004619 -0.150373
v 0.150957 0.004904 -0.150190
v 0.150901 0.004904 -0.150373
v 0.151768 0.004619 -0.150732
v 0.152566 0.004157 -0.151063
v 0.153266 0.003536 -0.151353
v 0.153841 0.002778 -0.151591
v 0.154268 0.001913 -0.151768
v 0.154531 0.000975 -0.151877
v 0.154619 0.000000 -0.151913
v 0.154531 -0.000975 -0.151877
v 0.154268 -0.001913 -0.151768
v 0.153841 -0.002778 -0.151591
v 0.153266 -0.003536 -0.151353
v 0.152566 -0.004157 -0.151063
v 0.151768 -0.004619 -0.150732
v 0.150901 -0.004904 -0.150373
v 0.150811 -0.004904 -0.150542
v 0.151591 -0.004619 -0.151063
v 0.152310 -0.004157 -0.151543
v 0.152940 -0.003536 -0.151964
v 0.153457 -0.002778 -0.152310
v 0.153841 -0.001913 -0.152566
v 0.154077 -0.000975 -0.152724
v 0.154157 0.000000 -0.152778
v 0.154077 0.000975 -0.152724
v 0.153841 0.001913 -0.152566
v 0.153457 0.002778 -0.152310
v 0.152940 0.003536 -0.151964
v 0.152310 0.004157 -0.151543
v 0.151591 0.004619 -0.151063
v 0.150811 0.004904 -0.150542
v 0.150690 0.004904 -0.150690
v 0.151353 0.004619 -0.151353
v 0.151964 0.004157 -0.151964
v 0.152500 0.003536 -0.152500
v 0.152940 0.002778 -0.152940
v 0.153266 0.001913 -0.153266
v 0.153468 0.000975 -0.153468
v 0.153536 0.000000 -0.153536
v 0.153468 -0.000975 -0.153468
v 0.153266 -0.001913 -0.153266
v 0.152940 -0.002778 -0.152940
v 0.152500 -0.003536 -0.152500
v 0.151964 -0.004157 -0.151964
v 0.151353 -0.004619 -0.151353
v 0.150690 -0.004904 -0.150690
v 0.150542 -0.004904 -0.150811
v 0.151063 -0.004619 -0.151591
v 0.151543 -0.004157 -0.152310
v 0.151964 -0.003536 -0.152940
v 0.152310 -0.002778 -0.153457
v 0.152566 -0.001913 -0.153841
v 0.152724 -0.000975 -0.154077
v 0.152778 0.000000 -0.154157
v 0.152724 0.000975 -0.154077
v 0.152566 0.001913 -0.153841
v 0.152310 0.002778 -0.153457
v 0.151964 0.003536 -0.152940
v 0.151543 0.004157 -0.152310
v 0.151063 0.004619 -0.151591
v 0.150542 0.004904 -0.150811
v 0.150373 0.004904 -0.150901
v 0.150732 0.004619 -0.151768
v 0.151063 0.004157 -0.152566
v 0.151353 0.003536 -0.153266
v 0.151591 0.002778 -0.153841
v 0.151768 0.001913 -0.154268
v 0.151877 0.000975 -0.154531
v 0.151913 0.000000 -0.154619
v 0.151877 -0.000975 -0.154531
v 0.151768 -0.001913 -0.154268
v 0.151591 -0.002778 -0.153841
v 0.151353 -0.003536 -0.153266
v 0.151063 -0.004157 -0.152566
v 0.150732 -0.004619 -0.151768
v 0.150373 -0.004904 -0.150901
v 0.150000 -0.005000 -0.150000
v 0.150190 -0.004904 -0.150957
v 0.150373 -0.004619 -0.151877
v 0.150542 -0.004157 -0.152724
v 0.150690 -0.003536 -0.153468
v 0.150811 -0.002778 -0.154077
v 0.150901 -0.001913 -0.154531
v 0.150957 -0.000975 -0.154810
v 0.150975 0.000000 -0.154904
v 0.150957 0.000975 -0.154810
v 0.150901 0.001913 -0.154531
v 0.150811 0.002778 -0.154077
v 0.150690 0.003536 -0.153468
v 0.150542 0.004157 -0.152724
v 0.150373 0.004619 -0.151877
v 0.150190 0.004904 -0.150957
v 0.150000 0.004904 -0.150975
v 0.150000 0.004619 -0.151913
v 0.150000 0.004157 -0.152778
v 0.150000 0.003536 -0.153536
v 0.150000 0.002778 -0.154157
v 0.150000 0.001913 -0.154619
v 0.150000 0.000975 -0.154904
v 0.150000 0.000000 -0.155000
v 0.150000 -0.000975 -0.154904
v 0.150000 -0.001913 -0.154619
v 0.150000 -0.002778 -0.154157
v 0.150000 -0.003536 -0.153536
v 0.150000 -0.004157 -0.152778
v 0.150000 -0.004619 -0.151913
v 0.150000 -0.004904 -0.150975
v 0.149810 -0.004904 -0.150957
v 0.149627 -0.004619 -0.151877
v 0.149458 -0.004157 -0.152724
v 0.149310 -0.003536 -0.153468
v 0.149189 -0.002778 -0.154077
v 0.149099 -0.001913 -0.154531
v 0.149043 -0.000975 -0.154810
v 0.149025 0.000000 -0.154904
v 0.149043 0.000975 -0.154810
v 0.149099 0.001913 -0.154531
v 0.149189 0.002778 -0.154077
v 0.149310 0.003536 -0.153468
v 0.149458 0.004157 -0.152724
v 0.149627 0.004619 -0.151877
v 0.149810 0.004904 -0.150957
v 0.149627 0.004904 -0.150901
v 0.149268 0.004619 -0.151768
v 0.148937 0.004157 -0.152566
v 0.148647 0.003536 -0.153266
v 0.148409 0.002778 -0.153841
v 0.148232 0.001913 -0.154268
v 0.148123 0.000975 -0.154531
v 0.148087 0.000000 -0.154619
v 0.148123 -0.000975 -0.154531
v 0.148232 -0.001913 -0.154268
v 0.148409 -0.002778 -0.153841
v 0.148647 -0.003536 -0.153266
v 0.148937 -0.004157 -0.152566
v 0.149268 -0.004619 -0.151768
v 0.149627 -0.004904 -0.150901
v 0.149458 -0.004904 -0.150811
v 0.148937 -0.004619 -0.151591
v 0.148457 -0.004157 -0.152310
v 0.148036 -0.003536 -0.152940
v 0.147690 -0.002778 -0.153457
v 0.147434 -0.001913 -0.153841
v 0.147276 -0.000975 -0.154077
v 0.147222 0.000000 -0.154157
v 0.147276 0.000975 -0.154077
v 0.147434 0.001913 -0.153841
v 0.147690 0.002778 -0.153457
v 0.148036 0.003536 -0.152940
v 0.148457 0.004157 -0.152310
v 0.148937 0.004619 -0.151591
v 0.149458 0.004904 -0.150811
v 0.149310 0.004904 -0.150690
v 0.148647 0.004619 -0.151353
v 0.148036 0.004157 -0.151964
v 0.147500 0.003536 -0.152500
v 0.147060 0.002778 -0.152940
v 0.146734 0.001913 -0.153266
v 0.146532 0.000975 -0.153468
v 0.146464 0.000000 -0.153536
v 0.146532 -0.000975 -0.153468
v 0.146734 -0.001913 -0.153266
v 0.147060 -0.002778 -0.152940
v 0.147500 -0.003536 -0.152500
v 0.148036 -0.004157 -0.151964
v 0.148647 -0.004619 -0.151353
v 0.149310 -0.004904 -0.150690
v 0.149189 -0.004904 -0.150542
v 0.148409 -0.004619 -0.151063
v 0.147690 -0.004157 -0.151543
v 0.147060 -0.003536 -0.151964
v 0.146543 -0.002778 -0.152310
v 0.146159 -0.001913 -0.152566
v 0.145923 -0.000975 -0.152724
v 0.145843 0.000000 -0.152778
v 0.145923 0.000975 -0.152724
v 0.146159 0.001913 -0.152566
v 0.146543 0.002778 -0.152310
v 0.147060 0.003536 -0.151964
v 0.147690 0.004157 -0.151543
v 0.148409 0.004619 -0.151063
v 0.149189 0.004904 -0.150542
v 0.149099 0.004904 -0.150373
v 0.148232 0.004619 -0.150732
v 0.147434 0.004157 -0.151063
v 0.146734 0.003536 -0.151353
v 0.146159 0.002778 -0.151591
v 0.145732 0.001913 -0.151768
v 0.145469 0.000975 -0.151877
v 0.145381 0.000000 -0.151913
v 0.145469 -0.000975 -0.151877
v 0.145732 -0.001913 -0.151768
v 0.146159 -0.002778 -0.151591
v 0.146734 -0.003536 -0.151353
v 0.147434 -0.004157 -0.151063
v 0.148232 -0.004619 -0.150732
v 0.149099 -0.004904 -0.150373
v 0.149043 -0.004904 -0.150190
v 0.148123 -0.004619 -0.150373
v 0.147276 -0.004157 -0.150542
v 0.146532 -0.003536 -0.150690
v 0.145923 -0.002778 -0.150811
v 0.145469 -0.001913 -0.150901
v 0.145190 -0.000975 -0.150957
v 0.145096 0.000000 -0.150975
v 0.145190 0.000975 -0.150957
v 0.145469 0.001913 -0.150901
v 0.145923 0.002778 -0.150811
v 0.146532 0.003536 -0.150690
v 0.147276 0.004157 -0.150542
v 0.148123 0.004619 -0.150373
v 0.149043 0.004904 -0.150190
v 0.149025 0.004904 -0.150000
v 0.148087 0.004619 -0.150000
v 0.147222 0.004157 -0.150000
v 0.146464 0.003536 -0.150000
v 0.145843 0.002778 -0.150000
v 0.145381 0.001913 -0.150000
v 0.145096 0.000975 -0.150000
v 0.145000 0.000000 -0.150000
v 0.145096 -0.000975 -0.150000
v 0.145381 -0.001913 -0.150000
v 0.145843 -0.002778 -0.150000
v 0.146464 -0.003536 -0.150000
v 0.147222 -0.004157 -0.150000
v 0.148087 -0.004619 -0.150000
v 0.149025 -0.004904 -0.150000
v 0.149043 -0.004904 -0.149810
v 0.148123 -0.004619 -0.149627
v 0.147276 -0.004157 -0.149458
v 0.146532 -0.003536 -0.149310
v 0.145923 -0.002778 -0.149189
v 0.145469 -0.001913 -0.149099
v 0.145190 -0.000975 -0.149043
v 0.145096 0.000000 -0.149025
v 0.145190 0.000975 -0.149043
v 0.145469 0.001913 -0.149099
v 0.145923 0.002778 -0.149189
v 0.146532 0.003536 -0.149310
v 0.147276 0.004157 -0.149458
v 0.148123 0.004619 -0.149627
v 0.149043 0.004904 -0.149810
v 0.149099 0.004904 -0.149627
v 0.148232 0.004619 -0.149268
v 0.147434 0.004157 -0.148937
v 0.146734 0.003536 -0.148647
v 0.146159 0.002778 -0.148409
v 0.145732 0.001913 -0.148232
v 0.145469 0.000975 -0.148123
v 0.145381 0.000000 -0.148087
v 0.145469 -0.000975 -0.148123
v 0.145732 -0.001913 -0.148232
v 0.146159 -0.002778 -0.148409
v 0.146734 -0.003536 -0.148647
v 0.147434 -0.004157 -0.148937
v 0.148232 -0.004619 -0.149268
v 0.149099 -0.004904 -0.149627
v 0.149189 -0.004904 -0.149458
v 0.148409 -0.004619 -0.148937
v 0.147690 -0.004157 -0.148457
v 0.147060 -0.003536 -0.148036
v 0.146543 -0.002778 -0.147690
v 0.146159 -0.001913 -0.147434
v 0.145923 -0.000975 -0.147276
v 0.145843 0.000000 -0.147222
v 0.145923 0.000975 -0.147276
v 0.146159 0.001913 -0.147434
v 0.146543 0.002778 -0.147690
v 0.147060 0.003536 -0.148036
v 0.147690 0.004157 -0.148457
v 0.148409 0.004619 -0.148937
v 0.149189 0.004904 -0.149458
v 0.149310 0.004904 -0.149310
v 0.148647 0.004619 -0.148647
v 0.148036 0.004157 -0.148036
v 0.147500 0.003536 -0.147500
v 0.147060 0.002778 -0.147060
v 0.146734 0.001913 -0.146734
v 0.146532 0.000975 -0.146532
v 0.146464 0.000000 -0.146464
v 0.146532 -0.000975 -0.146532
v 0.146734 -0.001913 -0.146734
v 0.147060 -0.002778 -0.147060
v 0.147500 -0.003536 -0.147500
v 0.148036 -0.004157 -0.148036
v 0.148647 -0.004619 -0.148647
v 0.149310 -0.004904 -0.149310
v 0.149458 -0.004904 -0.149189
v 0.148937 -0.004619 -0.148409
v 0.148457 -0.004157 -0.147690
v 0.148036 -0.003536 -0.147060
v 0.147690 -0.002778 -0.146543
v 0.147434 -0.001913 -0.146159
v 0.147276 -0.000975 -0.145923
v 0.147222 0.000000 -0.145843
v 0.147276 0.000975 -0.145923
v 0.147434 0.001913 -0.146159
v 0.147690 0.002778 -0.146543
v 0.148036 0.003536 -0.147060
v 0.148457 0.004157 -0.147690
v 0.148937 0.004619 -0.148409
v 0.149458 0.004904 -0.149189
v 0.149627 0.004904 -0.149099
v 0.149268 0.004619 -0.148232
v 0.148937 0.004157 -0.147434
v 0.148647 0.003536 -0.146734
v 0.148409 0.002778 -0.146159
v 0.148232 0.001913 -0.145732
v 0.148123 0.000975 -0.145469
v 0.148087 0.000000 -0.145381
v 0.148123 -0.000975 -0.145469
v 0.148232 -0.001913 -0.145732
v 0.148409 -0.002778 -0.146159
v 0.148647 -0.003536 -0.146734
v 0.148937 -0.004157 -0.147434
v 0.149268 -0.004619 -0.148232
v 0.149627 -0.004904 -0.149099
v 0.149810 -0.004904 -0.149043
v 0.149627 -0.004619 -0.148123
v 0.149458 -0.004157 -0.147276
v 0.149310 -0.003536 -0.146532
v 0.149189 -0.002778 -0.145923
v 0.149099 -0.001913 -0.145469
v 0.149043 -0.000975 -0.145190
v 0.149025 0.000000 -0.145096
v 0.149043 0.000975 -0.145190
v 0.149099 0.001913 -0.145469
v 0.149189 0.002778 -0.145923
v 0.149310 0.003536 -0.146532
v 0.149458 0.004157 -0.147276
v 0.149627 0.004619 -0.148123
v 0.149810 0.004904 -0.149043
v 0.150000 0.004904 -0.149025
v 0.150000 0.004619 -0.148087
v 0.150000 0.004157 -0.147222
v 0.150000 0.003536 -0.146464
v 0.150000 0.002778 -0.145843
v 0.150000 0.001913 -0.145381
v 0.150000 0.000975 -0.145096
v 0.150000 0.000000 -0.145000
v 0.150000 -0.000975 -0.145096
v 0.150000 -0.001913 -0.145381
v 0.150000 -0.002778 -0.145843
v 0.150000 -0.003536 -0.146464
v 0.150000 -0.004157 -0.147222
v 0.150000 -0.004619 -0.148087
v 0.150000 -0.004904 -0.149025
v 0.150190 -0.004904 -0.149043
v 0.150373 -0.004619 -0.148123
v 0.150542 -0.004157 -0.147276
v 0.150690 -0.003536 -0.146532
v 0.150811 -0.002778 -0.145923
v 0.150901 -0.001913 -0.145469
v 0.150957 -0.000975 -0.145190
v 0.150975 0.000000 -0.145096
v 0.150957 0.000975 -0.145190
v 0.150901 0.001913 -0.145469
v 0.150811 0.002778 -0.145923
v 0.150690 0.003536 -0.146532
v 0.150542 0.004157 -0.147276
v 0.150373 0.004619 -0.148123
v 0.150190 0.004904 -0.149043
v 0.150373 0.004904 -0.149099
v 0.150732 0.004619 -0.148232
v 0.151063 0.004157 -0.147434
v 0.151353 0.003536 -0.146734
v 0.151591 0.002778 -0.146159
v 0.151768 0.001913 -0.145732
v 0.151877 0.000975 -0.145469
v 0.151913 0.000000 -0.145381
v 0.151877 -0.000975 -0.145469
v 0.151768 -0.001913 -0.145732
v 0.151591 -0.002778 -0.146159
v 0.151353 -0.003536 -0.146734
v 0.151063 -0.004157 -0.147434
v 0.150732 -0.004619 -0.148232
v 0.150373 -0.004904 -0.149099
v 0.150542 -0.004904 -0.149189
v 0.151063 -0.004619 -0.148409
v 0.151543 -0.004157 -0.147690
v 0.151964 -0.003536 -0.147060
v 0.152310 -0.002778 -0.146543
v 0.152566 -0.001913 -0.146159
v 0.152724 -0.000975 -0.145923
v 0.152778 0.000000 -0.145843
v 0.152724 0.000975 -0.145923
v 0.152566 0.001913 -0.146159
v 0.152310 0.002778 -0.146543
v 0.151964 0.003536 -0.147060
v 0.151543 0.004157 -0.147690
v 0.151063 0.004619 -0.148409
v 0.150542 0.004904 -0.149189
v 0.150690 0.004904 -0.149310
v 0.151353 0.004619 -0.148647
v 0.151964 0.004157 -0.148036
v 0.152500 0.003536 -0.147500
v 0.152940 0.002778 -0.147060
v 0.153266 0.001913 -0.146734
v 0.153468 0.000975 -0.146532
v 0.153536 0.000000 -0.146464
v 0.153468 -0.000975 -0.146532
v 0.153266 -0.001913 -0.146734
v 0.152940 -0.002778 -0.147060
v 0.152500 -0.003536 -0.147500
v 0.151964 -0.004157 -0.148036
v 0.151353 -0.004619 -0.148647
v 0.150690 -0.004904 -0.149310
v 0.150811 -0.004904 -0.149458
v 0.151591 -0.004619 -0.148937
v 0.152310 -0.004157 -0.148457
v 0.152940 -0.003536 -0.148036
v 0.153457 -0.002778 -0.147690
v 0.153841 -0.001913 -0.147434
v 0.154077 -0.000975 -0.147276
v 0.154157 0.000000 -0.147222
v 0.154077 0.000975 -0.147276
v 0.153841 0.001913 -0.147434
v 0.153457 0.002778 -0.147690
v 0.152940 0.003536 -0.148036
v 0.152310 0.004157 -0.148457
v 0.151591 0.004619 -0.148937
v 0.150811 0.004904 -0.149458
v 0.150901 0.004904 -0.149627
v 0.151768 0.004619 -0.149268
v 0.152566 0.004157 -0.148937
v 0.153266 0.003536 -0.148647
v 0.153841 0.002778 -0.148409
v 0.154268 0.001913 -0.148232
v 0.154531 0.000975 -0.148123
v 0.154619 0.000000 -0.148087
v 0.154531 -0.000975 -0.148123
v 0.154268 -0.001913 -0.148232
v 0.153841 -0.002778 -0.148409
v 0.153266 -0.003536 -0.148647
v 0.152566 -0.004157 -0.148937
v 0.151768 -0.004619 -0.149268
v 0.150901 -0.004904 -0.149627
v 0.150957 -0.004904 -0.149810
v 0.151877 -0.004619 -0.149627
v 0.152724 -0.004157 -0.149458
v 0.153468 -0.003536 -0.149310
v 0.154077 -0.002778 -0.149189
v 0.154531 -0.001913 -0.149099
v 0.154810 -0.000975 -0.149043
v 0.154904 0.000000 -0.149025
v 0.154810 0.000975 -0.149043
v 0.154531 0.001913 -0.149099
v 0.154077 0.002778 -0.149189
v 0.153468 0.003536 -0.149310
v 0.152724 0.004157 -0.149458
v 0.151877 0.004619 -0.149627
v 0.150957 0.004904 -0.149810
v 0.150000 0.005000 -0.150000
v 0.150975 0.004904 -0.150000
v 0.151913 0.004619 -0.150000
v 0.152778 0.004157 -0.150000
v 0.153536 0.003536 -0.150000
v 0.154157 0.002778 -0.150000
v 0.154619 0.001913 -0.150000
v 0.154904 0.000975 -0.150000
v 0.155000 0.000000 -0.150000
v 0.154904 -0.000975 -0.150000
v 0.154619 -0.001913 -0.150000
v 0.154157 -0.002778 -0.150000
v 0.153536 -0.003536 -0.150000
v 0.152778 -0.004157 -0.150000
v 0.151913 -0.004619 -0.150000
v 0.150975 -0.004904 -0.150000
v 0.000957 -0.004904 -0.150190
v 0.001877 -0.004619 -0.150373
v 0.002724 -0.004157 -0.150542
v 0.003468 -0.003536 -0.150690
v 0.004077 -0.002778 -0.150811
v 0.004531 -0.001913 -0.150901
v 0.004810 -0.000975 -0.150957
v 0.004904 0.000000 -0.150975
v 0.004810 0.000975 -0.150957
v 0.004531 0.001913 -0.150901
v 0.004077 0.002778 -0.150811
v 0.003468 0.003536 -0.150690
v 0.002724 0.004157 -0.150542
v 0.001877 0.004619 -0.150373
v 0.000957 0.004904 -0.150190
v 0.000901 0.004904 -0.150373
v 0.001768 0.004619 -0.150732
v 0.002566 0.004157 -0.151063
v 0.003266 0.003536 -0.151353
v 0.003841 0.002778 -0.151591
v 0.004268 0.001913 -0.151768
v 0.004531 0.000975 -0.151877
v 0.004619 0.000000 -0.151913
v 0.004531 -0.000975 -0.151877
v 0.004268 -0.001913 -0.151768
v 0.003841 -0.002778 -0.151591
v 0.003266 -0.003536 -0.151353
v 0.002566 -0.004157 -0.151063
v 0.001768 -0.004619 -0.150732
v 0.000901 -0.004904 -0.150373
v 0.000811 -0.004904 -0.150542
v 0.001591 -0.004619 -0.151063
v 0.002310 -0.004157 -0.151543
v 0.002940 -0.003536 -0.151964
v 0.003457 -0.002778 -0.152310
v 0.003841 -0.001913 -0.152566
v 0.004077 -0.000975 -0.152724
v 0.004157 0.000000 -0.152778
v 0.004077 0.000975 -0.152724
v 0.003841 0.001913 -0.152566
v 0.003457 0.002778 -0.152310
v 0.002940 0.003536 -0.151964
v 0.002310 0.004157 -0.151543
v 0.001591 0.004619 -0.151063
v 0.000811 0.004904 -0.150542
v 0.000690 0.004904 -0.150690
v 0.001353 0.004619 -0.151353
v 0.001964 0.004157 -0.151964
v 0.002500 0.003536 -0.152500
v 0.002940 0.002778 -0.152940
v 0.003266 0.001913 -0.153266
v 0.003468 0.000975 -0.153468
v 0.003536 0.000000 -0.153536
v 0.003468 -0.000975 -0.153468
v 0.003266 -0.001913 -0.153266
v 0.002940 -0.002778 -0.152940
v 0.002500 -0.003536 -0.152500
v 0.001964 -0.004157 -0.151964
v 0.001353 -0.004619 -0.151353
v 0.000690 -0.004904 -0.150690
v 0.000542 -0.004904 -0.150811
v 0.001063 -0.004619 -0.151591
v 0.001543 -0.004157 -0.152310
v 0.001964 -0.003536 -0.152940
v 0.002310 -0.002778 -0.153457
v 0.002566 -0.001913 -0.153841
v 0.002724 -0.000975 -0.154077
v 0.002778 0.000000 -0.154157
v 0.002724 0.000975 -0.154077
v 0.002566 0.001913 -0.153841
v 0.002310 0.002778 -0.153457
v 0.001964 0.003536 -0.152940
v 0.001543 0.004157 -0.152310
v 0.001063 0.004619 -0.151591
v 0.000542 0.004904 -0.150811
v 0.000373 0.004904 -0.150901
v 0.000732 0.004619 -0.151768
v 0.001063 0.004157 -0.152566
v 0.001353 0.003536 -0.153266
v 0.001591 0.002778 -0.153841
v 0.001768 0.001913 -0.154268
v 0.001877 0.000975 -0.154531
v 0.001913 0.000000 -0.154619
v 0.001877 -0.000975 -0.154531
v 0.001768 -0.001913 -0.154268
v 0.001591 -0.002778 -0.153841
v 0.001353 -0.003536 -0.153266
v 0.001063 -0.004157 -0.152566
v 0.000732 -0.004619 -0.151768
v 0.000373 -0.004904 -0.150901
v -0.000000 -0.005000 -0.150000
v 0.000190 -0.004904 -0.150957
v 0.000373 -0.004619 -0.151877
v 0.000542 -0.004157 -0.152724
v 0.000690 -0.003536 -0.153468
v 0.000811 -0.002778 -0.154077
v 0.000901 -0.001913 -0.154531
v 0.000957 -0.000975 -0.154810
v 0.000975 0.000000 -0.154904
v 0.000957 0.000975 -0.154810
v 0.000901 0.001913 -0.154531
v 0.000811 0.002778 -0.154077
v 0.000690 0.003536 -0.153468
v 0.000542 0.004157 -0.152724
v 0.000373 0.004619 -0.151877
v 0.000190 0.004904 -0.150957
v -0.000000 0.004904 -0.150975
v -0.000000 0.004619 -0.151913
v -0.000000 0.004157 -0.152778
v -0.000000 0.003536 -0.153536
v -0.000000 0.002778 -0.154157
v -0.000000 0.001913 -0.154619
v -0.000000 0.000975 -0.154904
v -0.000000 0.000000 -0.155000
v -0.000000 -0.000975 -0.154904
v -0.000000 -0.001913 -0.154619
v -0.000000 -0.002778 -0.154157
v -0.000000 -0.003536 -0.153536
v -0.000000 -0.004157 -0.152778
v -0.000000 -0.004619 -0.151913
v -0.000000 -0.004904 -0.150975
v -0.000190 -0.004904 -0.150957
v -0.000373 -0.004619 -0.151877
v -0.000542 -0.004157 -0.152724
v -0.000690 -0.003536 -0.153468
v -0.000811 -0.002778 -0.154077
v -0.000901 -0.001913 -0.154531
v -0.000957 -0.000975 -0.154810
v -0.000975 0.000000 -0.154904
v -0.000957 0.000975 -0.154810
v -0.000901 0.001913 -0.154531
v -0.000811 0.002778 -0.154077
v -0.000690 0.003536 -0.153468
v -0.000542 0.004157 -0.152724
v -0.000373 0.004619 -0.151877
v -0.000190 0.004904 -0.150957
v -0.000373 0.004904 -0.150901
v -0.000732 0.004619 -0.151768
v -0.001063 0.004157 -0.152566
v -0.001353 0.003536 -0.153266
v -0.001591 0.002778 -0.153841
v -0.001768 0.001913 -0.154268
v -0.001877 0.000975 -0.154531
v -0.001913 0.000000 -0.154619
v -0.001877 -0.000975 -0.154531
v -0.001768 -0.001913 -0.154268
v -0.001591 -0.002778 -0.153841
v -0.001353 -0.003536 -0.153266
v -0.001063 -0.004157 -0.152566
v -0.000732 -0.004619 -0.151768
v -0.000373 -0.004904 -0.150901
v -0.000542 -0.004904 -0.150811
v -0.001063 -0.004619 -0.151591
v -0.001543 -0.004157 -0.152310
v -0.001964 -0.003536 -0.152940
v -0.002310 -0.002778 -0.153457
v -0.002566 -0.001913 -0.153841
v -0.002724 -0.000975 -0.154077
v -0.002778 0.000000 -0.154157
v -0.002724 0.000975 -0.154077
v -0.002566 0.001913 -0.153841
v -0.002310 0.002778 -0.153457
v -0.001964 0.003536 -0.152940
v -0.001543 0.004157 -0.152310
v -0.001063 0.004619 -0.151591
v -0.000542 0.004904 -0.150811
v -0.000690 0.004904 -0.150690
v -0.001353 0.004619 -0.151353
v -0.001964 0.004157 -0.151964
v -0.002500 0.003536 -0.152500
v -0.002940 0.002778 -0.152940
v -0.003266 0.001913 -0.153266
v -0.003468 0.000975 -0.153468
v -0.003536 0.000000 -0.153536
v -0.003468 -0.000975 -0.153468
v -0.003266 -0.001913 -0.153266
v -0.002940 -0.002778 -0.152940
v -0.002500 -0.003536 -0.152500
v -0.001964 -0.004157 -0.151964
v -0.001353 -0.004619 -0.151353
v -0.000690 -0.004904 -0.150690
v -0.000811 -0.004904 -0.150542
v -0.001591 -0.004619 -0.151063
v -0.002310 -0.004157 -0.151543
v -0.002940 -0.003536 -0.151964
v -0.003457 -0.002778 -0.152310
v -0.003841 -0.001913 -0.152566
v -0.004077 -0.000975 -0.152724
v -0.004157 0.000000 -0.152778
v -0.004077 0.000975 -0.152724
v -0.003841 0.001913 -0.152566
v -0.003457 0.002778 -0.152310
v -0.002940 0.003536 -0.151964
v -0.002310 0.004157 -0.151543
v -0.001591 0.004619 -0.151063
v -0.000811 0.004904 -0.150542
v -0.000901 0.004904 -0.150373
v -0.001768 0.004619 -0.150732
v -0.002566 0.004157 -0.151063
v -0.003266 0.003536 -0.151353
v -0.003841 0.002778 -0.151591
v -0.004268 0.001913 -0.151768
v -0.004531 0.000975 -0.151877
v -0.004619 0.000000 -0.151913
v -0.004531 -0.000975 -0.151877
v -0.004268 -0.001913 -0.151768
v -0.003841 -0.002778 -0.151591
v -0.003266 -0.003536 -0.151353
v -0.002566 -0.004157 -0.151063
v -0.001768 -0.004619 -0.150732
v -0.000901 -0.004904 -0.150373
v -0.000957 -0.004904 -0.150190
v -0.001877 -0.004619 -0.150373
v -0.002724 -0.004157 -0.150542
v -0.003468 -0.003536 -0.150690
v -0.004077 -0.002778 -0.150811
v -0.004531 -0.001913 -0.150901
v -0.004810 -0.000975 -0.150957
v -0.004904 0.000000 -0.150975
v -0.004810 0.000975 -0.150957
v -0.004531 0.001913 -0.150901
v -0.004077 0.002778 -0.150811
v -0.003468 0.003536 -0.150690
v -0.002724 0.004157 -0.150542
v -0.001877 0.004619 -0.150373
v -0.000957 0.004904 -0.150190
v -0.000975 0.004904 -0.150000
v -0.001913 0.004619 -0.150000
v -0.002778 0.004157 -0.150000
v -0.003536 0.003536 -0.150000
v -0.004157 0.002778 -0.150000
v -0.004619 0.001913 -0.150000
v -0.004904 0.000975 -0.150000
v -0.005000 0.000000 -0.150000
v -0.004904 -0.000975 -0.150000
v -0.004619 -0.001913 -0.150000
v -0.004157 -0.002778 -0.150000
v -0.003536 -0.003536 -0.150000
v -0.002778 -0.004157 -0.150000
v -0.001913 -0.004619 -0.150000
v -0.000975 -0.004904 -0.150000
v -0.000957 -0.004904 -0.149810
v -0.001877 -0.004619 -0.149627
v -0.002724 -0.004157 -0.149458
v -0.003468 -0.003536 -0.149310
v -0.004077 -0.002778 -0.149189
v -0.004531 -0.001913 -0.149099
v -0.004810 -0.000975 -0.149043
v -0.004904 0.000000 -0.149025
v -0.004810 0.000975 -0.149043
v -0.004531 0.001913 -0.149099
v -0.004077 0.002778 -0.149189
v -0.003468 0.003536 -0.149310
v -0.002724 0.004157 -0.149458
v -0.001877 0.004619 -0.149627
v -0.000957 0.004904 -0.149810
v -0.000901 0.004904 -0.149627
v -0.001768 0.004619 -0.149268
v -0.002566 0.004157 -0.148937
v -0.003266 0.003536 -0.148647
v -0.003841 0.002778 -0.148409
v -0.004268 0.001913 -0.148232
v -0.004531 0.000975 -0.148123
v -0.004619 0.000000 -0.148087
v -0.004531 -0.000975 -0.148123
v -0.004268 -0.001913 -0.148232
v -0.003841 -0.002778 -0.148409
v -0.003266 -0.003536 -0.148647
v -0.002566 -0.004157 -0.148937
v -0.001768 -0.004619 -0.149268
v -0.000901 -0.004904 -0.149627
v -0.000811 -0.004904 -0.149458
v -0.001591 -0.004619 -0.148937
v -0.002310 -0.004157 -0.148457
v -0.002940 -0.003536 -0.148036
v -0.003457 -0.002778 -0.147690
v -0.003841 -0.001913 -0.147434
v -0.004077 -0.000975 -0.147276
v -0.004157 0.000000 -0.147222
v -0.004077 0.000975 -0.147276
v -0.003841 0.001913 -0.147434
v -0.003457 0.002778 -0.147690
v -0.002940 0.003536 -0.148036
v -0.002310 0.004157 -0.148457
v -0.001591 0.004619 -0.148937
v -0.000811 0.004904 -0.149458
v -0.000690 0.004904 -0.149310
v -0.001353 0.004619 -0.148647
v -0.001964 0.004157 -0.148036
v -0.002500 0.003536 -0.147500
v -0.002940 0.002778 -0.147060
v -0.003266 0.001913 -0.146734
v -0.003468 0.000975 -0.146532
v -0.003536 0.000000 -0.146464
v -0.003468 -0.000975 -0.146532
v -0.003266 -0.001913 -0.146734
v -0.002940 -0.002778 -0.147060
v -0.002500 -0.003536 -0.147500
v -0.001964 -0.004157 -0.148036
v -0.001353 -0.004619 -0.148647
v -0.000690 -0.004904 -0.149310
v -0.000542 -0.004904 -0.149189
v -0.001063 -0.004619 -0.148409
v -0.001543 -0.004157 -0.147690
v -0.001964 -0.003536 -0.147060
v -0.002310 -0.002778 -0.146543
v -0.002566 -0.001913 -0.146159
v -0.002724 -0.000975 -0.145923
v -0.002778 0.000000 -0.145843
v -0.002724 0.000975 -0.145923
v -0.002566 0.001913 -0.146159
v -0.002310 0.002778 -0.146543
v -0.001964 0.003536 -0.147060
v -0.001543 0.004157 -0.147690
v -0.001063 0.004619 -0.148409
v -0.000542 0.004904 -0.149189
v -0.000373 0.004904 -0.149099
v -0.000732 0.004619 -0.148232
v -0.001063 0.004157 -0.147434
v -0.001353 0.003536 -0.146734
v -0.001591 0.002778 -0.146159
v -0.001768 0.001913 -0.145732
v -0.001877 0.000975 -0.145469
v -0.001913 0.000000 -0.145381
v -0.001877 -0.000975 -0.145469
v -0.001768 -0.001913 -0.145732
v -0.001591 -0.002778 -0.146159
v -0.001353 -0.003536 -0.146734
v -0.001063 -0.004157 -0.147434
v -0.000732 -0.004619 -0.148232
v -0.000373 -0.004904 -0.149099
v -0.000190 -0.004904 -0.149043
v -0.000373 -0.004619 -0.148123
v -0.000542 -0.004157 -0.147276
v -0.000690 -0.003536 -0.146532
v -0.000811 -0.002778 -0.145923
v -0.000901 -0.001913 -0.145469
v -0.000957 -0.000975 -0.145190
v -0.000975 0.000000 -0.145096
v -0.000957 0.000975 -0.145190
v -0.000901 0.001913 -0.145469
v -0.000811 0.002778 -0.145923
v -0.000690 0.003536 -0.146532
v -0.000542 0.004157 -0.147276
v -0.000373 0.004619 -0.148123
v -0.000190 0.004904 -0.149043
v 0.000000 0.004904 -0.149025
v 0.000000 0.004619 -0.148087
v 0.000000 0.004157 -0.147222
v 0.000000 0.003536 -0.146464
v 0.000000 0.002778 -0.145843
v 0.000000 0.001913 -0.145381
v 0.000000 0.000975 -0.145096
v 0.000000 0.000000 -0.145000
v 0.000000 -0.000975 -0.145096
v 0.000000 -0.001913 -0.145381
v 0.000000 -0.002778 -0.145843
v 0.000000 -0.003536 -0.146464
v 0.000000 -0.004157 -0.147222
v 0.000000 -0.004619 -0.148087
v 0.000000 -0.004904 -0.149025
v 0.000190 -0.004904 -0.149043
v 0.000373 -0.004619 -0.148123
v 0.000542 -0.004157 -0.147276
v 0.000690 -0.003536 -0.146532
v 0.000811 -0.002778 -0.145923
v 0.000901 -0.001913 -0.145469
v 0.000957 -0.000975 -0.145190
v 0.000975 0.000000 -0.145096
v 0.000957 0.000975 -0.145190
v 0.000901 0.001913 -0.145469
v 0.000811 0.002778 -0.145923
v 0.000690 0.003536 -0.146532
v 0.000542 0.004157 -0.147276
v 0.000373 0.004619 -0.148123
v 0.000190 0.004904 -0.149043
v 0.000373 0.004904 -0.149099
v 0.000732 0.004619 -0.148232
v 0.001063 0.004157 -0.147434
v 0.001353 0.003536 -0.146734
v 0.001591 0.002778 -0.146159
v 0.001768 0.001913 -0.145732
v 0.001877 0.000975 -0.145469
v 0.001913 0.000000 -0.145381
v 0.001877 -0.000975 -0.145469
v 0.001768 -0.001913 -0.145732
v 0.001591 -0.002778 -0.146159
v 0.001353 -0.003536 -0.146734
v 0.001063 -0.004157 -0.147434
v 0.000732 -0.004619 -0.148232
v 0.000373 -0.004904 -0.149099
v 0.000542 -0.004904 -0.149189
v 0.001063 -0.004619 -0.148409
v 0.001543 -0.004157 -0.147690
v 0.001964 -0.003536 -0.147060
v 0.002310 -0.002778 -0.146543
v 0.002566 -0.001913 -0.146159
v 0.002724 -0.000975 -0.145923
v 0.002778 0.000000 -0.145843
v 0.002724 0.000975 -0.145923
v 0.002566 0.001913 -0.146159
v 0.002310 0.002778 -0.146543
v 0.001964 0.003536 -0.147060
v 0.001543 0.004157 -0.147690
v 0.001063 0.004619 -0.148409
v 0.000542 0.004904 -0.149189
v 0.000690 0.004904 -0.149310
v 0.001353 0.004619 -0.148647
v 0.001964 0.004157 -0.148036
v 0.002500 0.003536 -0.147500
v 0.002940 0.002778 -0.147060
v 0.003266 0.001913 -0.146734
v 0.003468 0.000975 -0.146532
v 0.003536 0.000000 -0.146464
v 0.003468 -0.000975 -0.146532
v 0.003266 -0.001913 -0.146734
v 0.002940 -0.002778 -0.147060
v 0.002500 -0.003536 -0.147500
v 0.001964 -0.004157 -0.148036
v 0.001353 -0.004619 -0.148647
v 0.000690 -0.004904 -0.149310
v 0.000811 -0.004904 -0.149458
v 0.001591 -0.004619 -0.148937
v 0.002310 -0.004157 -0.148457
v 0.002940 -0.003536 -0.148036
v 0.003457 -0.002778 -0.147690
v 0.003841 -0.001913 -0.147434
v 0.004077 -0.000975 -0.147276
v 0.004157 0.000000 -0.147222
v 0.004077 0.000975 -0.147276
v 0.003841 0.001913 -0.147434
v 0.003457 0.002778 -0.147690
v 0.002940 0.003536 -0.148036
v 0.002310 0.004157 -0.148457
v 0.001591 0.004619 -0.148937
v 0.000811 0.004904 -0.149458
v 0.000901 0.004904 -0.149627
v 0.001768 0.004619 -0.149268
v 0.002566 0.004157 -0.148937
v 0.003266 0.003536 -0.148647
v 0.003841 0.002778 -0.148409
v 0.004268 0.001913 -0.148232
v 0.004531 0.000975 -0.148123
v 0.004619 0.000000 -0.148087
v 0.004531 -0.000975 -0.148123
v 0.004268 -0.001913 -0.148232
v 0.003841 -0.002778 -0.148409
v 0.003266 -0.003536 -0.148647
v 0.002566 -0.004157 -0.148937
v 0.001768 -0.004619 -0.149268
v 0.000901 -0.004904 -0.149627
v 0.000957 -0.004904 -0.149810
v 0.001877 -0.004619 -0.149627
v 0.002724 -0.004157 -0.149458
v 0.003468 -0.003536 -0.149310
v 0.004077 -0.002778 -0.149189
v 0.004531 -0.001913 -0.149099
v 0.004810 -0.000975 -0.149043
v 0.004904 0.000000 -0.149025
v 0.004810 0.000975 -0.149043
v 0.004531 0.001913 -0.149099
v 0.004077 0.002778 -0.149189
v 0.003468 0.003536 -0.149310
v 0.002724 0.004157 -0.149458
v 0.001877 0.004619 -0.149627
v 0.000957 0.004904 -0.149810
v 0.000000 0.005000 -0.150000
v 0.000975 0.004904 -0.150000
v 0.001913 0.004619 -0.150000
v 0.002778 0.004157 -0.150000
v 0.003536 0.003536 -0.150000
v 0.004157 0.002778 -0.150000
v 0.004619 0.001913 -0.150000
v 0.004904 0.000975 -0.150000
v 0.005000 0.000000 -0.150000
v 0.004904 -0.000975 -0.150000
v 0.004619 -0.001913 -0.150000
v 0.004157 -0.002778 -0.150000
v 0.003536 -0.003536 -0.150000
v 0.002778 -0.004157 -0.150000
v 0.001913 -0.004619 -0.150000
v 0.000975 -0.004904 -0.150000
vn 0.0000 -1.0000 0.0000
vn 0.1971 -0.9796 -0.0392
vn 0.2010 -0.9796 0.0000
vn 0.3804 -0.9217 -0.0757
vn 0.3879 -0.9217 0.0000
vn 0.5598 -0.8286 0.0000
vn 0.5490 -0.8286 -0.1092
vn 0.7101 -0.7040 0.0000
vn 0.6965 -0.7040 -0.1385
vn 0.8333 -0.5528 0.0000
vn 0.8173 -0.5528 -0.1626
vn 0.9247 -0.3805 0.0000
vn 0.9070 -0.3805 -0.1804
vn 0.9810 -0.1939 0.0000
vn 0.9622 -0.1939 -0.1914
vn 1.0000 0.0000 0.0000
vn 0.9808 0.0000 -0.1951
vn 0.9810 0.1939 0.0000
vn 0.9622 0.1939 -0.1914
vn 0.9247 0.3805 0.0000
vn 0.9070 0.3805 -0.1804
vn 0.8333 0.5528 0.0000
vn 0.8173 0.5528 -0.1626
vn 0.7101 0.7040 0.0000
vn 0.6965 0.7040 -0.1385
vn 0.5598 0.8286 0.0000
vn 0.5490 0.8286 -0.1092
vn 0.3879 0.9217 0.0000
vn 0.3804 0.9217 -0.0757
vn 0.2010 0.9796 0.0000
vn 0.1971 0.9796 -0.0392
vn 0.0000 1.0000 0.0000
vn 0.1856 0.9796 -0.0769
vn 0.3583 0.9217 -0.1484
vn 0.5171 0.8286 -0.2142
vn 0.6561 0.7040 -0.2717
vn 0.7699 0.5528 -0.3189
vn 0.8544 0.3805 -0.3539
vn 0.9063 0.1939 -0.3754
vn 0.9239 0.0000 -0.3827
vn 0.9063 -0.1939 -0.3754
vn 0.8544 -0.3805 -0.3539
vn 0.7699 -0.5528 -0.3189
vn 0.6561 -0.7040 -0.2717
vn 0.5171 -0.8286 -0.2142
vn 0.3583 -0.9217 -0.1484
vn 0.1856 -0.9796 -0.0769
vn 0.1671 -0.9796 -0.1116
vn 0.3225 -0.9217 -0.2155
vn 0.4654 -0.8286 -0.3110
vn 0.5904 -0.7040 -0.3945
vn 0.6929 -0.5528 -0.4630
vn 0.7689 -0.3805 -0.5137
vn 0.8157 -0.1939 -0.5450
vn 0.8314 0.0000 -0.5556
vn 0.8157 0.1939 -0.5450
vn 0.7689 0.3805 -0.5137
vn 0.6929 0.5528 -0.4630
vn 0.5904 0.7040 -0.3945
vn 0.4654 0.8286 -0.3110
vn 0.3225 0.9217 -0.2155
vn 0.1671 0.9796 -0.1116
vn 0.1421 0.9796 -0.1421
vn 0.2743 0.9217 -0.2743
vn 0.3958 0.8286 -0.3958
vn 0.5021 0.7040 -0.5021
vn 0.5893 0.5528 -0.5893
vn 0.6539 0.3805 -0.6539
vn 0.6937 0.1939 -0.6937
vn 0.7071 0.0000 -0.7071
vn 0.6937 -0.1939 -0.6937
vn 0.6539 -0.3805 -0.6539
vn 0.5893 -0.5528 -0.5893
vn 0.5021 -0.7040 -0.5021
vn 0.3958 -0.8286 -0.3958
vn 0.2743 -0.9217 -0.2743
vn 0.1421 -0.9796 -0.1421
vn 0.1116 -0.9796 -0.1671
vn 0.2155 -0.9217 -0.3225
vn 0.3110 -0.8286 -0.4654
vn 0.3945 -0.7040 -0.5904
vn 0.4630 -0.5528 -0.6929
vn 0.5137 -0.3805 -0.7689
vn 0.5450 -0.1939 -0.8157
vn 0.5556 0.0000 -0.8314
vn 0.5450 0.1939 -0.8157
vn 0.5137 0.3805 -0.7689
vn 0.4630 0.5528 -0.6929
vn 0.3945 0.7040 -0.5904
vn 0.3110 0.8286 -0.4654
vn 0.2155 0.9217 -0.3225
vn 0.1116 0.9796 -0.1671
vn 0.0769 0.9796 -0.1856
vn 0.1484 0.9217 -0.3583
vn 0.2142 0.8286 -0.5171
vn 0.2717 0.7040 -0.6561
vn 0.3189 0.5528 -0.7699
vn 0.3539 0.3805 -0.8544
vn 0.3754 0.1939 -0.9063
vn 0.3827 0.0000 -0.9239
vn 0.3754 -0.1939 -0.9063
vn 0.3539 -0.3805 -0.8544
vn 0.3189 -0.5528 -0.7699
vn 0.2717 -0.7040 -0.6561
vn 0.2142 -0.8286 -0.5171
vn 0.1484 -0.9217 -0.3583
vn 0.0769 -0.9796 -0.1856
vn 0.0392 -0.9796 -0.1971
vn 0.0757 -0.9217 -0.3804
vn 0.1092 -0.8286 -0.5490
vn 0.1385 -0.7040 -0.6965
vn 0.1626 -0.5528 -0.8173
vn 0.1804 -0.3805 -0.9070
vn 0.1914 -0.1939 -0.9622
vn 0.1951 0.0000 -0.9808
vn 0.1914 0.1939 -0.9622
vn 0.1804 0.3805 -0.9070
vn 0.1626 0.5528 -0.8173
vn 0.1385 0.7040 -0.6965
vn 0.1092 0.8286 -0.5490
vn 0.0757 0.9217 -0.3804
vn 0.0392 0.9796 -0.1971
vn 0.0000 0.9796 -0.2010
vn 0.0000 0.9217 -0.3879
vn 0.0000 0.8286 -0.5598
vn 0.0000 0.7040 -0.7101
vn 0.0000 0.5528 -0.8333
vn 0.0000 0.3805 -0.9247
vn 0.0000 0.1939 -0.9810
vn 0.0000 0.0000 -1.0000
vn 0.0000 -0.1939 -0.9810
vn 0.0000 -0.3805 -0.9247
vn 0.0000 -0.5528 -0.8333
vn 0.0000 -0.7040 -0.7101
vn 0.0000 -0.8286 -0.5598
vn 0.0000 -0.9217 -0.3879
vn 0.0000 -0.9796 -0.2010
vn -0.0392 -0.9796 -0.1971
vn -0.0757 -0.9217 -0.3804
vn -0.1092 -0.8286 -0.5490
vn -0.1385 -0.7040 -0.6965
vn -0.1626 -0.5528 -0.8173
vn -0.1804 -0.3805 -0.9070
vn -0.1914 -0.1939 -0.9622
vn -0.1951 0.0000 -0.9808
vn -0.1914 0.1939 -0.9622
vn -0.1804 0.3805 -0.9070
vn -0.1626 0.5528 -0.8173
vn -0.1385 0.7040 -0.6965
vn -0.1092 0.8286 -0.5490
vn -0.0757 0.9217 -0.3804
vn -0.0392 0.9796 -0.1971
vn -0.0769 0.9796 -0.1856
vn -0.1484 0.9217 -0.3583
vn -0.2142 0.8286 -0.5171
vn -0.2717 0.7040 -0.6561
vn -0.3189 0.5528 -0.7699
vn -0.3539 0.3805 -0.8544
vn -0.3754 0.1939 -0.9063
vn -0.3827 0.0000 -0.9239
vn -0.3754 -0.1939 -0.9063
vn -0.3539 -0.3805 -0.8544
vn -0.3189 -0.5528 -0.7699
vn -0.2717 -0.7040 -0.6561
vn -0.2142 -0.8286 -0.5171
vn -0.1484 -0.9217 -0.3583
vn -0.0769 -0.9796 -0.1856
vn -0.1116 -0.9796 -0.1671
vn -0.2155 -0.9217 -0.3225
vn -0.3110 -0.8286 -0.4654
vn -0.3945 -0.7040 -0.5904
vn -0.4630 -0.5528 -0.6929
vn -0.5137 -0.3805 -0.7689
vn -0.5450 -0.1939 -0.8157
vn -0.5556 0.0000 -0.8314
vn -0.5450 0.1939 -0.8157
vn -0.5137 0.3805 -0.7689
vn -0.4630 0.5528 -0.6929
vn -0.3945 0.7040 -0.5904
vn -0.3110 0.8286 -0.4654
vn -0.2155 0.9217 -0.3225
vn -0.1116 0.9796 -0.1671
vn -0.1421 0.9796 -0.1421
vn -0.2743 0.9217 -0.2743
vn -0.3958 0.8286 -0.3958
vn -0.5021 0.7040 -0.5021
vn -0.5893 0.5528 -0.5893
vn -0.6539 0.3805 -0.6539
vn -0.6937 0.1939 -0.6937
vn -0.7071 0.0000 -0.7071
vn -0.6937 -0.1939 -0.6937
vn -0.6539 -0.3805 -0.6539
vn -0.5893 -0.5528 -0.5893
vn -0.5021 -0.7040 -0.5021
vn -0.3958 -0.8286 -0.3958
vn -0.2743 -0.9217 -0.2743
vn -0.1421 -0.9796 -0.1421
vn -0.1671 -0.9796 -0.1116
vn -0.3225 -0.9217 -0.2155
vn -0.4654 -0.8286 -0.3110
vn -0.5904 -0.7040 -0.3945
vn -0.6929 -0.5528 -0.4630
vn -0.7689 -0.3805 -0.5137
vn -0.8157 -0.1939 -0.5450
vn -0.8314 0.0000 -0.5556
vn -0.8157 0.1939 -0.5450
vn -0.7689 0.3805 -0.5137
vn -0.6929 0.5528 -0.4630
vn -0.5904 0.7040 -0.3945
vn -0.4654 0.8286 -0.3110
vn -0.3225 0.9217 -0.2155
vn -0.1671 0.9796 -0.1116
vn -0.1856 0.9796 -0.0769
vn -0.3583 0.9217 -0.1484
vn -0.5171 0.8286 -0.2142
vn -0.6561 0.7040 -0.2717
vn -0.7699 0.5528 -0.3189
vn -0.8544 0.3805 -0.3539
vn -0.9063 0.1939 -0.3754
vn -0.9239 0.0000 -0.3827
vn -0.9063 -0.1939 -0.3754
vn -0.8544 -0.3805 -0.3539
vn -0.7699 -0.5528 -0.3189
vn -0.6561 -0.7040 -0.2717
vn -0.5171 -0.8286 -0.2142
vn -0.3583 -0.9217 -0.1484
vn -0.1856 -0.9796 -0.0769
vn -0.1971 -0.9796 -0.0392
vn -0.3804 -0.9217 -0.0757
vn -0.5490 -0.8286 -0.1092
vn -0.6965 -0.7040 -0.1385
vn -0.8173 -0.5528 -0.1626
vn -0.9070 -0.3805 -0.1804
vn -0.9622 -0.1939 -0.1914
vn -0.9808 0.0000 -0.1951
vn -0.9622 0.1939 -0.1914
vn -0.9070 0.3805 -0.1804
vn -0.8173 0.5528 -0.1626
vn -0.6965 0.7040 -0.1385
vn -0.5490 0.8286 -0.1092
vn -0.3804 0.9217 -0.0757
vn -0.1971 0.9796 -0.0392
vn -0.2010 0.9796 0.0000
vn -0.3879 0.9217 0.0000
vn -0.5598 0.8286 0.0000
vn -0.7101 0.7040 0.0000
vn -0.8333 0.5528 0.0000
vn -0.9247 0.3805 0.0000
vn -0.9810 0.1939 0.0000
vn -1.0000 0.0000 0.0000
vn -0.9810 -0.1939 0.0000
vn -0.9247 -0.3805 0.0000
vn -0.8333 -0.5528 0.0000
vn -0.7101 -0.7040 0.0000
vn -0.5598 -0.8286 0.0000
vn -0.3879 -0.9217 0.0000
vn -0.2010 -0.9796 0.0000
vn -0.1971 -0.9796 0.0392
vn -0.3804 -0.9217 0.0757
vn -0.5490 -0.8286 0.1092
vn -0.6965 -0.7040 0.1385
vn -0.8173 -0.5528 0.1626
vn -0.9070 -0.3805 0.1804
vn -0.9622 -0.1939 0.1914
vn -0.9808 0.0000 0.1951
vn -0.9622 0.1939 0.1914
vn -0.9070 0.3805 0.1804
vn -0.8173 0.5528 0.1626
vn -0.6965 0.7040 0.1385
vn -0.5490 0.8286 0.1092
vn -0.3804 0.9217 0.0757
vn -0.1971 0.9796 0.0392
vn -0.1856 0.9796 0.0769
vn -0.3583 0.9217 0.1484
vn -0.5171 0.8286 0.2142
vn -0.6561 0.7040 0.2717
vn -0.7699 0.5528 0.3189
vn -0.8544 0.3805 0.3539
vn -0.9063 0.1939 0.3754
vn -0.9239 0.0000 0.3827
vn -0.9063 -0.1939 0.3754
vn -0.8544 -0.3805 0.3539
vn -0.7699 -0.5528 0.3189
vn -0.6561 -0.7040 0.2717
vn -0.5171 -0.8286 0.2142
vn -0.3583 -0.9217 0.1484
vn -0.1856 -0.9796 0.0769
vn -0.1671 -0.9796 0.1116
vn -0.3225 -0.9217 0.2155
vn -0.4654 -0.8286 0.3110
vn -0.5904 -0.7040 0.3945
vn -0.6929 -0.5528 0.4630
vn -0.7689 -0.3805 0.5137
vn -0.8157 -0.1939 0.5450
vn -0.8314 0.0000 0.5556
vn -0.8157 0.1939 0.5450
vn -0.7689 0.3805 0.5137
vn -0.6929 0.5528 0.4630
vn -0.5904 0.7040 0.3945
vn -0.4654 0.8286 0.3110
vn -0.3225 0.9217 0.2155
vn -0.1671 0.9796 0.1116
vn -0.1421 0.9796 0.1421
vn -0.2743 0.9217 0.2743
vn -0.3958 0.8286 0.3958
vn -0.5021 0.7040 0.5021
vn -0.5893 0.5528 0.5893
vn -0.6539 0.3805 0.6539
vn -0.6937 0.1939 0.6937
vn -0.7071 0.0000 0.7071
vn -0.6937 -0.1939 0.6937
vn -0.6539 -0.3805 0.6539
vn -0.5893 -0.5528 0.5893
vn -0.5021 -0.7040 0.5021
vn -0.3958 -0.8286 0.3958
vn -0.2743 -0.9217 0.2743
vn -0.1421 -0.9796 0.1421
vn -0.1116 -0.9796 0.1671
vn -0.2155 -0.9217 0.3225
vn -0.3110 -0.8286 0.4654
vn -0.3945 -0.7040 0.5904
vn -0.4630 -0.5528 0.6929
vn -0.5137 -0.3805 0.7689
vn -0.5450 -0.1939 0.8157
vn -0.5556 0.0000 0.8314
vn -0.5450 0.1939 0.8157
vn -0.5137 0.3805 0.7689
vn -0.4630 0.5528 0.6929
vn -0.3945 0.7040 0.5904
vn -0.3110 0.8286 0.4654
vn -0.2155 0.9217 0.3225
vn -0.1116 0.9796 0.1671
vn -0.0769 0.9796 0.1856
vn -0.1484 0.9217 0.3583
vn -0.2142 0.8286 0.5171
vn -0.2717 0.7040 0.6561
vn -0.3189 0.5528 0.7699
vn -0.3539 0.3805 0.8544
vn -0.3754 0.1939 0.9063
vn -0.3827 0.0000 0.9239
vn -0.3754 -0.1939 0.9063
vn -0.3539 -0.3805 0.8544
vn -0.3189 -0.5528 0.7699
vn -0.2717 -0.7040 0.6561
vn -0.2142 -0.8286 0.5171
vn -0.1484 -0.9217 0.3583
vn -0.0769 -0.9796 0.1856
vn -0.0392 -0.9796 0.1971
vn -0.0757 -0.9217 0.3804
vn -0.1092 -0.8286 0.5490
vn -0.1385 -0.7040 0.6965
vn -0.1626 -0.5528 0.8173
vn -0.1804 -0.3805 0.9070
vn -0.1914 -0.1939 0.9622
vn -0.1951 0.0000 0.9808
vn -0.1914 0.1939 0.9622
vn -0.1804 0.3805 0.9070
vn -0.1626 0.5528 0.8173
vn -0.1385 0.7040 0.6965
vn -0.1092 0.8286 0.5490
vn -0.0757 0.9217 0.3804
vn -0.0392 0.9796 0.1971
vn 0.0000 0.9796 0.2010
vn 0.0000 0.9217 0.3879
vn 0.0000 0.8286 0.5598
vn 0.0000 0.7040 0.7101
vn 0.0000 0.5528 0.8333
vn 0.0000 0.3805 0.9247
vn 0.0000 0.1939 0.9810
vn 0.0000 0.0000 1.0000
vn 0.0000 -0.1939 0.9810
vn 0.0000 -0.3805 0.9247
vn 0.0000 -0.5528 0.8333
vn 0.0000 -0.7040 0.7101
vn 0.0000 -0.8286 0.5598
vn 0.0000 -0.9217 0.3879
vn 0.0000 -0.9796 0.2010
vn 0.0392 -0.9796 0.1971
vn 0.0757 -0.9217 0.3804
vn 0.1092 -0.8286 0.5490
vn 0.1385 -0.7040 0.6965
vn 0.1626 -0.5528 0.8173
vn 0.1804 -0.3805 0.9070
vn 0.1914 -0.1939 0.9622
vn 0.1951 0.0000 0.9808
vn 0.1914 0.1939 0.9622
vn 0.1804 0.3805 0.9070
vn 0.1626 0.5528 0.8173
vn 0.1385 0.7040 0.6965
vn 0.1092 0.8286 0.5490
vn 0.0757 0.9217 0.3804
vn 0.0392 0.9796 0.1971
vn 0.0769 0.9796 0.1856
vn 0.1484 0.9217 0.3583
vn 0.2142 0.8286 0.5171
vn 0.2717 0.7040 0.6561
vn 0.3189 0.5528 0.7699
vn 0.3539 0.3805 0.8544
vn 0.3754 0.1939 0.9063
vn 0.3827 0.0000 0.9239
vn 0.3754 -0.1939 0.9063
vn 0.3539 -0.3805 0.8544
vn 0.3189 -0.5528 0.7699
vn 0.2717 -0.7040 0.6561
vn 0.2142 -0.8286 0.5171
vn 0.1484 -0.9217 0.3583
vn 0.0769 -0.9796 0.1856
vn 0.1116 -0.9796 0.1671
vn 0.2155 -0.9217 0.3225
vn 0.3110 -0.8286 0.4654
vn 0.3945 -0.7040 0.5904
vn 0.4630 -0.5528 0.6929
vn 0.5137 -0.3805 0.7689
vn 0.5450 -0.1939 0.8157
vn 0.5556 0.0000 0.8314
vn 0.5450 0.1939 0.8157
vn 0.5137 0.3805 0.7689
vn 0.4630 0.5528 0.6929
vn 0.3945 0.7040 0.5904
vn 0.3110 0.8286 0.4654
vn 0.2155 0.9217 0.3225
vn 0.1116 0.9796 0.1671
vn 0.1421 0.9796 0.1421
vn 0.2743 0.9217 0.2743
vn 0.3958 0.8286 0.3958
vn 0.5021 0.7040 0.5021
vn 0.5893 0.5528 0.5893
vn 0.6539 0.3805 0.6539
vn 0.6937 0.1939 0.6937
vn 0.7071 0.0000 0.7071
vn 0.6937 -0.1939 0.6937
vn 0.6539 -0.3805 0.6539
vn 0.5893 -0.5528 0.5893
vn 0.5021 -0.7040 0.5021
vn 0.3958 -0.8286 0.3958
vn 0.2743 -0.9217 0.2743
vn 0.1421 -0.9796 0.1421
vn 0.1671 -0.9796 0.1116
vn 0.3225 -0.9217 0.2155
vn 0.4654 -0.8286 0.3110
vn 0.5904 -0.7040 0.3945
vn 0.6929 -0.5528 0.4630
vn 0.7689 -0.3805 0.5137
vn 0.8157 -0.1939 0.5450
vn 0.8314 0.0000 0.5556
vn 0.8157 0.1939 0.5450
vn 0.7689 0.3805 0.5137
vn 0.6929 0.5528 0.4630
vn 0.5904 0.7040 0.3945
vn 0.4654 0.8286 0.3110
vn 0.3225 0.9217 0.2155
vn 0.1671 0.9796 0.1116
vn 0.1856 0.9796 0.0769
vn 0.3583 0.9217 0.1484
vn 0.5171 0.8286 0.2142
vn 0.6561 0.7040 0.2717
vn 0.7699 0.5528 0.3189
vn 0.8544 0.3805 0.3539
vn 0.9063 0.1939 0.3754
vn 0.9239 0.0000 0.3827
vn 0.9063 -0.1939 0.3754
vn 0.8544 -0.3805 0.3539
vn 0.7699 -0.5528 0.3189
vn 0.6561 -0.7040 0.2717
vn 0.5171 -0.8286 0.2142
vn 0.3583 -0.9217 0.1484
vn 0.1856 -0.9796 0.0769
vn 0.1971 -0.9796 0.0392
vn 0.3804 -0.9217 0.0757
vn 0.5490 -0.8286 0.1092
vn 0.6965 -0.7040 0.1385
vn 0.8173 -0.5528 0.1626
vn 0.9070 -0.3805 0.1804
vn 0.9622 -0.1939 0.1914
vn 0.9808 0.0000 0.1951
vn 0.9622 0.1939 0.1914
vn 0.9070 0.3805 0.1804
vn 0.8173 0.5528 0.1626
vn 0.6965 0.7040 0.1385
vn 0.5490 0.8286 0.1092
vn 0.3804 0.9217 0.0757
vn 0.1971 0.9796 0.0392
vn 0.2009 -0.9796 0.0000
vn 0.2743 -0.9217 -0.2742
vn 0.0769 0.9796 -0.1857
vn 0.2717 0.7041 -0.6561
vn 0.2142 -0.8286 -0.5172
vn 0.0000 -0.9796 -0.2009
vn -0.2717 0.7041 -0.6561
vn -0.2717 -0.7041 -0.6561
vn -0.2009 -0.9796 0.0000
vn -0.2717 0.7041 0.6561
vn -0.2717 -0.7041 0.6561
vn -0.0769 -0.9796 0.1857
vn 0.0000 0.9796 0.2009
vn 0.0000 -0.9796 0.2009
vn 0.0769 0.9796 0.1857
vn 0.6929 0.5527 0.4630
vn 0.5172 0.8286 -0.2142
vn 0.0769 -0.9796 -0.1857
vn -0.5172 0.8286 -0.2142
vn -0.5172 -0.8286 -0.2142
vn -0.5172 0.8286 0.2142
vn -0.5172 -0.8286 0.2142
vn -0.6929 -0.5527 0.4630
vn -0.5893 -0.5527 0.5893
vn 0.2142 0.8286 0.5172
vn 0.2743 0.9217 0.2742
vn 0.6929 -0.5527 0.4630
vn 0.5172 0.8286 0.2142
vn 0.7699 0.5527 0.3189
vn -0.1857 0.9796 0.0769
vn -0.1857 -0.9796 0.0769
vn 0.5022 0.7040 0.5021
vn 0.5022 -0.7040 0.5021
vn 0.1857 0.9796 0.0769
vn 0.6561 0.7041 0.2717
vn 0.1857 -0.9796 0.0769
usemtl Material.001
s 1
f 91//1 1//2 482//3
f 1//2 2//4 481//5 482//3
f 480//6 481//5 2//4 3//7
f 479//8 480//6 3//7 4//9
f 478//10 479//8 4//9 5//11
f 477//12 478//10 5//11 6//13
f 476//14 477//12 6//13 7//15
f 475//16 476//14 7//15 8//17
f 474//18 475//16 8//17 9//19
f 473//20 474//18 9//19 10//21
f 472//22 473//20 10//21 11//23
f 471//24 472//22 11//23 12//25
f 470//26 471//24 12//25 13//27
f 469//28 470//26 13//27 14//29
f 468//30 469//28 14//29 15//31
f 467//32 468//30 15//31
f 467//32 15//31 16//33
f 15//31 14//29 17//34 16//33
f 14//29 13//27 18//35 17//34
f 13//27 12//25 19//36 18//35
f 12//25 11//23 20//37 19//36
f 11//23 10//21 21//38 20//37
f 10//21 9//19 22//39 21//38
f 9//19 8//17 23//40 22//39
f 8//17 7//15 24//41 23//40
f 7//15 6//13 25//42 24//41
f 6//13 5//11 26//43 25//42
f 5//11 4//9 27//44 26//43
f 4//9 3//7 28//45 27//44
f 3//7 2//4 29//46 28//45
f 2//4 1//2 30//47 29//46
f 1//2 91//1 30//47
f 30//47 91//1 31//48
f 29//46 30//47 31//48 32//49
f 28//45 29//46 32//49 33//50
f 27//44 28//45 33//50 34//51
f 26//43 27//44 34//51 35//52
f 25//42 26//43 35//52 36//53
f 24//41 25//42 36//53 37//54
f 23//40 24//41 37//54 38//55
f 22//39 23//40 38//55 39//56
f 21//38 22//39 39//56 40//57
f 20//37 21//38 40//57 41//58
f 19//36 20//37 41//58 42//59
f 18//35 19//36 42//59 43//60
f 17//34 18//35 43//60 44//61
f 16//33 17//34 44//61 45//62
f 467//32 16//33 45//62
f 467//32 45//62 46//63
f 45//62 44//61 47//64 46//63
f 44//61 43//60 48//65 47//64
f 43//60 42//59 49//66 48//65
f 42//59 41//58 50//67 49//66
f 41//58 40//57 51//68 50//67
f 40//57 39//56 52//69 51//68
f 39//56 38//55 53//70 52//69
f 38//55 37//54 54//71 53//70
f 37//54 36//53 55//72 54//71
f 36//53 35//52 56//73 55//72
f 35//52 34//51 57//74 56//73
f 34//51 33//50 58//75 57//74
f 33//50 32//49 59//76 58//75
f 32//49 31//48 60//77 59//76
f 31//48 91//1 60//77
f 60//77 91//1 61//78
f 59//76 60//77 61//78 62//79
f 58//75 59//76 62//79 63//80
f 57//74 58//75 63//80 64//81
f 56//73 57//74 64//81 65//82
f 55//72 56//73 65//82 66//83
f 54//71 55//72 66//83 67//84
f 53//70 54//71 67//84 68//85
f 52//69 53//70 68//85 69//86
f 51//68 52//69 69//86 70//87
f 50//67 51//68 70//87 71//88
f 49//66 50//67 71//88 72//89
f 48//65 49//66 72//89 73//90
f 47//64 48//65 73//90 74//91
f 46//63 47//64 74//91 75//92
f 467//32 46//63 75//92
f 467//32 75//92 76//93
f 75//92 74//91 77//94 76//93
f 74//91 73//90 78//95 77//94
f 73//90 72//89 79//96 78//95
f 72//89 71//88 80//97 79//96
f 71//88 70//87 81//98 80//97
f 70//87 69//86 82//99 81//98
f 69//86 68//85 83//100 82//99
f 68//85 67//84 84//101 83//100
f 67//84 66//83 85//102 84//101
f 66//83 65//82 86//103 85//102
f 65//82 64//81 87//104 86//103
f 64//81 63//80 88//105 87//104
f 63//80 62//79 89//106 88//105
f 62//79 61//78 90//107 89//106
f 61//78 91//1 90//107
f 90//107 91//1 92//108
f 89//106 90//107 92//108 93//109
f 88//105 89//106 93//109 94//110
f 87//104 88//105 94//110 95//111
f 86//103 87//104 95//111 96//112
f 85//102 86//103 96//112 97//113
f 84//101 85//102 97//113 98//114
f 83//100 84//101 98//114 99//115
f 82//99 83//100 99//115 100//116
f 81//98 82//99 100//116 101//117
f 80//97 81//98 101//117 102//118
f 79//96 80//97 102//118 103//119
f 78//95 79//96 103//119 104//120
f 77//94 78//95 104//120 105//121
f 76//93 77//94 105//121 106//122
f 467//32 76//93 106//122
f 467//32 106//122 107//123
f 106//122 105//121 108//124 107//123
f 105//121 104//120 109//125 108//124
f 104//120 103//119 110//126 109//125
f 103//119 102//118 111//127 110//126
f 102//118 101//117 112//128 111//127
f 101//117 100//116 113//129 112//128
f 100//116 99//115 114//130 113//129
f 99//115 98//114 115//131 114//130
f 98//114 97//113 116//132 115//131
f 97//113 96//112 117//133 116//132
f 96//112 95//111 118//134 117//133
f 95//111 94//110 119//135 118//134
f 94//110 93//109 120//136 119//135
f 93//109 92//108 121//137 120//136
f 92//108 91//1 121//137
f 121//137 91//1 122//138
f 120//136 121//137 122//138 123//139
f 119//135 120//136 123//139 124//140
f 118//134 119//135 124//140 125//141
f 117//133 118//134 125//141 126//142
f 116//132 117//133 126//142 127//143
f 115//131 116//132 127//143 128//144
f 114//130 115//131 128//144 129//145
f 113//129 114//130 129//145 130//146
f 112//128 113//129 130//146 131//147
f 111//127 112//128 131//147 132//148
f 110//126 111//127 132//148 133//149
f 109//125 110//126 133//149 134//150
f 108//124 109//125 134//150 135//151
f 107//123 108//124 135//151 136//152
f 467//32 107//123 136//152
f 467//32 136//152 137//153
f 136//152 135//151 138//154 137//153
f 135//151 134//150 139//155 138//154
f 134//150 133//149 140//156 139//155
f 133//149 132//148 141//157 140//156
f 132//148 131//147 142//158 141//157
f 131//147 130//146 143//159 142//158
f 130//146 129//145 144//160 143//159
f 129//145 128//144 145//161 144//160
f 128//144 127//143 146//162 145//161
f 127//143 126//142 147//163 146//162
f 126//142 125//141 148//164 147//163
f 125//141 124//140 149//165 148//164
f 124//140 123//139 150//166 149//165
f 123//139 122//138 151//167 150//166
f 122//138 91//1 151//167
f 151//167 91//1 152//168
f 150//166 151//167 152//168 153//169
f 149//165 150//166 153//169 154//170
f 148//164 149//165 154//170 155//171
f 147//163 148//164 155//171 156//172
f 146//162 147//163 156//172 157//173
f 145//161 146//162 157//173 158//174
f 144//160 145//161 158//174 159//175
f 143//159 144//160 159//175 160//176
f 142//158 143//159 160//176 161//177
f 141//157 142//158 161//177 162//178
f 140//156 141//157 162//178 163//179
f 139//155 140//156 163//179 164//180
f 138//154 139//155 164//180 165//181
f 137//153 138//154 165//181 166//182
f 467//32 137//153 166//182
f 467//32 166//182 167//183
f 166//182 165//181 168//184 167//183
f 165//181 164//180 169//185 168//184
f 164//180 163//179 170//186 169//185
f 163//179 162//178 171//187 170//186
f 162//178 161//177 172//188 171//187
f 161//177 160//176 173//189 172//188
f 160//176 159//175 174//190 173//189
f 159//175 158//174 175//191 174//190
f 158//174 157//173 176//192 175//191
f 157//173 156//172 177//193 176//192
f 156//172 155//171 178//194 177//193
f 155//171 154//170 179//195 178//194
f 154//170 153//169 180//196 179//195
f 153//169 152//168 181//197 180//196
f 152//168 91//1 181//197
f 181//197 91//1 182//198
f 180//196 181//197 182//198 183//199
f 179//195 180//196 183//199 184//200
f 178//194 179//195 184//200 185//201
f 177//193 178//194 185//201 186//202
f 176//192 177//193 186//202 187//203
f 175//191 176//192 187//203 188//204
f 174//190 175//191 188//204 189//205
f 173//189 174//190 189//205 190//206
f 172//188 173//189 190//206 191//207
f 171//187 172//188 191//207 192//208
f 170//186 171//187 192//208 193//209
f 169//185 170//186 193//209 194//210
f 168//184 169//185 194//210 195//211
f 167//183 168//184 195//211 196//212
f 467//32 167//183 196//212
f 467//32 196//212 197//213
f 196//212 195//211 198//214 197//213
f 195//211 194//210 199//215 198//214
f 194//210 193//209 200//216 199//215
f 193//209 192//208 201//217 200//216
f 192//208 191//207 202//218 201//217
f 191//207 190//206 203//219 202//218
f 190//206 189//205 204//220 203//219
f 189//205 188//204 205//221 204//220
f 188//204 187//203 206//222 205//221
f 187//203 186//202 207//223 206//222
f 186//202 185//201 208//224 207//223
f 185//201 184//200 209//225 208//224
f 184//200 183//199 210//226 209//225
f 183//199 182//198 211//227 210//226
f 182//198 91//1 211//227
f 211//227 91//1 212//228
f 210//226 211//227 212//228 213//229
f 209//225 210//226 213//229 214//230
f 208//224 209//225 214//230 215//231
f 207//223 208//224 215//231 216//232
f 206//222 207//223 216//232 217//233
f 205//221 206//222 217//233 218//234
f 204//220 205//221 218//234 219//235
f 203//219 204//220 219//235 220//236
f 202//218 203//219 220//236 221//237
f 201//217 202//218 221//237 222//238
f 200//216 201//217 222//238 223//239
f 199//215 200//216 223//239 224//240
f 198//214 199//215 224//240 225//241
f 197//213 198//214 225//241 226//242
f 467//32 197//213 226//242
f 467//32 226//242 227//243
f 226//242 225//241 228//244 227//243
f 225//241 224//240 229//245 228//244
f 224//240 223//239 230//246 229//245
f 223//239 222//238 231//247 230//246
f 222//238 221//237 232//248 231//247
f 221//237 220//236 233//249 232//248
f 220//236 219//235 234//250 233//249
f 219//235 218//234 235//251 234//250
f 218//234 217//233 236//252 235//251
f 217//233 216//232 237//253 236//252
f 216//232 215//231 238//254 237//253
f 215//231 214//230 239//255 238//254
f 214//230 213//229 240//256 239//255
f 213//229 212//228 241//257 240//256
f 212//228 91//1 241//257
f 241//257 91//1 242//258
f 240//256 241//257 242//258 243//259
f 239//255 240//256 243//259 244//260
f 238//254 239//255 244//260 245//261
f 237//253 238//254 245//261 246//262
f 236//252 237//253 246//262 247//263
f 235//251 236//252 247//263 248//264
f 234//250 235//251 248//264 249//265
f 233//249 234//250 249//265 250//266
f 232//248 233//249 250//266 251//267
f 231//247 232//248 251//267 252//268
f 230//246 231//247 252//268 253//269
f 229//245 230//246 253//269 254//270
f 228//244 229//245 254//270 255//271
f 227//243 228//244 255//271 256//272
f 467//32 227//243 256//272
f 467//32 256//272 257//273
f 256//272 255//271 258//274 257//273
f 255//271 254//270 259//275 258//274
f 254//270 253//269 260//276 259//275
f 253//269 252//268 261//277 260//276
f 252//268 251//267 262//278 261//277
f 251//267 250//266 263//279 262//278
f 250//266 249//265 264//280 263//279
f 249//265 248//264 265//281 264//280
f 248//264 247//263 266//282 265//281
f 247//263 246//262 267//283 266//282
f 246//262 245//261 268//284 267//283
f 245//261 244//260 269//285 268//284
f 244//260 243//259 270//286 269//285
f 243//259 242//258 271//287 270//286
f 242//258 91//1 271//287
f 271//287 91//1 272//288
f 270//286 271//287 272//288 273//289
f 269//285 270//286 273//289 274//290
f 268//284 269//285 274//290 275//291
f 267//283 268//284 275//291 276//292
f 266//282 267//283 276//292 277//293
f 265//281 266//282 277//293 278//294
f 264//280 265//281 278//294 279//295
f 263//279 264//280 279//295 280//296
f 262//278 263//279 280//296 281//297
f 261//277 262//278 281//297 282//298
f 260//276 261//277 282//298 283//299
f 259//275 260//276 283//299 284//300
f 258//274 259//275 284//300 285//301
f 257//273 258//274 285//301 286//302
f 467//32 257//273 286//302
f 467//32 286//302 287//303
f 286//302 285//301 288//304 287//303
f 285//301 284//300 289//305 288//304
f 284//300 283//299 290//306 289//305
f 283//299 282//298 291//307 290//306
f 282//298 281//297 292//308 291//307
f 281//297 280//296 293//309 292//308
f 280//296 279//295 294//310 293//309
f 279//295 278//294 295//311 294//310
f 278//294 277//293 296//312 295//311
f 277//293 276//292 297//313 296//312
f 276//292 275//291 298//314 297//313
f 275//291 274//290 299//315 298//314
f 274//290 273//289 300//316 299//315
f 273//289 272//288 301//317 300//316
f 272//288 91//1 301//317
f 301//317 91//1 302//318
f 300//316 301//317 302//318 303//319
f 299//315 300//316 303//319 304//320
f 298//314 299//315 304//320 305//321
f 297//313 298//314 305//321 306//322
f 296//312 297//313 306//322 307//323
f 295//311 296//312 307//323 308//324
f 294//310 295//311 308//324 309//325
f 293//309 294//310 309//325 310//326
f 292//308 293//309 310//326 311//327
f 291//307 292//308 311//327 312//328
f 290//306 291//307 312//328 313//329
f 289//305 290//306 313//329 314//330
f 288//304 289//305 314//330 315//331
f 287//303 288//304 315//331 316//332
f 467//32 287//303 316//332
f 467//32 316//332 317//333
f 316//332 315//331 318//334 317//333
f 315//331 314//330 319//335 318//334
f 314//330 313//329 320//336 319//335
f 313//329 312//328 321//337 320//336
f 312//328 311//327 322//338 321//337
f 311//327 310//326 323//339 322//338
f 310//326 309//325 324//340 323//339
f 309//325 308//324 325//341 324//340
f 308//324 307//323 326//342 325//341
f 307//323 306//322 327//343 326//342
f 306//322 305//321 328//344 327//343
f 305//321 304//320 329//345 328//344
f 304//320 303//319 330//346 329//345
f 303//319 302//318 331//347 330//346
f 302//318 91//1 331//347
f 331//347 91//1 332//348
f 330//346 331//347 332//348 333//349
f 329//345 330//346 333//349 334//350
f 328//344 329//345 334//350 335//351
f 327//343 328//344 335//351 336//352
f 326//342 327//343 336//352 337//353
f 325//341 326//342 337//353 338//354
f 324//340 325//341 338//354 339//355
f 323//339 324//340 339//355 340//356
f 322//338 323//339 340//356 341//357
f 321//337 322//338 341//357 342//358
f 320//336 321//337 342//358 343//359
f 319//335 320//336 343//359 344//360
f 318//334 319//335 344//360 345//361
f 317//333 318//334 345//361 346//362
f 467//32 317//333 346//362
f 467//32 346//362 347//363
f 346//362 345//361 348//364 347//363
f 345//361 344//360 349//365 348//364
f 344//360 343//359 350//366 349//365
f 343//359 342//358 351//367 350//366
f 342//358 341//357 352//368 351//367
f 341//357 340//356 353//369 352//368
f 340//356 339//355 354//370 353//369
f 339//355 338//354 355//371 354//370
f 338//354 337//353 356//372 355//371
f 337//353 336//352 357//373 356//372
f 336//352 335//351 358//374 357//373
f 335//351 334//350 359//375 358//374
f 334//350 333//349 360//376 359//375
f 333//349 332//348 361//377 360//376
f 332//348 91//1 361//377
f 361//377 91//1 362//378
f 360//376 361//377 362//378 363//379
f 359//375 360//376 363//379 364//380
f 358//374 359//375 364//380 365//381
f 357//373 358//374 365//381 366//382
f 356//372 357//373 366//382 367//383
f 355//371 356//372 367//383 368//384
f 354//370 355//371 368//384 369//385
f 353//369 354//370 369//385 370//386
f 352//368 353//369 370//386 371//387
f 351//367 352//368 371//387 372//388
f 350//366 351//367 372//388 373//389
f 349//365 350//366 373//389 374//390
f 348//364 349//365 374//390 375//391
f 347//363 348//364 375//391 376//392
f 467//32 347//363 376//392
f 467//32 376//392 377//393
f 376//392 375//391 378//394 377//393
f 375//391 374//390 379//395 378//394
f 374//390 373//389 380//396 379//395
f 373//389 372//388 381//397 380//396
f 372//388 371//387 382//398 381//397
f 371//387 370//386 383//399 382//398
f 370//386 369//385 384//400 383//399
f 369//385 368//384 385//401 384//400
f 368//384 367//383 386//402 385//401
f 367//383 366//382 387//403 386//402
f 366//382 365//381 388//404 387//403
f 365//381 364//380 389//405 388//404
f 364//380 363//379 390//406 389//405
f 363//379 362//378 391//407 390//406
f 362//378 91//1 391//407
f 391//407 91//1 392//408
f 390//406 391//407 392//408 393//409
f 389//405 390//406 393//409 394//410
f 388//404 389//405 394//410 395//411
f 387//403 388//404 395//411 396//412
f 386//402 387//403 396//412 397//413
f 385//401 386//402 397//413 398//414
f 384//400 385//401 398//414 399//415
f 383//399 384//400 399//415 400//416
f 382//398 383//399 400//416 401//417
f 381//397 382//398 401//417 402//418
f 380//396 381//397 402//418 403//419
f 379//395 380//396 403//419 404//420
f 378//394 379//395 404//420 405//421
f 377//393 378//394 405//421 406//422
f 467//32 377//393 406//422
f 467//32 406//422 407//423
f 406//422 405//421 408//424 407//423
f 405//421 404//420 409//425 408//424
f 404//420 403//419 410//426 409//425
f 403//419 402//418 411//427 410//426
f 402//418 401//417 412//428 411//427
f 401//417 400//416 413//429 412//428
f 400//416 399//415 414//430 413//429
f 399//415 398//414 415//431 414//430
f 398//414 397//413 416//432 415//431
f 397//413 396//412 417//433 416//432
f 396//412 395//411 418//434 417//433
f 395//411 394//410 419//435 418//434
f 394//410 393//409 420//436 419//435
f 393//409 392//408 421//437 420//436
f 392//408 91//1 421//437
f 421//437 91//1 422//438
f 420//436 421//437 422//438 423//439
f 419//435 420//436 423//439 424//440
f 418//434 419//435 424//440 425//441
f 417//433 418//434 425//441 426//442
f 416//432 417//433 426//442 427//443
f 415//431 416//432 427//443 428//444
f 414//430 415//431 428//444 429//445
f 413//429 414//430 429//445 430//446
f 412//428 413//429 430//446 431//447
f 411//427 412//428 431//447 432//448
f 410//426 411//427 432//448 433//449
f 409//425 410//426 433//449 434//450
f 408//424 409//425 434//450 435//451
f 407//423 408//424 435//451 436//452
f 467//32 407//423 436//452
f 467//32 436//452 437//453
f 436//452 435//451 438//454 437//453
f 435//451 434//450 439//455 438//454
f 434//450 433//449 440//456 439//455
f 433//449 432//448 441//457 440//456
f 432//448 431//447 442//458 441//457
f 431//447 430//446 443//459 442//458
f 430//446 429//445 444//460 443//459
f 429//445 428//444 445//461 444//460
f 428//444 427//443 446//462 445//461
f 427//443 426//442 447//463 446//462
f 426//442 425//441 448//464 447//463
f 425//441 424//440 449//465 448//464
f 424//440 423//439 450//466 449//465
f 423//439 422//438 451//467 450//466
f 422//438 91//1 451//467
f 451//467 91//1 452//468
f 450//466 451//467 452//468 453//469
f 449//465 450//466 453//469 454//470
f 448//464 449//465 454//470 455//471
f 447//463 448//464 455//471 456//472
f 446//462 447//463 456//472 457//473
f 445//461 446//462 457//473 458//474
f 444//460 445//461 458//474 459//475
f 443//459 444//460 459//475 460//476
f 442//458 443//459 460//476 461//477
f 441//457 442//458 461//477 462//478
f 440//456 441//457 462//478 463//479
f 439//455 440//456 463//479 464//480
f 438//454 439//455 464//480 465//481
f 437//453 438//454 465//481 466//482
f 467//32 437//453 466//482
f 467//32 466//482 468//30
f 466//482 465//481 469//28 468//30
f 465//481 464//480 470//26 469//28
f 464//480 463//479 471//24 470//26
f 463//479 462//478 472//22 471//24
f 462//478 461//477 473//20 472//22
f 461//477 460//476 474//18 473//20
f 460//476 459//475 475//16 474//18
f 459//475 458//474 476//14 475//16
f 458//474 457//473 477//12 476//14
f 457//473 456//472 478//10 477//12
f 456//472 455//471 479//8 478//10
f 455//471 454//470 480//6 479//8
f 454//470 453//469 481//5 480//6
f 453//469 452//468 482//3 481//5
f 452//468 91//1 482//3
usemtl Material.009
f 573//1 483//2 964//483
f 483//2 484//4 963//5 964//483
f 962//6 963//5 484//4 485//7
f 961//8 962//6 485//7 486//9
f 960//10 961//8 486//9 487//11
f 959//12 960//10 487//11 488//13
f 958//14 959//12 488//13 489//15
f 957//16 958//14 489//15 490//17
f 956//18 957//16 490//17 491//19
f 955//20 956//18 491//19 492//21
f 954//22 955//20 492//21 493//23
f 953//24 954//22 493//23 494//25
f 952//26 953//24 494//25 495//27
f 951//28 952//26 495//27 496//29
f 950//30 951//28 496//29 497//31
f 949//32 950//30 497//31
f 949//32 497//31 498//33
f 497//31 496//29 499//34 498//33
f 496//29 495//27 500//35 499//34
f 495//27 494//25 501//36 500//35
f 494//25 493//23 502//37 501//36
f 493//23 492//21 503//38 502//37
f 492//21 491//19 504//39 503//38
f 491//19 490//17 505//40 504//39
f 490//17 489//15 506//41 505//40
f 489//15 488//13 507//42 506//41
f 488//13 487//11 508//43 507//42
f 487//11 486//9 509//44 508//43
f 486//9 485//7 510//45 509//44
f 485//7 484//4 511//46 510//45
f 484//4 483//2 512//47 511//46
f 483//2 573//1 512//47
f 512//47 573//1 513//48
f 511//46 512//47 513//48 514//49
f 510//45 511//46 514//49 515//50
f 509//44 510//45 515//50 516//51
f 508//43 509//44 516//51 517//52
f 507//42 508//43 517//52 518//53
f 506//41 507//42 518//53 519//54
f 505//40 506//41 519//54 520//55
f 504//39 505//40 520//55 521//56
f 503//38 504//39 521//56 522//57
f 502//37 503//38 522//57 523//58
f 501//36 502//37 523//58 524//59
f 500//35 501//36 524//59 525//60
f 499//34 500//35 525//60 526//61
f 498//33 499//34 526//61 527//62
f 949//32 498//33 527//62
f 949//32 527//62 528//63
f 527//62 526//61 529//64 528//63
f 526//61 525//60 530//65 529//64
f 525//60 524//59 531//66 530//65
f 524//59 523//58 532//67 531//66
f 523//58 522//57 533//68 532//67
f 522//57 521//56 534//69 533//68
f 521//56 520//55 535//70 534//69
f 520//55 519//54 536//71 535//70
f 519//54 518//53 537//72 536//71
f 518//53 517//52 538//73 537//72
f 517//52 516//51 539//74 538//73
f 516//51 515//50 540//75 539//74
f 515//50 514//49 541//484 540//75
f 514//49 513//48 542//77 541//484
f 513//48 573//1 542//77
f 542//77 573//1 543//78
f 541//484 542//77 543//78 544//79
f 540//75 541//484 544//79 545//80
f 539//74 540//75 545//80 546//81
f 538//73 539//74 546//81 547//82
f 537//72 538//73 547//82 548//83
f 536//71 537//72 548//83 549//84
f 535//70 536//71 549//84 550//85
f 534//69 535//70 550//85 551//86
f 533//68 534//69 551//86 552//87
f 532//67 533//68 552//87 553//88
f 531//66 532//67 553//88 554//89
f 530//65 531//66 554//89 555//90
f 529//64 530//65 555//90 556//91
f 528//63 529//64 556//91 557//92
f 949//32 528//63 557//92
f 949//32 557//92 558//485
f 557//92 556//91 559//94 558//485
f 556//91 555//90 560//95 559//94
f 555//90 554//89 561//486 560//95
f 554//89 553//88 562//97 561//486
f 553//88 552//87 563//98 562//97
f 552//87 551//86 564//99 563//98
f 551//86 550//85 565//100 564//99
f 550//85 549//84 566//101 565//100
f 549//84 548//83 567//102 566//101
f 548//83 547//82 568//103 567//102
f 547//82 546//81 569//104 568//103
f 546//81 545//80 570//487 569//104
f 545//80 544//79 571//106 570//487
f 544//79 543//78 572//107 571//106
f 543//78 573//1 572//107
f 572//107 573//1 574//108
f 571//106 572//107 574//108 575//109
f 570//487 571//106 575//109 576//110
f 569//104 570//487 576//110 577//111
f 568//103 569//104 577//111 578//112
f 567//102 568//103 578//112 579//113
f 566//101 567//102 579//113 580//114
f 565//100 566//101 580//114 581//115
f 564//99 565//100 581//115 582//116
f 563//98 564//99 582//116 583//117
f 562//97 563//98 583//117 584//118
f 561//486 562//97 584//118 585//119
f 560//95 561//486 585//119 586//120
f 559//94 560//95 586//120 587//121
f 558//485 559//94 587//121 588//122
f 949//32 558//485 588//122
f 949//32 588//122 589//123
f 588//122 587//121 590//124 589//123
f 587//121 586//120 591//125 590//124
f 586//120 585//119 592//126 591//125
f 585//119 584//118 593//127 592//126
f 584//118 583//117 594//128 593//127
f 583//117 582//116 595//129 594//128
f 582//116 581//115 596//130 595//129
f 581//115 580//114 597//131 596//130
f 580//114 579//113 598//132 597//131
f 579//113 578//112 599//133 598//132
f 578//112 577//111 600//134 599//133
f 577//111 576//110 601//135 600//134
f 576//110 575//109 602//136 601//135
f 575//109 574//108 603//488 602//136
f 574//108 573//1 603//488
f 603//488 573//1 604//138
f 602//136 603//488 604//138 605//139
f 601//135 602//136 605//139 606//140
f 600//134 601//135 606//140 607//141
f 599//133 600//134 607//141 608//142
f 598//132 599//133 608//142 609//143
f 597//131 598//132 609//143 610//144
f 596//130 597//131 610//144 611//145
f 595//129 596//130 611//145 612//146
f 594//128 595//129 612//146 613//147
f 593//127 594//128 613//147 614//148
f 592//126 593//127 614//148 615//149
f 591//125 592//126 615//149 616//150
f 590//124 591//125 616//150 617//151
f 589//123 590//124 617//151 618//152
f 949//32 589//123 618//152
f 949//32 618//152 619//153
f 618//152 617//151 620//154 619//153
f 617//151 616//150 621//155 620//154
f 616//150 615//149 622//489 621//155
f 615//149 614//148 623//157 622//489
f 614//148 613//147 624//158 623//157
f 613//147 612//146 625//159 624//158
f 612//146 611//145 626//160 625//159
f 611//145 610//144 627//161 626//160
f 610//144 609//143 628//162 627//161
f 609//143 608//142 629//163 628//162
f 608//142 607//141 630//490 629//163
f 607//141 606//140 631//165 630//490
f 606//140 605//139 632//166 631//165
f 605//139 604//138 633//167 632//166
f 604//138 573//1 633//167
f 633//167 573//1 634//168
f 632//166 633//167 634//168 635//169
f 631//165 632//166 635//169 636//170
f 630//490 631//165 636//170 637//171
f 629//163 630//490 637//171 638//172
f 628//162 629//163 638//172 639//173
f 627//161 628//162 639//173 640//174
f 626//160 627//161 640//174 641//175
f 625//159 626//160 641//175 642//176
f 624//158 625//159 642//176 643//177
f 623//157 624//158 643//177 644//178
f 622//489 623//157 644//178 645//179
f 621//155 622//489 645//179 646//180
f 620//154 621//155 646//180 647//181
f 619//153 620//154 647//181 648//182
f 949//32 619//153 648//182
f 949//32 648//182 649//183
f 648//182 647//181 650//184 649//183
f 647//181 646//180 651//185 650//184
f 646//180 645//179 652//186 651//185
f 645//179 644//178 653//187 652//186
f 644//178 643//177 654//188 653//187
f 643//177 642//176 655//189 654//188
f 642//176 641//175 656//190 655//189
f 641//175 640//174 657//191 656//190
f 640//174 639//173 658//192 657//191
f 639//173 638//172 659//193 658//192
f 638//172 637//171 660//194 659//193
f 637//171 636//170 661//195 660//194
f 636//170 635//169 662//196 661//195
f 635//169 634//168 663//197 662//196
f 634//168 573//1 663//197
f 663//197 573//1 664//198
f 662//196 663//197 664//198 665//199
f 661//195 662//196 665//199 666//200
f 660//194 661//195 666//200 667//201
f 659//193 660//194 667//201 668//202
f 658//192 659//193 668//202 669//203
f 657//191 658//192 669//203 670//204
f 656//190 657//191 670//204 671//205
f 655//189 656//190 671//205 672//206
f 654//188 655//189 672//206 673//207
f 653//187 654//188 673//207 674//208
f 652//186 653//187 674//208 675//209
f 651//185 652//186 675//209 676//210
f 650//184 651//185 676//210 677//211
f 649//183 650//184 677//211 678//212
f 949//32 649//183 678//212
f 949//32 678//212 679//213
f 678//212 677//211 680//214 679//213
f 677//211 676//210 681//215 680//214
f 676//210 675//209 682//216 681//215
f 675//209 674//208 683//217 682//216
f 674//208 673//207 684//218 683//217
f 673//207 672//206 685//219 684//218
f 672//206 671//205 686//220 685//219
f 671//205 670//204 687//221 686//220
f 670//204 669//203 688//222 687//221
f 669//203 668//202 689//223 688//222
f 668//202 667//201 690//224 689//223
f 667//201 666//200 691//225 690//224
f 666//200 665//199 692//226 691//225
f 665//199 664//198 693//227 692//226
f 664//198 573//1 693//227
f 693//227 573//1 694//228
f 692//226 693//227 694//228 695//229
f 691//225 692//226 695//229 696//230
f 690//224 691//225 696//230 697//231
f 689//223 690//224 697//231 698//232
f 688//222 689//223 698//232 699//233
f 687//221 688//222 699//233 700//234
f 686//220 687//221 700//234 701//235
f 685//219 686//220 701//235 702//236
f 684//218 685//219 702//236 703//237
f 683//217 684//218 703//237 704//238
f 682//216 683//217 704//238 705//239
f 681//215 682//216 705//239 706//240
f 680//214 681//215 706//240 707//241
f 679//213 680//214 707//241 708//242
f 949//32 679//213 708//242
f 949//32 708//242 709//243
f 708//242 707//241 710//244 709//243
f 707//241 706//240 711//245 710//244
f 706//240 705//239 712//246 711//245
f 705//239 704//238 713//247 712//246
f 704//238 703//237 714//248 713//247
f 703//237 702//236 715//249 714//248
f 702//236 701//235 716//250 715//249
f 701//235 700//234 717//251 716//250
f 700//234 699//233 718//252 717//251
f 699//233 698//232 719//253 718//252
f 698//232 697//231 720//254 719//253
f 697//231 696//230 721//255 720//254
f 696//230 695//229 722//256 721//255
f 695//229 694//228 723//491 722//256
f 694//228 573//1 723//491
f 723//491 573//1 724//258
f 722//256 723//491 724//258 725//259
f 721//255 722//256 725//259 726//260
f 720//254 721//255 726//260 727//261
f 719//253 720//254 727//261 728//262
f 718//252 719//253 728//262 729//263
f 717//251 718//252 729//263 730//264
f 716//250 717//251 730//264 731//265
f 715//249 716//250 731//265 732//266
f 714//248 715//249 732//266 733//267
f 713//247 714//248 733//267 734//268
f 712//246 713//247 734//268 735//269
f 711//245 712//246 735//269 736//270
f 710//244 711//245 736//270 737//271
f 709//243 710//244 737//271 738//272
f 949//32 709//243 738//272
f 949//32 738//272 739//273
f 738//272 737//271 740//274 739//273
f 737//271 736//270 741//275 740//274
f 736//270 735//269 742//276 741//275
f 735//269 734//268 743//277 742//276
f 734//268 733//267 744//278 743//277
f 733//267 732//266 745//279 744//278
f 732//266 731//265 746//280 745//279
f 731//265 730//264 747//281 746//280
f 730//264 729//263 748//282 747//281
f 729//263 728//262 749//283 748//282
f 728//262 727//261 750//284 749//283
f 727//261 726//260 751//285 750//284
f 726//260 725//259 752//286 751//285
f 725//259 724//258 753//287 752//286
f 724//258 573//1 753//287
f 753//287 573//1 754//288
f 752//286 753//287 754//288 755//289
f 751//285 752//286 755//289 756//290
f 750//284 751//285 756//290 757//291
f 749//283 750//284 757//291 758//292
f 748//282 749//283 758//292 759//293
f 747//281 748//282 759//293 760//294
f 746//280 747//281 760//294 761//295
f 745//279 746//280 761//295 762//296
f 744//278 745//279 762//296 763//297
f 743//277 744//278 763//297 764//298
f 742//276 743//277 764//298 765//299
f 741//275 742//276 765//299 766//300
f 740//274 741//275 766//300 767//301
f 739//273 740//274 767//301 768//302
f 949//32 739//273 768//302
f 949//32 768//302 769//303
f 768//302 767//301 770//304 769//303
f 767//301 766//300 771//305 770//304
f 766//300 765//299 772//306 771//305
f 765//299 764//298 773//307 772//306
f 764//298 763//297 774//308 773//307
f 763//297 762//296 775//309 774//308
f 762//296 761//295 776//310 775//309
f 761//295 760//294 777//311 776//310
f 760//294 759//293 778//312 777//311
f 759//293 758//292 779//313 778//312
f 758//292 757//291 780//314 779//313
f 757//291 756//290 781//315 780//314
f 756//290 755//289 782//316 781//315
f 755//289 754//288 783//317 782//316
f 754//288 573//1 783//317
f 783//317 573//1 784//318
f 782//316 783//317 784//318 785//319
f 781//315 782//316 785//319 786//320
f 780//314 781//315 786//320 787//321
f 779//313 780//314 787//321 788//322
f 778//312 779//313 788//322 789//323
f 777//311 778//312 789//323 790//324
f 776//310 777//311 790//324 791//325
f 775//309 776//310 791//325 792//326
f 774//308 775//309 792//326 793//327
f 773//307 774//308 793//327 794//328
f 772//306 773//307 794//328 795//329
f 771//305 772//306 795//329 796//330
f 770//304 771//305 796//330 797//331
f 769//303 770//304 797//331 798//332
f 949//32 769//303 798//332
f 949//32 798//332 799//333
f 798//332 797//331 800//334 799//333
f 797//331 796//330 801//335 800//334
f 796//330 795//329 802//492 801//335
f 795//329 794//328 803//337 802//492
f 794//328 793//327 804//338 803//337
f 793//327 792//326 805//339 804//338
f 792//326 791//325 806//340 805//339
f 791//325 790//324 807//341 806//340
f 790//324 789//323 808//342 807//341
f 789//323 788//322 809//343 808//342
f 788//322 787//321 810//493 809//343
f 787//321 786//320 811//345 810//493
f 786//320 785//319 812//346 811//345
f 785//319 784//318 813//494 812//346
f 784//318 573//1 813//494
f 813//494 573//1 814//348
f 812//346 813//494 814//348 815//349
f 811//345 812//346 815//349 816//350
f 810//493 811//345 816//350 817//351
f 809//343 810//493 817//351 818//352
f 808//342 809//343 818//352 819//353
f 807//341 808//342 819//353 820//354
f 806//340 807//341 820//354 821//355
f 805//339 806//340 821//355 822//356
f 804//338 805//339 822//356 823//357
f 803//337 804//338 823//357 824//358
f 802//492 803//337 824//358 825//359
f 801//335 802//492 825//359 826//360
f 800//334 801//335 826//360 827//361
f 799//333 800//334 827//361 828//362
f 949//32 799//333 828//362
f 949//32 828//362 829//495
f 828//362 827//361 830//364 829//495
f 827//361 826//360 831//365 830//364
f 826//360 825//359 832//366 831//365
f 825//359 824//358 833//367 832//366
f 824//358 823//357 834//368 833//367
f 823//357 822//356 835//369 834//368
f 822//356 821//355 836//370 835//369
f 821//355 820//354 837//371 836//370
f 820//354 819//353 838//372 837//371
f 819//353 818//352 839//373 838//372
f 818//352 817//351 840//374 839//373
f 817//351 816//350 841//375 840//374
f 816//350 815//349 842//376 841//375
f 815//349 814//348 843//496 842//376
f 814//348 573//1 843//496
f 843//496 573//1 844//378
f 842//376 843//496 844//378 845//379
f 841//375 842//376 845//379 846//380
f 840//374 841//375 846//380 847//381
f 839//373 840//374 847//381 848//382
f 838//372 839//373 848//382 849//383
f 837//371 838//372 849//383 850//384
f 836//370 837//371 850//384 851//385
f 835//369 836//370 851//385 852//386
f 834//368 835//369 852//386 853//387
f 833//367 834//368 853//387 854//388
f 832//366 833//367 854//388 855//389
f 831//365 832//366 855//389 856//390
f 830//364 831//365 856//390 857//391
f 829//495 830//364 857//391 858//392
f 949//32 829//495 858//392
f 949//32 858//392 859//497
f 858//392 857//391 860//394 859//497
f 857//391 856//390 861//395 860//394
f 856//390 855//389 862//396 861//395
f 855//389 854//388 863//397 862//396
f 854//388 853//387 864//398 863//397
f 853//387 852//386 865//399 864//398
f 852//386 851//385 866//400 865//399
f 851//385 850//384 867//401 866//400
f 850//384 849//383 868//402 867//401
f 849//383 848//382 869//403 868//402
f 848//382 847//381 870//404 869//403
f 847//381 846//380 871//405 870//404
f 846//380 845//379 872//406 871//405
f 845//379 844//378 873//407 872//406
f 844//378 573//1 873//407
f 873//407 573//1 874//408
f 872//406 873//407 874//408 875//409
f 871//405 872//406 875//409 876//410
f 870//404 871//405 876//410 877//411
f 869//403 870//404 877//411 878//412
f 868//402 869//403 878//412 879//413
f 867//401 868//402 879//413 880//414
f 866//400 867//401 880//414 881//415
f 865//399 866//400 881//415 882//416
f 864//398 865//399 882//416 883//417
f 863//397 864//398 883//417 884//418
f 862//396 863//397 884//418 885//419
f 861//395 862//396 885//419 886//420
f 860//394 861//395 886//420 887//421
f 859//497 860//394 887//421 888//422
f 949//32 859//497 888//422
f 949//32 888//422 889//423
f 888//422 887//421 890//424 889//423
f 887//421 886//420 891//425 890//424
f 886//420 885//419 892//426 891//425
f 885//419 884//418 893//427 892//426
f 884//418 883//417 894//428 893//427
f 883//417 882//416 895//429 894//428
f 882//416 881//415 896//430 895//429
f 881//415 880//414 897//431 896//430
f 880//414 879//413 898//432 897//431
f 879//413 878//412 899//433 898//432
f 878//412 877//411 900//434 899//433
f 877//411 876//410 901//435 900//434
f 876//410 875//409 902//436 901//435
f 875//409 874//408 903//437 902//436
f 874//408 573//1 903//437
f 903//437 573//1 904//438
f 902//436 903//437 904//438 905//439
f 901//435 902//436 905//439 906//440
f 900//434 901//435 906//440 907//441
f 899//433 900//434 907//441 908//442
f 898//432 899//433 908//442 909//443
f 897//431 898//432 909//443 910//444
f 896//430 897//431 910//444 911//445
f 895//429 896//430 911//445 912//446
f 894//428 895//429 912//446 913//447
f 893//427 894//428 913//447 914//498
f 892//426 893//427 914//498 915//449
f 891//425 892//426 915//449 916//450
f 890//424 891//425 916//450 917//451
f 889//423 890//424 917//451 918//452
f 949//32 889//423 918//452
f 949//32 918//452 919//453
f 918//452 917//451 920//454 919//453
f 917//451 916//450 921//455 920//454
f 916//450 915//449 922//456 921//455
f 915//449 914//498 923//457 922//456
f 914//498 913//447 924//458 923//457
f 913//447 912//446 925//459 924//458
f 912//446 911//445 926//460 925//459
f 911//445 910//444 927//461 926//460
f 910//444 909//443 928//462 927//461
f 909//443 908//442 929//463 928//462
f 908//442 907//441 930//464 929//463
f 907//441 906//440 931//465 930//464
f 906//440 905//439 932//466 931//465
f 905//439 904//438 933//467 932//466
f 904//438 573//1 933//467
f 933//467 573//1 934//468
f 932//466 933//467 934//468 935//469
f 931//465 932//466 935//469 936//470
f 930//464 931//465 936//470 937//471
f 929//463 930//464 937//471 938//472
f 928//462 929//463 938//472 939//473
f 927//461 928//462 939//473 940//474
f 926//460 927//461 940//474 941//475
f 925//459 926//460 941//475 942//476
f 924//458 925//459 942//476 943//477
f 923//457 924//458 943//477 944//478
f 922//456 923//457 944//478 945//479
f 921//455 922//456 945//479 946//480
f 920//454 921//455 946//480 947//481
f 919//453 920//454 947//481 948//482
f 949//32 919//453 948//482
f 949//32 948//482 950//30
f 948//482 947//481 951//28 950//30
f 947//481 946//480 952//26 951//28
f 946//480 945//479 953//24 952//26
f 945//479 944//478 954//22 953//24
f 944//478 943//477 955//20 954//22
f 943//477 942//476 956//18 955//20
f 942//476 941//475 957//16 956//18
f 941//475 940//474 958//14 957//16
f 940//474 939//473 959//12 958//14
f 939//473 938//472 960//10 959//12
f 938//472 937//471 961//8 960//10
f 937//471 936//470 962//6 961//8
f 936//470 935//469 963//5 962//6
f 935//469 934//468 964//483 963//5
f 934//468 573//1 964//483
usemtl Material.008
f 1055//1 965//2 1446//3
f 965//2 966//4 1445//5 1446//3
f 1444//6 1445//5 966//4 967//7
f 1443//8 1444//6 967//7 968//9
f 1442//10 1443//8 968//9 969//11
f 1441//12 1442//10 969//11 970//13
f 1440//14 1441//12 970//13 971//15
f 1439//16 1440//14 971//15 972//17
f 1438//18 1439//16 972//17 973//19
f 1437//20 1438//18 973//19 974//21
f 1436//22 1437//20 974//21 975//23
f 1435//24 1436//22 975//23 976//25
f 1434//26 1435//24 976//25 977//27
f 1433//28 1434//26 977//27 978//29
f 1432//30 1433//28 978//29 979//31
f 1431//32 1432//30 979//31
f 1431//32 979//31 980//33
f 979//31 978//29 981//34 980//33
f 978//29 977//27 982//499 981//34
f 977//27 976//25 983//36 982//499
f 976//25 975//23 984//37 983//36
f 975//23 974//21 985//38 984//37
f 974//21 973//19 986//39 985//38
f 973//19 972//17 987//40 986//39
f 972//17 971//15 988//41 987//40
f 971//15 970//13 989//42 988//41
f 970//13 969//11 990//43 989//42
f 969//11 968//9 991//44 990//43
f 968//9 967//7 992//45 991//44
f 967//7 966//4 993//46 992//45
f 966//4 965//2 994//47 993//46
f 965//2 1055//1 994//47
f 994//47 1055//1 995//48
f 993//46 994//47 995//48 996//49
f 992//45 993//46 996//49 997//50
f 991//44 992//45 997//50 998//51
f 990//43 991//44 998//51 999//52
f 989//42 990//43 999//52 1000//53
f 988//41 989//42 1000//53 1001//54
f 987//40 988//41 1001//54 1002//55
f 986//39 987//40 1002//55 1003//56
f 985//38 986//39 1003//56 1004//57
f 984//37 985//38 1004//57 1005//58
f 983//36 984//37 1005//58 1006//59
f 982//499 983//36 1006//59 1007//60
f 981//34 982//499 1007//60 1008//61
f 980//33 981//34 1008//61 1009//62
f 1431//32 980//33 1009//62
f 1431//32 1009//62 1010//63
f 1009//62 1008//61 1011//64 1010//63
f 1008//61 1007//60 1012//65 1011//64
f 1007//60 1006//59 1013//66 1012//65
f 1006//59 1005//58 1014//67 1013//66
f 1005//58 1004//57 1015//68 1014//67
f 1004//57 1003//56 1016//69 1015//68
f 1003//56 1002//55 1017//70 1016//69
f 1002//55 1001//54 1018//71 1017//70
f 1001//54 1000//53 1019//72 1018//71
f 1000//53 999//52 1020//73 1019//72
f 999//52 998//51 1021//74 1020//73
f 998//51 997//50 1022//75 1021//74
f 997//50 996//49 1023//484 1022//75
f 996//49 995//48 1024//77 1023//484
f 995//48 1055//1 1024//77
f 1024//77 1055//1 1025//78
f 1023//484 1024//77 1025//78 1026//79
f 1022//75 1023//484 1026//79 1027//80
f 1021//74 1022//75 1027//80 1028//81
f 1020//73 1021//74 1028//81 1029//82
f 1019//72 1020//73 1029//82 1030//83
f 1018//71 1019//72 1030//83 1031//84
f 1017//70 1018//71 1031//84 1032//85
f 1016//69 1017//70 1032//85 1033//86
f 1015//68 1016//69 1033//86 1034//87
f 1014//67 1015//68 1034//87 1035//88
f 1013//66 1014//67 1035//88 1036//89
f 1012//65 1013//66 1036//89 1037//90
f 1011//64 1012//65 1037//90 1038//91
f 1010//63 1011//64 1038//91 1039//92
f 1431//32 1010//63 1039//92
f 1431//32 1039//92 1040//485
f 1039//92 1038//91 1041//94 1040//485
f 1038//91 1037//90 1042//95 1041//94
f 1037//90 1036//89 1043//96 1042//95
f 1036//89 1035//88 1044//97 1043//96
f 1035//88 1034//87 1045//98 1044//97
f 1034//87 1033//86 1046//99 1045//98
f 1033//86 1032//85 1047//100 1046//99
f 1032//85 1031//84 1048//101 1047//100
f 1031//84 1030//83 1049//102 1048//101
f 1030//83 1029//82 1050//103 1049//102
f 1029//82 1028//81 1051//104 1050//103
f 1028//81 1027//80 1052//105 1051//104
f 1027//80 1026//79 1053//106 1052//105
f 1026//79 1025//78 1054//500 1053//106
f 1025//78 1055//1 1054//500
f 1054//500 1055//1 1056//108
f 1053//106 1054//500 1056//108 1057//109
f 1052//105 1053//106 1057//109 1058//110
f 1051//104 1052//105 1058//110 1059//111
f 1050//103 1051//104 1059//111 1060//112
f 1049//102 1050//103 1060//112 1061//113
f 1048//101 1049//102 1061//113 1062//114
f 1047//100 1048//101 1062//114 1063//115
f 1046//99 1047//100 1063//115 1064//116
f 1045//98 1046//99 1064//116 1065//117
f 1044//97 1045//98 1065//117 1066//118
f 1043//96 1044//97 1066//118 1067//119
f 1042//95 1043//96 1067//119 1068//120
f 1041//94 1042//95 1068//120 1069//121
f 1040//485 1041//94 1069//121 1070//122
f 1431//32 1040//485 1070//122
f 1431//32 1070//122 1071//123
f 1070//122 1069//121 1072//124 1071//123
f 1069//121 1068//120 1073//125 1072//124
f 1068//120 1067//119 1074//126 1073//125
f 1067//119 1066//118 1075//127 1074//126
f 1066//118 1065//117 1076//128 1075//127
f 1065//117 1064//116 1077//129 1076//128
f 1064//116 1063//115 1078//130 1077//129
f 1063//115 1062//114 1079//131 1078//130
f 1062//114 1061//113 1080//132 1079//131
f 1061//113 1060//112 1081//133 1080//132
f 1060//112 1059//111 1082//134 1081//133
f 1059//111 1058//110 1083//135 1082//134
f 1058//110 1057//109 1084//136 1083//135
f 1057//109 1056//108 1085//137 1084//136
f 1056//108 1055//1 1085//137
f 1085//137 1055//1 1086//138
f 1084//136 1085//137 1086//138 1087//139
f 1083//135 1084//136 1087//139 1088//140
f 1082//134 1083//135 1088//140 1089//141
f 1081//133 1082//134 1089//141 1090//142
f 1080//132 1081//133 1090//142 1091//143
f 1079//131 1080//132 1091//143 1092//144
f 1078//130 1079//131 1092//144 1093//145
f 1077//129 1078//130 1093//145 1094//146
f 1076//128 1077//129 1094//146 1095//147
f 1075//127 1076//128 1095//147 1096//148
f 1074//126 1075//127 1096//148 1097//149
f 1073//125 1074//126 1097//149 1098//150
f 1072//124 1073//125 1098//150 1099//151
f 1071//123 1072//124 1099//151 1100//152
f 1431//32 1071//123 1100//152
f 1431//32 1100//152 1101//153
f 1100//152 1099//151 1102//154 1101//153
f 1099//151 1098//150 1103//155 1102//154
f 1098//150 1097//149 1104//156 1103//155
f 1097//149 1096//148 1105//157 1104//156
f 1096//148 1095//147 1106//158 1105//157
f 1095//147 1094//146 1107//159 1106//158
f 1094//146 1093//145 1108//160 1107//159
f 1093//145 1092//144 1109//161 1108//160
f 1092//144 1091//143 1110//162 1109//161
f 1091//143 1090//142 1111//163 1110//162
f 1090//142 1089//141 1112//164 1111//163
f 1089//141 1088//140 1113//165 1112//164
f 1088//140 1087//139 1114//166 1113//165
f 1087//139 1086//138 1115//167 1114//166
f 1086//138 1055//1 1115//167
f 1115//167 1055//1 1116//168
f 1114//166 1115//167 1116//168 1117//169
f 1113//165 1114//166 1117//169 1118//170
f 1112//164 1113//165 1118//170 1119//171
f 1111//163 1112//164 1119//171 1120//172
f 1110//162 1111//163 1120//172 1121//173
f 1109//161 1110//162 1121//173 1122//174
f 1108//160 1109//161 1122//174 1123//175
f 1107//159 1108//160 1123//175 1124//176
f 1106//158 1107//159 1124//176 1125//177
f 1105//157 1106//158 1125//177 1126//178
f 1104//156 1105//157 1126//178 1127//179
f 1103//155 1104//156 1127//179 1128//180
f 1102//154 1103//155 1128//180 1129//181
f 1101//153 1102//154 1129//181 1130//182
f 1431//32 1101//153 1130//182
f 1431//32 1130//182 1131//183
f 1130//182 1129//181 1132//184 1131//183
f 1129//181 1128//180 1133//185 1132//184
f 1128//180 1127//179 1134//186 1133//185
f 1127//179 1126//178 1135//187 1134//186
f 1126//178 1125//177 1136//188 1135//187
f 1125//177 1124//176 1137//189 1136//188
f 1124//176 1123//175 1138//190 1137//189
f 1123//175 1122//174 1139//191 1138//190
f 1122//174 1121//173 1140//192 1139//191
f 1121//173 1120//172 1141//193 1140//192
f 1120//172 1119//171 1142//194 1141//193
f 1119//171 1118//170 1143//195 1142//194
f 1118//170 1117//169 1144//196 1143//195
f 1117//169 1116//168 1145//197 1144//196
f 1116//168 1055//1 1145//197
f 1145//197 1055//1 1146//198
f 1144//196 1145//197 1146//198 1147//199
f 1143//195 1144//196 1147//199 1148//200
f 1142//194 1143//195 1148//200 1149//201
f 1141//193 1142//194 1149//201 1150//202
f 1140//192 1141//193 1150//202 1151//203
f 1139//191 1140//192 1151//203 1152//204
f 1138//190 1139//191 1152//204 1153//205
f 1137//189 1138//190 1153//205 1154//206
f 1136//188 1137//189 1154//206 1155//207
f 1135//187 1136//188 1155//207 1156//208
f 1134//186 1135//187 1156//208 1157//209
f 1133//185 1134//186 1157//209 1158//210
f 1132//184 1133//185 1158//210 1159//211
f 1131//183 1132//184 1159//211 1160//212
f 1431//32 1131//183 1160//212
f 1431//32 1160//212 1161//213
f 1160//212 1159//211 1162//214 1161//213
f 1159//211 1158//210 1163//501 1162//214
f 1158//210 1157//209 1164//216 1163//501
f 1157//209 1156//208 1165//217 1164//216
f 1156//208 1155//207 1166//218 1165//217
f 1155//207 1154//206 1167//219 1166//218
f 1154//206 1153//205 1168//220 1167//219
f 1153//205 1152//204 1169//221 1168//220
f 1152//204 1151//203 1170//222 1169//221
f 1151//203 1150//202 1171//223 1170//222
f 1150//202 1149//201 1172//224 1171//223
f 1149//201 1148//200 1173//502 1172//224
f 1148//200 1147//199 1174//226 1173//502
f 1147//199 1146//198 1175//227 1174//226
f 1146//198 1055//1 1175//227
f 1175//227 1055//1 1176//228
f 1174//226 1175//227 1176//228 1177//229
f 1173//502 1174//226 1177//229 1178//230
f 1172//224 1173//502 1178//230 1179//231
f 1171//223 1172//224 1179//231 1180//232
f 1170//222 1171//223 1180//232 1181//233
f 1169//221 1170//222 1181//233 1182//234
f 1168//220 1169//221 1182//234 1183//235
f 1167//219 1168//220 1183//235 1184//236
f 1166//218 1167//219 1184//236 1185//237
f 1165//217 1166//218 1185//237 1186//238
f 1164//216 1165//217 1186//238 1187//239
f 1163//501 1164//216 1187//239 1188//240
f 1162//214 1163//501 1188//240 1189//241
f 1161//213 1162//214 1189//241 1190//242
f 1431//32 1161//213 1190//242
f 1431//32 1190//242 1191//243
f 1190//242 1189//241 1192//244 1191//243
f 1189//241 1188//240 1193//245 1192//244
f 1188//240 1187//239 1194//246 1193//245
f 1187//239 1186//238 1195//247 1194//246
f 1186//238 1185//237 1196//248 1195//247
f 1185//237 1184//236 1197//249 1196//248
f 1184//236 1183//235 1198//250 1197//249
f 1183//235 1182//234 1199//251 1198//250
f 1182//234 1181//233 1200//252 1199//251
f 1181//233 1180//232 1201//253 1200//252
f 1180//232 1179//231 1202//254 1201//253
f 1179//231 1178//230 1203//255 1202//254
f 1178//230 1177//229 1204//256 1203//255
f 1177//229 1176//228 1205//257 1204//256
f 1176//228 1055//1 1205//257
f 1205//257 1055//1 1206//258
f 1204//256 1205//257 1206//258 1207//259
f 1203//255 1204//256 1207//259 1208//260
f 1202//254 1203//255 1208//260 1209//261
f 1201//253 1202//254 1209//261 1210//262
f 1200//252 1201//253 1210//262 1211//263
f 1199//251 1200//252 1211//263 1212//264
f 1198//250 1199//251 1212//264 1213//265
f 1197//249 1198//250 1213//265 1214//266
f 1196//248 1197//249 1214//266 1215//267
f 1195//247 1196//248 1215//267 1216//268
f 1194//246 1195//247 1216//268 1217//269
f 1193//245 1194//246 1217//269 1218//270
f 1192//244 1193//245 1218//270 1219//271
f 1191//243 1192//244 1219//271 1220//272
f 1431//32 1191//243 1220//272
f 1431//32 1220//272 1221//273
f 1220//272 1219//271 1222//274 1221//273
f 1219//271 1218//270 1223//503 1222//274
f 1218//270 1217//269 1224//276 1223//503
f 1217//269 1216//268 1225//277 1224//276
f 1216//268 1215//267 1226//278 1225//277
f 1215//267 1214//266 1227//279 1226//278
f 1214//266 1213//265 1228//280 1227//279
f 1213//265 1212//264 1229//281 1228//280
f 1212//264 1211//263 1230//282 1229//281
f 1211//263 1210//262 1231//283 1230//282
f 1210//262 1209//261 1232//284 1231//283
f 1209//261 1208//260 1233//504 1232//284
f 1208//260 1207//259 1234//286 1233//504
f 1207//259 1206//258 1235//287 1234//286
f 1206//258 1055//1 1235//287
f 1235//287 1055//1 1236//288
f 1234//286 1235//287 1236//288 1237//289
f 1233//504 1234//286 1237//289 1238//290
f 1232//284 1233//504 1238//290 1239//291
f 1231//283 1232//284 1239//291 1240//505
f 1230//282 1231//283 1240//505 1241//293
f 1229//281 1230//282 1241//293 1242//294
f 1228//280 1229//281 1242//294 1243//295
f 1227//279 1228//280 1243//295 1244//296
f 1226//278 1227//279 1244//296 1245//297
f 1225//277 1226//278 1245//297 1246//298
f 1224//276 1225//277 1246//298 1247//299
f 1223//503 1224//276 1247//299 1248//300
f 1222//274 1223//503 1248//300 1249//301
f 1221//273 1222//274 1249//301 1250//302
f 1431//32 1221//273 1250//302
f 1431//32 1250//302 1251//303
f 1250//302 1249//301 1252//304 1251//303
f 1249//301 1248//300 1253//305 1252//304
f 1248//300 1247//299 1254//306 1253//305
f 1247//299 1246//298 1255//307 1254//306
f 1246//298 1245//297 1256//308 1255//307
f 1245//297 1244//296 1257//309 1256//308
f 1244//296 1243//295 1258//310 1257//309
f 1243//295 1242//294 1259//311 1258//310
f 1242//294 1241//293 1260//312 1259//311
f 1241//293 1240//505 1261//506 1260//312
f 1240//505 1239//291 1262//314 1261//506
f 1239//291 1238//290 1263//315 1262//314
f 1238//290 1237//289 1264//316 1263//315
f 1237//289 1236//288 1265//317 1264//316
f 1236//288 1055//1 1265//317
f 1265//317 1055//1 1266//318
f 1264//316 1265//317 1266//318 1267//319
f 1263//315 1264//316 1267//319 1268//320
f 1262//314 1263//315 1268//320 1269//321
f 1261//506 1262//314 1269//321 1270//322
f 1260//312 1261//506 1270//322 1271//323
f 1259//311 1260//312 1271//323 1272//324
f 1258//310 1259//311 1272//324 1273//325
f 1257//309 1258//310 1273//325 1274//326
f 1256//308 1257//309 1274//326 1275//327
f 1255//307 1256//308 1275//327 1276//328
f 1254//306 1255//307 1276//328 1277//329
f 1253//305 1254//306 1277//329 1278//330
f 1252//304 1253//305 1278//330 1279//331
f 1251//303 1252//304 1279//331 1280//332
f 1431//32 1251//303 1280//332
f 1431//32 1280//332 1281//333
f 1280//332 1279//331 1282//334 1281//333
f 1279//331 1278//330 1283//335 1282//334
f 1278//330 1277//329 1284//336 1283//335
f 1277//329 1276//328 1285//337 1284//336
f 1276//328 1275//327 1286//338 1285//337
f 1275//327 1274//326 1287//339 1286//338
f 1274//326 1273//325 1288//340 1287//339
f 1273//325 1272//324 1289//341 1288//340
f 1272//324 1271//323 1290//342 1289//341
f 1271//323 1270//322 1291//343 1290//342
f 1270//322 1269//321 1292//344 1291//343
f 1269//321 1268//320 1293//345 1292//344
f 1268//320 1267//319 1294//346 1293//345
f 1267//319 1266//318 1295//347 1294//346
f 1266//318 1055//1 1295//347
f 1295//347 1055//1 1296//348
f 1294//346 1295//347 1296//348 1297//349
f 1293//345 1294//346 1297//349 1298//350
f 1292//344 1293//345 1298//350 1299//351
f 1291//343 1292//344 1299//351 1300//352
f 1290//342 1291//343 1300//352 1301//353
f 1289//341 1290//342 1301//353 1302//354
f 1288//340 1289//341 1302//354 1303//355
f 1287//339 1288//340 1303//355 1304//356
f 1286//338 1287//339 1304//356 1305//357
f 1285//337 1286//338 1305//357 1306//358
f 1284//336 1285//337 1306//358 1307//359
f 1283//335 1284//336 1307//359 1308//360
f 1282//334 1283//335 1308//360 1309//361
f 1281//333 1282//334 1309//361 1310//362
f 1431//32 1281//333 1310//362
f 1431//32 1310//362 1311//363
f 1310//362 1309//361 1312//364 1311//363
f 1309//361 1308//360 1313//365 1312//364
f 1308//360 1307//359 1314//366 1313//365
f 1307//359 1306//358 1315//367 1314//366
f 1306//358 1305//357 1316//368 1315//367
f 1305//357 1304//356 1317//369 1316//368
f 1304//356 1303//355 1318//370 1317//369
f 1303//355 1302//354 1319//371 1318//370
f 1302//354 1301//353 1320//372 1319//371
f 1301//353 1300//352 1321//373 1320//372
f 1300//352 1299//351 1322//374 1321//373
f 1299//351 1298//350 1323//375 1322//374
f 1298//350 1297//349 1324//376 1323//375
f 1297//349 1296//348 1325//377 1324//376
f 1296//348 1055//1 1325//377
f 1325//377 1055//1 1326//378
f 1324//376 1325//377 1326//378 1327//379
f 1323//375 1324//376 1327//379 1328//380
f 1322//374 1323//375 1328//380 1329//381
f 1321//373 1322//374 1329//381 1330//382
f 1320//372 1321//373 1330//382 1331//383
f 1319//371 1320//372 1331//383 1332//384
f 1318//370 1319//371 1332//384 1333//385
f 1317//369 1318//370 1333//385 1334//386
f 1316//368 1317//369 1334//386 1335//387
f 1315//367 1316//368 1335//387 1336//388
f 1314//366 1315//367 1336//388 1337//389
f 1313//365 1314//366 1337//389 1338//390
f 1312//364 1313//365 1338//390 1339//391
f 1311//363 1312//364 1339//391 1340//392
f 1431//32 1311//363 1340//392
f 1431//32 1340//392 1341//497
f 1340//392 1339//391 1342//394 1341//497
f 1339//391 1338//390 1343//507 1342//394
f 1338//390 1337//389 1344//396 1343//507
f 1337//389 1336//388 1345//397 1344//396
f 1336//388 1335//387 1346//398 1345//397
f 1335//387 1334//386 1347//399 1346//398
f 1334//386 1333//385 1348//400 1347//399
f 1333//385 1332//384 1349//401 1348//400
f 1332//384 1331//383 1350//402 1349//401
f 1331//383 1330//382 1351//403 1350//402
f 1330//382 1329//381 1352//404 1351//403
f 1329//381 1328//380 1353//405 1352//404
f 1328//380 1327//379 1354//406 1353//405
f 1327//379 1326//378 1355//407 1354//406
f 1326//378 1055//1 1355//407
f 1355//407 1055//1 1356//408
f 1354//406 1355//407 1356//408 1357//409
f 1353//405 1354//406 1357//409 1358//410
f 1352//404 1353//405 1358//410 1359//411
f 1351//403 1352//404 1359//411 1360//412
f 1350//402 1351//403 1360//412 1361//413
f 1349//401 1350//402 1361//413 1362//414
f 1348//400 1349//401 1362//414 1363//415
f 1347//399 1348//400 1363//415 1364//416
f 1346//398 1347//399 1364//416 1365//417
f 1345//397 1346//398 1365//417 1366//418
f 1344//396 1345//397 1366//418 1367//419
f 1343//507 1344//396 1367//419 1368//420
f 1342//394 1343//507 1368//420 1369//421
f 1341//497 1342//394 1369//421 1370//422
f 1431//32 1341//497 1370//422
f 1431//32 1370//422 1371//423
f 1370//422 1369//421 1372//508 1371//423
f 1369//421 1368//420 1373//425 1372//508
f 1368//420 1367//419 1374//426 1373//425
f 1367//419 1366//418 1375//427 1374//426
f 1366//418 1365//417 1376//428 1375//427
f 1365//417 1364//416 1377//429 1376//428
f 1364//416 1363//415 1378//430 1377//429
f 1363//415 1362//414 1379//431 1378//430
f 1362//414 1361//413 1380//432 1379//431
f 1361//413 1360//412 1381//433 1380//432
f 1360//412 1359//411 1382//434 1381//433
f 1359//411 1358//410 1383//435 1382//434
f 1358//410 1357//409 1384//436 1383//435
f 1357//409 1356//408 1385//437 1384//436
f 1356//408 1055//1 1385//437
f 1385//437 1055//1 1386//438
f 1384//436 1385//437 1386//438 1387//439
f 1383//435 1384//436 1387//439 1388//440
f 1382//434 1383//435 1388//440 1389//441
f 1381//433 1382//434 1389//441 1390//509
f 1380//432 1381//433 1390//509 1391//443
f 1379//431 1380//432 1391//443 1392//444
f 1378//430 1379//431 1392//444 1393//445
f 1377//429 1378//430 1393//445 1394//446
f 1376//428 1377//429 1394//446 1395//447
f 1375//427 1376//428 1395//447 1396//498
f 1374//426 1375//427 1396//498 1397//449
f 1373//425 1374//426 1397//449 1398//450
f 1372//508 1373//425 1398//450 1399//451
f 1371//423 1372//508 1399//451 1400//452
f 1431//32 1371//423 1400//452
f 1431//32 1400//452 1401//453
f 1400//452 1399//451 1402//454 1401//453
f 1399//451 1398//450 1403//510 1402//454
f 1398//450 1397//449 1404//456 1403//510
f 1397//449 1396//498 1405//511 1404//456
f 1396//498 1395//447 1406//458 1405//511
f 1395//447 1394//446 1407//459 1406//458
f 1394//446 1393//445 1408//460 1407//459
f 1393//445 1392//444 1409//461 1408//460
f 1392//444 1391//443 1410//462 1409//461
f 1391//443 1390//509 1411//463 1410//462
f 1390//509 1389//441 1412//464 1411//463
f 1389//441 1388//440 1413//465 1412//464
f 1388//440 1387//439 1414//466 1413//465
f 1387//439 1386//438 1415//467 1414//466
f 1386//438 1055//1 1415//467
f 1415//467 1055//1 1416//468
f 1414//466 1415//467 1416//468 1417//469
f 1413//465 1414//466 1417//469 1418//470
f 1412//464 1413//465 1418//470 1419//471
f 1411//463 1412//464 1419//471 1420//472
f 1410//462 1411//463 1420//472 1421//473
f 1409//461 1410//462 1421//473 1422//474
f 1408//460 1409//461 1422//474 1423//475
f 1407//459 1408//460 1423//475 1424//476
f 1406//458 1407//459 1424//476 1425//477
f 1405//511 1406//458 1425//477 1426//478
f 1404//456 1405//511 1426//478 1427//479
f 1403//510 1404//456 1427//479 1428//480
f 1402//454 1403//510 1428//480 1429//481
f 1401//453 1402//454 1429//481 1430//482
f 1431//32 1401//453 1430//482
f 1431//32 1430//482 1432//30
f 1430//482 1429//481 1433//28 1432//30
f 1429//481 1428//480 1434//26 1433//28
f 1428//480 1427//479 1435//24 1434//26
f 1427//479 1426//478 1436//22 1435//24
f 1426//478 1425//477 1437//20 1436//22
f 1425//477 1424//476 1438//18 1437//20
f 1424//476 1423//475 1439//16 1438//18
f 1423//475 1422//474 1440//14 1439//16
f 1422//474 1421//473 1441//12 1440//14
f 1421//473 1420//472 1442//10 1441//12
f 1420//472 1419//471 1443//8 1442//10
f 1419//471 1418//470 1444//6 1443//8
f 1418//470 1417//469 1445//5 1444//6
f 1417//469 1416//468 1446//3 1445//5
f 1416//468 1055//1 1446//3
usemtl Material
f 1537//1 1447//2 1928//3
f 1447//2 1448//4 1927//5 1928//3
f 1926//6 1927//5 1448//4 1449//7
f 1925//8 1926//6 1449//7 1450//9
f 1924//10 1925//8 1450//9 1451//11
f 1923//12 1924//10 1451//11 1452//13
f 1922//14 1923//12 1452//13 1453//15
f 1921//16 1922//14 1453//15 1454//17
f 1920//18 1921//16 1454//17 1455//19
f 1919//20 1920//18 1455//19 1456//21
f 1918//22 1919//20 1456//21 1457//23
f 1917//24 1918//22 1457//23 1458//25
f 1916//26 1917//24 1458//25 1459//27
f 1915//28 1916//26 1459//27 1460//29
f 1914//30 1915//28 1460//29 1461//31
f 1913//32 1914//30 1461//31
f 1913//32 1461//31 1462//33
f 1461//31 1460//29 1463//34 1462//33
f 1460//29 1459//27 1464//499 1463//34
f 1459//27 1458//25 1465//36 1464//499
f 1458//25 1457//23 1466//37 1465//36
f 1457//23 1456//21 1467//38 1466//37
f 1456//21 1455//19 1468//39 1467//38
f 1455//19 1454//17 1469//40 1468//39
f 1454//17 1453//15 1470//41 1469//40
f 1453//15 1452//13 1471//42 1470//41
f 1452//13 1451//11 1472//43 1471//42
f 1451//11 1450//9 1473//44 1472//43
f 1450//9 1449//7 1474//45 1473//44
f 1449//7 1448//4 1475//46 1474//45
f 1448//4 1447//2 1476//47 1475//46
f 1447//2 1537//1 1476//47
f 1476//47 1537//1 1477//48
f 1475//46 1476//47 1477//48 1478//49
f 1474//45 1475//46 1478//49 1479//50
f 1473//44 1474//45 1479//50 1480//51
f 1472//43 1473//44 1480//51 1481//52
f 1471//42 1472//43 1481//52 1482//53
f 1470//41 1471//42 1482//53 1483//54
f 1469//40 1470//41 1483//54 1484//55
f 1468//39 1469//40 1484//55 1485//56
f 1467//38 1468//39 1485//56 1486//57
f 1466//37 1467//38 1486//57 1487//58
f 1465//36 1466//37 1487//58 1488//59
f 1464//499 1465//36 1488//59 1489//60
f 1463//34 1464//499 1489//60 1490//61
f 1462//33 1463//34 1490//61 1491//62
f 1913//32 1462//33 1491//62
f 1913//32 1491//62 1492//63
f 1491//62 1490//61 1493//64 1492//63
f 1490//61 1489//60 1494//65 1493//64
f 1489//60 1488//59 1495//66 1494//65
f 1488//59 1487//58 1496//67 1495//66
f 1487//58 1486//57 1497//68 1496//67
f 1486//57 1485//56 1498//69 1497//68
f 1485//56 1484//55 1499//70 1498//69
f 1484//55 1483//54 1500//71 1499//70
f 1483//54 1482//53 1501//72 1500//71
f 1482//53 1481//52 1502//73 1501//72
f 1481//52 1480//51 1503//74 1502//73
f 1480//51 1479//50 1504//75 1503//74
f 1479//50 1478//49 1505//76 1504//75
f 1478//49 1477//48 1506//77 1505//76
f 1477//48 1537//1 1506//77
f 1506//77 1537//1 1507//78
f 1505//76 1506//77 1507//78 1508//79
f 1504//75 1505//76 1508//79 1509//80
f 1503//74 1504//75 1509//80 1510//81
f 1502//73 1503//74 1510//81 1511//82
f 1501//72 1502//73 1511//82 1512//83
f 1500//71 1501//72 1512//83 1513//84
f 1499//70 1500//71 1513//84 1514//85
f 1498//69 1499//70 1514//85 1515//86
f 1497//68 1498//69 1515//86 1516//87
f 1496//67 1497//68 1516//87 1517//88
f 1495//66 1496//67 1517//88 1518//89
f 1494//65 1495//66 1518//89 1519//90
f 1493//64 1494//65 1519//90 1520//91
f 1492//63 1493//64 1520//91 1521//92
f 1913//32 1492//63 1521//92
f 1913//32 1521//92 1522//93
f 1521//92 1520//91 1523//94 1522//93
f 1520//91 1519//90 1524//95 1523//94
f 1519//90 1518//89 1525//96 1524//95
f 1518//89 1517//88 1526//97 1525//96
f 1517//88 1516//87 1527//98 1526//97
f 1516//87 1515//86 1528//99 1527//98
f 1515//86 1514//85 1529//100 1528//99
f 1514//85 1513//84 1530//101 1529//100
f 1513//84 1512//83 1531//102 1530//101
f 1512//83 1511//82 1532//103 1531//102
f 1511//82 1510//81 1533//104 1532//103
f 1510//81 1509//80 1534//105 1533//104
f 1509//80 1508//79 1535//106 1534//105
f 1508//79 1507//78 1536//107 1535//106
f 1507//78 1537//1 1536//107
f 1536//107 1537//1 1538//108
f 1535//106 1536//107 1538//108 1539//109
f 1534//105 1535//106 1539//109 1540//110
f 1533//104 1534//105 1540//110 1541//111
f 1532//103 1533//104 1541//111 1542//112
f 1531//102 1532//103 1542//112 1543//113
f 1530//101 1531//102 1543//113 1544//114
f 1529//100 1530//101 1544//114 1545//115
f 1528//99 1529//100 1545//115 1546//116
f 1527//98 1528//99 1546//116 1547//117
f 1526//97 1527//98 1547//117 1548//118
f 1525//96 1526//97 1548//118 1549//119
f 1524//95 1525//96 1549//119 1550//120
f 1523//94 1524//95 1550//120 1551//121
f 1522//93 1523//94 1551//121 1552//122
f 1913//32 1522//93 1552//122
f 1913//32 1552//122 1553//123
f 1552//122 1551//121 1554//124 1553//123
f 1551//121 1550//120 1555//125 1554//124
f 1550//120 1549//119 1556//126 1555//125
f 1549//119 1548//118 1557//127 1556//126
f 1548//118 1547//117 1558//128 1557//127
f 1547//117 1546//116 1559//129 1558//128
f 1546//116 1545//115 1560//130 1559//129
f 1545//115 1544//114 1561//131 1560//130
f 1544//114 1543//113 1562//132 1561//131
f 1543//113 1542//112 1563//133 1562//132
f 1542//112 1541//111 1564//134 1563//133
f 1541//111 1540//110 1565//135 1564//134
f 1540//110 1539//109 1566//136 1565//135
f 1539//109 1538//108 1567//137 1566//136
f 1538//108 1537//1 1567//137
f 1567//137 1537//1 1568//138
f 1566//136 1567//137 1568//138 1569//139
f 1565//135 1566//136 1569//139 1570//140
f 1564//134 1565//135 1570//140 1571//141
f 1563//133 1564//134 1571//141 1572//142
f 1562//132 1563//133 1572//142 1573//143
f 1561//131 1562//132 1573//143 1574//144
f 1560//130 1561//131 1574//144 1575//145
f 1559//129 1560//130 1575//145 1576//146
f 1558//128 1559//129 1576//146 1577//147
f 1557//127 1558//128 1577//147 1578//148
f 1556//126 1557//127 1578//148 1579//149
f 1555//125 1556//126 1579//149 1580//150
f 1554//124 1555//125 1580//150 1581//151
f 1553//123 1554//124 1581//151 1582//152
f 1913//32 1553//123 1582//152
f 1913//32 1582//152 1583//153
f 1582//152 1581//151 1584//154 1583//153
f 1581//151 1580//150 1585//155 1584//154
f 1580//150 1579//149 1586//156 1585//155
f 1579//149 1578//148 1587//157 1586//156
f 1578//148 1577//147 1588//158 1587//157
f 1577//147 1576//146 1589//159 1588//158
f 1576//146 1575//145 1590//160 1589//159
f 1575//145 1574//144 1591//161 1590//160
f 1574//144 1573//143 1592//162 1591//161
f 1573//143 1572//142 1593//163 1592//162
f 1572//142 1571//141 1594//164 1593//163
f 1571//141 1570//140 1595//165 1594//164
f 1570//140 1569//139 1596//166 1595//165
f 1569//139 1568//138 1597//167 1596//166
f 1568//138 1537//1 1597//167
f 1597//167 1537//1 1598//168
f 1596//166 1597//167 1598//168 1599//169
f 1595//165 1596//166 1599//169 1600//170
f 1594//164 1595//165 1600//170 1601//171
f 1593//163 1594//164 1601//171 1602//172
f 1592//162 1593//163 1602//172 1603//173
f 1591//161 1592//162 1603//173 1604//174
f 1590//160 1591//161 1604//174 1605//175
f 1589//159 1590//160 1605//175 1606//176
f 1588//158 1589//159 1606//176 1607//177
f 1587//157 1588//158 1607//177 1608//178
f 1586//156 1587//157 1608//178 1609//179
f 1585//155 1586//156 1609//179 1610//180
f 1584//154 1585//155 1610//180 1611//181
f 1583//153 1584//154 1611//181 1612//182
f 1913//32 1583//153 1612//182
f 1913//32 1612//182 1613//183
f 1612//182 1611//181 1614//184 1613//183
f 1611//181 1610//180 1615//185 1614//184
f 1610//180 1609//179 1616//186 1615//185
f 1609//179 1608//178 1617//187 1616//186
f 1608//178 1607//177 1618//188 1617//187
f 1607//177 1606//176 1619//189 1618//188
f 1606//176 1605//175 1620//190 1619//189
f 1605//175 1604//174 1621//191 1620//190
f 1604//174 1603//173 1622//192 1621//191
f 1603//173 1602//172 1623//193 1622//192
f 1602//172 1601//171 1624//194 1623//193
f 1601//171 1600//170 1625//195 1624//194
f 1600//170 1599//169 1626//196 1625//195
f 1599//169 1598//168 1627//197 1626//196
f 1598//168 1537//1 1627//197
f 1627//197 1537//1 1628//198
f 1626//196 1627//197 1628//198 1629//199
f 1625//195 1626//196 1629//199 1630//200
f 1624//194 1625//195 1630//200 1631//201
f 1623//193 1624//194 1631//201 1632//202
f 1622//192 1623//193 1632//202 1633//203
f 1621//191 1622//192 1633//203 1634//204
f 1620//190 1621//191 1634//204 1635//205
f 1619//189 1620//190 1635//205 1636//206
f 1618//188 1619//189 1636//206 1637//207
f 1617//187 1618//188 1637//207 1638//208
f 1616//186 1617//187 1638//208 1639//209
f 1615//185 1616//186 1639//209 1640//210
f 1614//184 1615//185 1640//210 1641//211
f 1613//183 1614//184 1641//211 1642//212
f 1913//32 1613//183 1642//212
f 1913//32 1642//212 1643//213
f 1642//212 1641//211 1644//214 1643//213
f 1641//211 1640//210 1645//501 1644//214
f 1640//210 1639//209 1646//216 1645//501
f 1639//209 1638//208 1647//217 1646//216
f 1638//208 1637//207 1648//218 1647//217
f 1637//207 1636//206 1649//219 1648//218
f 1636//206 1635//205 1650//220 1649//219
f 1635//205 1634//204 1651//221 1650//220
f 1634//204 1633//203 1652//222 1651//221
f 1633//203 1632//202 1653//223 1652//222
f 1632//202 1631//201 1654//224 1653//223
f 1631//201 1630//200 1655//225 1654//224
f 1630//200 1629//199 1656//226 1655//225
f 1629//199 1628//198 1657//227 1656//226
f 1628//198 1537//1 1657//227
f 1657//227 1537//1 1658//228
f 1656//226 1657//227 1658//228 1659//229
f 1655//225 1656//226 1659//229 1660//230
f 1654//224 1655//225 1660//230 1661//231
f 1653//223 1654//224 1661//231 1662//232
f 1652//222 1653//223 1662//232 1663//233
f 1651//221 1652//222 1663//233 1664//234
f 1650//220 1651//221 1664//234 1665//235
f 1649//219 1650//220 1665//235 1666//236
f 1648//218 1649//219 1666//236 1667//237
f 1647//217 1648//218 1667//237 1668//238
f 1646//216 1647//217 1668//238 1669//239
f 1645//501 1646//216 1669//239 1670//240
f 1644//214 1645//501 1670//240 1671//241
f 1643//213 1644//214 1671//241 1672//242
f 1913//32 1643//213 1672//242
f 1913//32 1672//242 1673//243
f 1672//242 1671//241 1674//244 1673//243
f 1671//241 1670//240 1675//245 1674//244
f 1670//240 1669//239 1676//246 1675//245
f 1669//239 1668//238 1677//247 1676//246
f 1668//238 1667//237 1678//248 1677//247
f 1667//237 1666//236 1679//249 1678//248
f 1666//236 1665//235 1680//250 1679//249
f 1665//235 1664//234 1681//251 1680//250
f 1664//234 1663//233 1682//252 1681//251
f 1663//233 1662//232 1683//253 1682//252
f 1662//232 1661//231 1684//254 1683//253
f 1661//231 1660//230 1685//255 1684//254
f 1660//230 1659//229 1686//256 1685//255
f 1659//229 1658//228 1687//257 1686//256
f 1658//228 1537//1 1687//257
f 1687//257 1537//1 1688//258
f 1686//256 1687//257 1688//258 1689//259
f 1685//255 1686//256 1689//259 1690//260
f 1684//254 1685//255 1690//260 1691//261
f 1683//253 1684//254 1691//261 1692//262
f 1682//252 1683//253 1692//262 1693//263
f 1681//251 1682//252 1693//263 1694//264
f 1680//250 1681//251 1694//264 1695//265
f 1679//249 1680//250 1695//265 1696//266
f 1678//248 1679//249 1696//266 1697//267
f 1677//247 1678//248 1697//267 1698//268
f 1676//246 1677//247 1698//268 1699//269
f 1675//245 1676//246 1699//269 1700//270
f 1674//244 1675//245 1700//270 1701//271
f 1673//243 1674//244 1701//271 1702//272
f 1913//32 1673//243 1702//272
f 1913//32 1702//272 1703//512
f 1702//272 1701//271 1704//274 1703//512
f 1701//271 1700//270 1705//275 1704//274
f 1700//270 1699//269 1706//276 1705//275
f 1699//269 1698//268 1707//277 1706//276
f 1698//268 1697//267 1708//278 1707//277
f 1697//267 1696//266 1709//279 1708//278
f 1696//266 1695//265 1710//280 1709//279
f 1695//265 1694//264 1711//281 1710//280
f 1694//264 1693//263 1712//282 1711//281
f 1693//263 1692//262 1713//283 1712//282
f 1692//262 1691//261 1714//284 1713//283
f 1691//261 1690//260 1715//285 1714//284
f 1690//260 1689//259 1716//286 1715//285
f 1689//259 1688//258 1717//513 1716//286
f 1688//258 1537//1 1717//513
f 1717//513 1537//1 1718//288
f 1716//286 1717//513 1718//288 1719//289
f 1715//285 1716//286 1719//289 1720//290
f 1714//284 1715//285 1720//290 1721//291
f 1713//283 1714//284 1721//291 1722//292
f 1712//282 1713//283 1722//292 1723//293
f 1711//281 1712//282 1723//293 1724//294
f 1710//280 1711//281 1724//294 1725//295
f 1709//279 1710//280 1725//295 1726//296
f 1708//278 1709//279 1726//296 1727//297
f 1707//277 1708//278 1727//297 1728//298
f 1706//276 1707//277 1728//298 1729//299
f 1705//275 1706//276 1729//299 1730//300
f 1704//274 1705//275 1730//300 1731//301
f 1703//512 1704//274 1731//301 1732//302
f 1913//32 1703//512 1732//302
f 1913//32 1732//302 1733//303
f 1732//302 1731//301 1734//304 1733//303
f 1731//301 1730//300 1735//305 1734//304
f 1730//300 1729//299 1736//306 1735//305
f 1729//299 1728//298 1737//307 1736//306
f 1728//298 1727//297 1738//308 1737//307
f 1727//297 1726//296 1739//309 1738//308
f 1726//296 1725//295 1740//310 1739//309
f 1725//295 1724//294 1741//311 1740//310
f 1724//294 1723//293 1742//312 1741//311
f 1723//293 1722//292 1743//313 1742//312
f 1722//292 1721//291 1744//314 1743//313
f 1721//291 1720//290 1745//315 1744//314
f 1720//290 1719//289 1746//316 1745//315
f 1719//289 1718//288 1747//317 1746//316
f 1718//288 1537//1 1747//317
f 1747//317 1537//1 1748//318
f 1746//316 1747//317 1748//318 1749//319
f 1745//315 1746//316 1749//319 1750//320
f 1744//314 1745//315 1750//320 1751//321
f 1743//313 1744//314 1751//321 1752//322
f 1742//312 1743//313 1752//322 1753//323
f 1741//311 1742//312 1753//323 1754//324
f 1740//310 1741//311 1754//324 1755//325
f 1739//309 1740//310 1755//325 1756//326
f 1738//308 1739//309 1756//326 1757//327
f 1737//307 1738//308 1757//327 1758//328
f 1736//306 1737//307 1758//328 1759//329
f 1735//305 1736//306 1759//329 1760//330
f 1734//304 1735//305 1760//330 1761//331
f 1733//303 1734//304 1761//331 1762//332
f 1913//32 1733//303 1762//332
f 1913//32 1762//332 1763//333
f 1762//332 1761//331 1764//334 1763//333
f 1761//331 1760//330 1765//335 1764//334
f 1760//330 1759//329 1766//336 1765//335
f 1759//329 1758//328 1767//337 1766//336
f 1758//328 1757//327 1768//338 1767//337
f 1757//327 1756//326 1769//339 1768//338
f 1756//326 1755//325 1770//340 1769//339
f 1755//325 1754//324 1771//341 1770//340
f 1754//324 1753//323 1772//342 1771//341
f 1753//323 1752//322 1773//343 1772//342
f 1752//322 1751//321 1774//344 1773//343
f 1751//321 1750//320 1775//345 1774//344
f 1750//320 1749//319 1776//346 1775//345
f 1749//319 1748//318 1777//347 1776//346
f 1748//318 1537//1 1777//347
f 1777//347 1537//1 1778//348
f 1776//346 1777//347 1778//348 1779//349
f 1775//345 1776//346 1779//349 1780//350
f 1774//344 1775//345 1780//350 1781//351
f 1773//343 1774//344 1781//351 1782//352
f 1772//342 1773//343 1782//352 1783//353
f 1771//341 1772//342 1783//353 1784//354
f 1770//340 1771//341 1784//354 1785//355
f 1769//339 1770//340 1785//355 1786//356
f 1768//338 1769//339 1786//356 1787//357
f 1767//337 1768//338 1787//357 1788//358
f 1766//336 1767//337 1788//358 1789//359
f 1765//335 1766//336 1789//359 1790//360
f 1764//334 1765//335 1790//360 1791//361
f 1763//333 1764//334 1791//361 1792//362
f 1913//32 1763//333 1792//362
f 1913//32 1792//362 1793//363
f 1792//362 1791//361 1794//364 1793//363
f 1791//361 1790//360 1795//365 1794//364
f 1790//360 1789//359 1796//366 1795//365
f 1789//359 1788//358 1797//367 1796//366
f 1788//358 1787//357 1798//368 1797//367
f 1787//357 1786//356 1799//369 1798//368
f 1786//356 1785//355 1800//370 1799//369
f 1785//355 1784//354 1801//371 1800//370
f 1784//354 1783//353 1802//372 1801//371
f 1783//353 1782//352 1803//373 1802//372
f 1782//352 1781//351 1804//374 1803//373
f 1781//351 1780//350 1805//375 1804//374
f 1780//350 1779//349 1806//376 1805//375
f 1779//349 1778//348 1807//377 1806//376
f 1778//348 1537//1 1807//377
f 1807//377 1537//1 1808//378
f 1806//376 1807//377 1808//378 1809//379
f 1805//375 1806//376 1809//379 1810//380
f 1804//374 1805//375 1810//380 1811//381
f 1803//373 1804//374 1811//381 1812//382
f 1802//372 1803//373 1812//382 1813//383
f 1801//371 1802//372 1813//383 1814//384
f 1800//370 1801//371 1814//384 1815//385
f 1799//369 1800//370 1815//385 1816//386
f 1798//368 1799//369 1816//386 1817//387
f 1797//367 1798//368 1817//387 1818//388
f 1796//366 1797//367 1818//388 1819//389
f 1795//365 1796//366 1819//389 1820//390
f 1794//364 1795//365 1820//390 1821//391
f 1793//363 1794//364 1821//391 1822//392
f 1913//32 1793//363 1822//392
f 1913//32 1822//392 1823//393
f 1822//392 1821//391 1824//394 1823//393
f 1821//391 1820//390 1825//395 1824//394
f 1820//390 1819//389 1826//396 1825//395
f 1819//389 1818//388 1827//397 1826//396
f 1818//388 1817//387 1828//398 1827//397
f 1817//387 1816//386 1829//399 1828//398
f 1816//386 1815//385 1830//400 1829//399
f 1815//385 1814//384 1831//401 1830//400
f 1814//384 1813//383 1832//402 1831//401
f 1813//383 1812//382 1833//403 1832//402
f 1812//382 1811//381 1834//404 1833//403
f 1811//381 1810//380 1835//405 1834//404
f 1810//380 1809//379 1836//406 1835//405
f 1809//379 1808//378 1837//407 1836//406
f 1808//378 1537//1 1837//407
f 1837//407 1537//1 1838//408
f 1836//406 1837//407 1838//408 1839//409
f 1835//405 1836//406 1839//409 1840//410
f 1834//404 1835//405 1840//410 1841//411
f 1833//403 1834//404 1841//411 1842//412
f 1832//402 1833//403 1842//412 1843//413
f 1831//401 1832//402 1843//413 1844//414
f 1830//400 1831//401 1844//414 1845//415
f 1829//399 1830//400 1845//415 1846//416
f 1828//398 1829//399 1846//416 1847//417
f 1827//397 1828//398 1847//417 1848//418
f 1826//396 1827//397 1848//418 1849//419
f 1825//395 1826//396 1849//419 1850//420
f 1824//394 1825//395 1850//420 1851//421
f 1823//393 1824//394 1851//421 1852//422
f 1913//32 1823//393 1852//422
f 1913//32 1852//422 1853//423
f 1852//422 1851//421 1854//424 1853//423
f 1851//421 1850//420 1855//425 1854//424
f 1850//420 1849//419 1856//514 1855//425
f 1849//419 1848//418 1857//427 1856//514
f 1848//418 1847//417 1858//428 1857//427
f 1847//417 1846//416 1859//429 1858//428
f 1846//416 1845//415 1860//430 1859//429
f 1845//415 1844//414 1861//431 1860//430
f 1844//414 1843//413 1862//432 1861//431
f 1843//413 1842//412 1863//433 1862//432
f 1842//412 1841//411 1864//515 1863//433
f 1841//411 1840//410 1865//435 1864//515
f 1840//410 1839//409 1866//436 1865//435
f 1839//409 1838//408 1867//437 1866//436
f 1838//408 1537//1 1867//437
f 1867//437 1537//1 1868//438
f 1866//436 1867//437 1868//438 1869//439
f 1865//435 1866//436 1869//439 1870//440
f 1864//515 1865//435 1870//440 1871//441
f 1863//433 1864//515 1871//441 1872//442
f 1862//432 1863//433 1872//442 1873//443
f 1861//431 1862//432 1873//443 1874//444
f 1860//430 1861//431 1874//444 1875//445
f 1859//429 1860//430 1875//445 1876//446
f 1858//428 1859//429 1876//446 1877//447
f 1857//427 1858//428 1877//447 1878//448
f 1856//514 1857//427 1878//448 1879//449
f 1855//425 1856//514 1879//449 1880//450
f 1854//424 1855//425 1880//450 1881//451
f 1853//423 1854//424 1881//451 1882//452
f 1913//32 1853//423 1882//452
f 1913//32 1882//452 1883//516
f 1882//452 1881//451 1884//454 1883//516
f 1881//451 1880//450 1885//455 1884//454
f 1880//450 1879//449 1886//517 1885//455
f 1879//449 1878//448 1887//457 1886//517
f 1878//448 1877//447 1888//458 1887//457
f 1877//447 1876//446 1889//459 1888//458
f 1876//446 1875//445 1890//460 1889//459
f 1875//445 1874//444 1891//461 1890//460
f 1874//444 1873//443 1892//462 1891//461
f 1873//443 1872//442 1893//463 1892//462
f 1872//442 1871//441 1894//464 1893//463
f 1871//441 1870//440 1895//465 1894//464
f 1870//440 1869//439 1896//466 1895//465
f 1869//439 1868//438 1897//518 1896//466
f 1868//438 1537//1 1897//518
f 1897//518 1537//1 1898//468
f 1896//466 1897//518 1898//468 1899//469
f 1895//465 1896//466 1899//469 1900//470
f 1894//464 1895//465 1900//470 1901//471
f 1893//463 1894//464 1901//471 1902//472
f 1892//462 1893//463 1902//472 1903//473
f 1891//461 1892//462 1903//473 1904//474
f 1890//460 1891//461 1904//474 1905//475
f 1889//459 1890//460 1905//475 1906//476
f 1888//458 1889//459 1906//476 1907//477
f 1887//457 1888//458 1907//477 1908//478
f 1886//517 1887//457 1908//478 1909//479
f 1885//455 1886//517 1909//479 1910//480
f 1884//454 1885//455 1910//480 1911//481
f 1883//516 1884//454 1911//481 1912//482
f 1913//32 1883//516 1912//482
f 1913//32 1912//482 1914//30
f 1912//482 1911//481 1915//28 1914//30
f 1911//481 1910//480 1916//26 1915//28
f 1910//480 1909//479 1917//24 1916//26
f 1909//479 1908//478 1918//22 1917//24
f 1908//478 1907//477 1919//20 1918//22
f 1907//477 1906//476 1920//18 1919//20
f 1906//476 1905//475 1921//16 1920//18
f 1905//475 1904//474 1922//14 1921//16
f 1904//474 1903//473 1923//12 1922//14
f 1903//473 1902//472 1924//10 1923//12
f 1902//472 1901//471 1925//8 1924//10
f 1901//471 1900//470 1926//6 1925//8
f 1900//470 1899//469 1927//5 1926//6
f 1899//469 1898//468 1928//3 1927//5
f 1898//468 1537//1 1928//3
l 1 2
l 2 3
l 3 4
l 4 5
l 5 6
l 6 7
l 7 8
l 8 9
l 9 10
l 10 11
l 11 12
l 12 13
l 13 14
l 14 15
l 15 16
l 14 17
l 16 17
l 13 18
l 17 18
l 12 19
l 18 19
l 11 20
l 19 20
l 10 21
l 20 21
l 9 22
l 21 22
l 8 23
l 22 23
l 7 24
l 23 24
l 6 25
l 24 25
l 5 26
l 25 26
l 4 27
l 26 27
l 3 28
l 27 28
l 2 29
l 28 29
l 1 30
l 29 30
l 30 31
l 31 32
l 29 32
l 32 33
l 28 33
l 33 34
l 27 34
l 34 35
l 26 35
l 35 36
l 25 36
l 36 37
l 24 37
l 37 38
l 23 38
l 38 39
l 22 39
l 39 40
l 21 40
l 40 41
l 20 41
l 41 42
l 19 42
l 42 43
l 18 43
l 43 44
l 17 44
l 44 45
l 16 45
l 45 46
l 44 47
l 46 47
l 43 48
l 47 48
l 42 49
l 48 49
l 41 50
l 49 50
l 40 51
l 50 51
l 39 52
l 51 52
l 38 53
l 52 53
l 37 54
l 53 54
l 36 55
l 54 55
l 35 56
l 55 56
l 34 57
l 56 57
l 33 58
l 57 58
l 32 59
l 58 59
l 31 60
l 59 60
l 60 61
l 61 62
l 59 62
l 62 63
l 58 63
l 63 64
l 57 64
l 64 65
l 56 65
l 65 66
l 55 66
l 66 67
l 54 67
l 67 68
l 53 68
l 68 69
l 52 69
l 69 70
l 51 70
l 70 71
l 50 71
l 71 72
l 49 72
l 72 73
l 48 73
l 73 74
l 47 74
l 74 75
l 46 75
l 75 76
l 74 77
l 76 77
l 73 78
l 77 78
l 72 79
l 78 79
l 71 80
l 79 80
l 70 81
l 80 81
l 69 82
l 81 82
l 68 83
l 82 83
l 67 84
l 83 84
l 66 85
l 84 85
l 65 86
l 85 86
l 64 87
l 86 87
l 63 88
l 87 88
l 62 89
l 88 89
l 61 90
l 89 90
l 90 91
l 90 92
l 92 93
l 89 93
l 93 94
l 88 94
l 94 95
l 87 95
l 95 96
l 86 96
l 96 97
l 85 97
l 97 98
l 84 98
l 98 99
l 83 99
l 99 100
l 82 100
l 100 101
l 81 101
l 101 102
l 80 102
l 102 103
l 79 103
l 103 104
l 78 104
l 104 105
l 77 105
l 105 106
l 76 106
l 106 107
l 105 108
l 107 108
l 104 109
l 108 109
l 103 110
l 109 110
l 102 111
l 110 111
l 101 112
l 111 112
l 100 113
l 112 113
l 99 114
l 113 114
l 98 115
l 114 115
l 97 116
l 115 116
l 96 117
l 116 117
l 95 118
l 117 118
l 94 119
l 118 119
l 93 120
l 119 120
l 92 121
l 120 121
l 121 122
l 122 123
l 120 123
l 123 124
l 119 124
l 124 125
l 118 125
l 125 126
l 117 126
l 126 127
l 116 127
l 127 128
l 115 128
l 128 129
l 114 129
l 129 130
l 113 130
l 130 131
l 112 131
l 131 132
l 111 132
l 132 133
l 110 133
l 133 134
l 109 134
l 134 135
l 108 135
l 135 136
l 107 136
l 136 137
l 135 138
l 137 138
l 134 139
l 138 139
l 133 140
l 139 140
l 132 141
l 140 141
l 131 142
l 141 142
l 130 143
l 142 143
l 129 144
l 143 144
l 128 145
l 144 145
l 127 146
l 145 146
l 126 147
l 146 147
l 125 148
l 147 148
l 124 149
l 148 149
l 123 150
l 149 150
l 122 151
l 150 151
l 151 152
l 152 153
l 150 153
l 153 154
l 149 154
l 154 155
l 148 155
l 155 156
l 147 156
l 156 157
l 146 157
l 157 158
l 145 158
l 158 159
l 144 159
l 159 160
l 143 160
l 160 161
l 142 161
l 161 162
l 141 162
l 162 163
l 140 163
l 163 164
l 139 164
l 164 165
l 138 165
l 165 166
l 137 166
l 166 167
l 165 168
l 167 168
l 164 169
l 168 169
l 163 170
l 169 170
l 162 171
l 170 171
l 161 172
l 171 172
l 160 173
l 172 173
l 159 174
l 173 174
l 158 175
l 174 175
l 157 176
l 175 176
l 156 177
l 176 177
l 155 178
l 177 178
l 154 179
l 178 179
l 153 180
l 179 180
l 152 181
l 180 181
l 181 182
l 182 183
l 180 183
l 183 184
l 179 184
l 184 185
l 178 185
l 185 186
l 177 186
l 186 187
l 176 187
l 187 188
l 175 188
l 188 189
l 174 189
l 189 190
l 173 190
l 190 191
l 172 191
l 191 192
l 171 192
l 192 193
l 170 193
l 193 194
l 169 194
l 194 195
l 168 195
l 195 196
l 167 196
l 196 197
l 195 198
l 197 198
l 194 199
l 198 199
l 193 200
l 199 200
l 192 201
l 200 201
l 191 202
l 201 202
l 190 203
l 202 203
l 189 204
l 203 204
l 188 205
l 204 205
l 187 206
l 205 206
l 186 207
l 206 207
l 185 208
l 207 208
l 184 209
l 208 209
l 183 210
l 209 210
l 182 211
l 210 211
l 211 212
l 212 213
l 210 213
l 213 214
l 209 214
l 214 215
l 208 215
l 215 216
l 207 216
l 216 217
l 206 217
l 217 218
l 205 218
l 218 219
l 204 219
l 219 220
l 203 220
l 220 221
l 202 221
l 221 222
l 201 222
l 222 223
l 200 223
l 223 224
l 199 224
l 224 225
l 198 225
l 225 226
l 197 226
l 226 227
l 225 228
l 227 228
l 224 229
l 228 229
l 223 230
l 229 230
l 222 231
l 230 231
l 221 232
l 231 232
l 220 233
l 232 233
l 219 234
l 233 234
l 218 235
l 234 235
l 217 236
l 235 236
l 216 237
l 236 237
l 215 238
l 237 238
l 214 239
l 238 239
l 213 240
l 239 240
l 212 241
l 240 241
l 241 242
l 242 243
l 240 243
l 243 244
l 239 244
l 244 245
l 238 245
l 245 246
l 237 246
l 246 247
l 236 247
l 247 248
l 235 248
l 248 249
l 234 249
l 249 250
l 233 250
l 250 251
l 232 251
l 251 252
l 231 252
l 252 253
l 230 253
l 253 254
l 229 254
l 254 255
l 228 255
l 255 256
l 227 256
l 256 257
l 255 258
l 257 258
l 254 259
l 258 259
l 253 260
l 259 260
l 252 261
l 260 261
l 251 262
l 261 262
l 250 263
l 262 263
l 249 264
l 263 264
l 248 265
l 264 265
l 247 266
l 265 266
l 246 267
l 266 267
l 245 268
l 267 268
l 244 269
l 268 269
l 243 270
l 269 270
l 242 271
l 270 271
l 271 272
l 272 273
l 270 273
l 273 274
l 269 274
l 274 275
l 268 275
l 275 276
l 267 276
l 276 277
l 266 277
l 277 278
l 265 278
l 278 279
l 264 279
l 279 280
l 263 280
l 280 281
l 262 281
l 281 282
l 261 282
l 282 283
l 260 283
l 283 284
l 259 284
l 284 285
l 258 285
l 285 286
l 257 286
l 286 287
l 285 288
l 287 288
l 284 289
l 288 289
l 283 290
l 289 290
l 282 291
l 290 291
l 281 292
l 291 292
l 280 293
l 292 293
l 279 294
l 293 294
l 278 295
l 294 295
l 277 296
l 295 296
l 276 297
l 296 297
l 275 298
l 297 298
l 274 299
l 298 299
l 273 300
l 299 300
l 272 301
l 300 301
l 301 302
l 302 303
l 300 303
l 303 304
l 299 304
l 304 305
l 298 305
l 305 306
l 297 306
l 306 307
l 296 307
l 307 308
l 295 308
l 308 309
l 294 309
l 309 310
l 293 310
l 310 311
l 292 311
l 311 312
l 291 312
l 312 313
l 290 313
l 313 314
l 289 314
l 314 315
l 288 315
l 315 316
l 287 316
l 316 317
l 315 318
l 317 318
l 314 319
l 318 319
l 313 320
l 319 320
l 312 321
l 320 321
l 311 322
l 321 322
l 310 323
l 322 323
l 309 324
l 323 324
l 308 325
l 324 325
l 307 326
l 325 326
l 306 327
l 326 327
l 305 328
l 327 328
l 304 329
l 328 329
l 303 330
l 329 330
l 302 331
l 330 331
l 331 332
l 332 333
l 330 333
l 333 334
l 329 334
l 334 335
l 328 335
l 335 336
l 327 336
l 336 337
l 326 337
l 337 338
l 325 338
l 338 339
l 324 339
l 339 340
l 323 340
l 340 341
l 322 341
l 341 342
l 321 342
l 342 343
l 320 343
l 343 344
l 319 344
l 344 345
l 318 345
l 345 346
l 317 346
l 346 347
l 345 348
l 347 348
l 344 349
l 348 349
l 343 350
l 349 350
l 342 351
l 350 351
l 341 352
l 351 352
l 340 353
l 352 353
l 339 354
l 353 354
l 338 355
l 354 355
l 337 356
l 355 356
l 336 357
l 356 357
l 335 358
l 357 358
l 334 359
l 358 359
l 333 360
l 359 360
l 332 361
l 360 361
l 361 362
l 362 363
l 360 363
l 363 364
l 359 364
l 364 365
l 358 365
l 365 366
l 357 366
l 366 367
l 356 367
l 367 368
l 355 368
l 368 369
l 354 369
l 369 370
l 353 370
l 370 371
l 352 371
l 371 372
l 351 372
l 372 373
l 350 373
l 373 374
l 349 374
l 374 375
l 348 375
l 375 376
l 347 376
l 376 377
l 375 378
l 377 378
l 374 379
l 378 379
l 373 380
l 379 380
l 372 381
l 380 381
l 371 382
l 381 382
l 370 383
l 382 383
l 369 384
l 383 384
l 368 385
l 384 385
l 367 386
l 385 386
l 366 387
l 386 387
l 365 388
l 387 388
l 364 389
l 388 389
l 363 390
l 389 390
l 362 391
l 390 391
l 391 392
l 392 393
l 390 393
l 393 394
l 389 394
l 394 395
l 388 395
l 395 396
l 387 396
l 396 397
l 386 397
l 397 398
l 385 398
l 398 399
l 384 399
l 399 400
l 383 400
l 400 401
l 382 401
l 401 402
l 381 402
l 402 403
l 380 403
l 403 404
l 379 404
l 404 405
l 378 405
l 405 406
l 377 406
l 406 407
l 405 408
l 407 408
l 404 409
l 408 409
l 403 410
l 409 410
l 402 411
l 410 411
l 401 412
l 411 412
l 400 413
l 412 413
l 399 414
l 413 414
l 398 415
l 414 415
l 397 416
l 415 416
l 396 417
l 416 417
l 395 418
l 417 418
l 394 419
l 418 419
l 393 420
l 419 420
l 392 421
l 420 421
l 421 422
l 422 423
l 420 423
l 423 424
l 419 424
l 424 425
l 418 425
l 425 426
l 417 426
l 426 427
l 416 427
l 427 428
l 415 428
l 428 429
l 414 429
l 429 430
l 413 430
l 430 431
l 412 431
l 431 432
l 411 432
l 432 433
l 410 433
l 433 434
l 409 434
l 434 435
l 408 435
l 435 436
l 407 436
l 436 437
l 435 438
l 437 438
l 434 439
l 438 439
l 433 440
l 439 440
l 432 441
l 440 441
l 431 442
l 441 442
l 430 443
l 442 443
l 429 444
l 443 444
l 428 445
l 444 445
l 427 446
l 445 446
l 426 447
l 446 447
l 425 448
l 447 448
l 424 449
l 448 449
l 423 450
l 449 450
l 422 451
l 450 451
l 451 452
l 452 453
l 450 453
l 453 454
l 449 454
l 454 455
l 448 455
l 455 456
l 447 456
l 456 457
l 446 457
l 457 458
l 445 458
l 458 459
l 444 459
l 459 460
l 443 460
l 460 461
l 442 461
l 461 462
l 441 462
l 462 463
l 440 463
l 463 464
l 439 464
l 464 465
l 438 465
l 465 466
l 437 466
l 466 467
l 466 468
l 465 469
l 468 469
l 464 470
l 469 470
l 463 471
l 470 471
l 462 472
l 471 472
l 461 473
l 472 473
l 460 474
l 473 474
l 459 475
l 474 475
l 458 476
l 475 476
l 457 477
l 476 477
l 456 478
l 477 478
l 455 479
l 478 479
l 454 480
l 479 480
l 453 481
l 480 481
l 452 482
l 481 482
l 91 482
l 467 468
l 91 452
l 91 451
l 437 467
l 436 467
l 91 422
l 91 421
l 407 467
l 406 467
l 91 392
l 91 391
l 377 467
l 376 467
l 91 362
l 91 361
l 347 467
l 346 467
l 91 332
l 91 331
l 317 467
l 316 467
l 91 302
l 91 301
l 287 467
l 286 467
l 91 272
l 91 271
l 257 467
l 256 467
l 91 242
l 91 241
l 227 467
l 226 467
l 91 212
l 91 211
l 197 467
l 196 467
l 91 182
l 91 181
l 167 467
l 166 467
l 91 152
l 91 151
l 137 467
l 136 467
l 91 122
l 91 121
l 107 467
l 106 467
l 91 92
l 76 467
l 75 467
l 61 91
l 60 91
l 46 467
l 45 467
l 31 91
l 30 91
l 16 467
l 15 467
l 15 468
l 14 469
l 13 470
l 12 471
l 11 472
l 10 473
l 9 474
l 8 475
l 7 476
l 6 477
l 5 478
l 4 479
l 3 480
l 2 481
l 1 482
l 1 91
l 483 484
l 484 485
l 485 486
l 486 487
l 487 488
l 488 489
l 489 490
l 490 491
l 491 492
l 492 493
l 493 494
l 494 495
l 495 496
l 496 497
l 497 498
l 496 499
l 498 499
l 495 500
l 499 500
l 494 501
l 500 501
l 493 502
l 501 502
l 492 503
l 502 503
l 491 504
l 503 504
l 490 505
l 504 505
l 489 506
l 505 506
l 488 507
l 506 507
l 487 508
l 507 508
l 486 509
l 508 509
l 485 510
l 509 510
l 484 511
l 510 511
l 483 512
l 511 512
l 512 513
l 513 514
l 511 514
l 514 515
l 510 515
l 515 516
l 509 516
l 516 517
l 508 517
l 517 518
l 507 518
l 518 519
l 506 519
l 519 520
l 505 520
l 520 521
l 504 521
l 521 522
l 503 522
l 522 523
l 502 523
l 523 524
l 501 524
l 524 525
l 500 525
l 525 526
l 499 526
l 526 527
l 498 527
l 527 528
l 526 529
l 528 529
l 525 530
l 529 530
l 524 531
l 530 531
l 523 532
l 531 532
l 522 533
l 532 533
l 521 534
l 533 534
l 520 535
l 534 535
l 519 536
l 535 536
l 518 537
l 536 537
l 517 538
l 537 538
l 516 539
l 538 539
l 515 540
l 539 540
l 514 541
l 540 541
l 513 542
l 541 542
l 542 543
l 543 544
l 541 544
l 544 545
l 540 545
l 545 546
l 539 546
l 546 547
l 538 547
l 547 548
l 537 548
l 548 549
l 536 549
l 549 550
l 535 550
l 550 551
l 534 551
l 551 552
l 533 552
l 552 553
l 532 553
l 553 554
l 531 554
l 554 555
l 530 555
l 555 556
l 529 556
l 556 557
l 528 557
l 557 558
l 556 559
l 558 559
l 555 560
l 559 560
l 554 561
l 560 561
l 553 562
l 561 562
l 552 563
l 562 563
l 551 564
l 563 564
l 550 565
l 564 565
l 549 566
l 565 566
l 548 567
l 566 567
l 547 568
l 567 568
l 546 569
l 568 569
l 545 570
l 569 570
l 544 571
l 570 571
l 543 572
l 571 572
l 572 573
l 572 574
l 574 575
l 571 575
l 575 576
l 570 576
l 576 577
l 569 577
l 577 578
l 568 578
l 578 579
l 567 579
l 579 580
l 566 580
l 580 581
l 565 581
l 581 582
l 564 582
l 582 583
l 563 583
l 583 584
l 562 584
l 584 585
l 561 585
l 585 586
l 560 586
l 586 587
l 559 587
l 587 588
l 558 588
l 588 589
l 587 590
l 589 590
l 586 591
l 590 591
l 585 592
l 591 592
l 584 593
l 592 593
l 583 594
l 593 594
l 582 595
l 594 595
l 581 596
l 595 596
l 580 597
l 596 597
l 579 598
l 597 598
l 578 599
l 598 599
l 577 600
l 599 600
l 576 601
l 600 601
l 575 602
l 601 602
l 574 603
l 602 603
l 603 604
l 604 605
l 602 605
l 605 606
l 601 606
l 606 607
l 600 607
l 607 608
l 599 608
l 608 609
l 598 609
l 609 610
l 597 610
l 610 611
l 596 611
l 611 612
l 595 612
l 612 613
l 594 613
l 613 614
l 593 614
l 614 615
l 592 615
l 615 616
l 591 616
l 616 617
l 590 617
l 617 618
l 589 618
l 618 619
l 617 620
l 619 620
l 616 621
l 620 621
l 615 622
l 621 622
l 614 623
l 622 623
l 613 624
l 623 624
l 612 625
l 624 625
l 611 626
l 625 626
l 610 627
l 626 627
l 609 628
l 627 628
l 608 629
l 628 629
l 607 630
l 629 630
l 606 631
l 630 631
l 605 632
l 631 632
l 604 633
l 632 633
l 633 634
l 634 635
l 632 635
l 635 636
l 631 636
l 636 637
l 630 637
l 637 638
l 629 638
l 638 639
l 628 639
l 639 640
l 627 640
l 640 641
l 626 641
l 641 642
l 625 642
l 642 643
l 624 643
l 643 644
l 623 644
l 644 645
l 622 645
l 645 646
l 621 646
l 646 647
l 620 647
l 647 648
l 619 648
l 648 649
l 647 650
l 649 650
l 646 651
l 650 651
l 645 652
l 651 652
l 644 653
l 652 653
l 643 654
l 653 654
l 642 655
l 654 655
l 641 656
l 655 656
l 640 657
l 656 657
l 639 658
l 657 658
l 638 659
l 658 659
l 637 660
l 659 660
l 636 661
l 660 661
l 635 662
l 661 662
l 634 663
l 662 663
l 663 664
l 664 665
l 662 665
l 665 666
l 661 666
l 666 667
l 660 667
l 667 668
l 659 668
l 668 669
l 658 669
l 669 670
l 657 670
l 670 671
l 656 671
l 671 672
l 655 672
l 672 673
l 654 673
l 673 674
l 653 674
l 674 675
l 652 675
l 675 676
l 651 676
l 676 677
l 650 677
l 677 678
l 649 678
l 678 679
l 677 680
l 679 680
l 676 681
l 680 681
l 675 682
l 681 682
l 674 683
l 682 683
l 673 684
l 683 684
l 672 685
l 684 685
l 671 686
l 685 686
l 670 687
l 686 687
l 669 688
l 687 688
l 668 689
l 688 689
l 667 690
l 689 690
l 666 691
l 690 691
l 665 692
l 691 692
l 664 693
l 692 693
l 693 694
l 694 695
l 692 695
l 695 696
l 691 696
l 696 697
l 690 697
l 697 698
l 689 698
l 698 699
l 688 699
l 699 700
l 687 700
l 700 701
l 686 701
l 701 702
l 685 702
l 702 703
l 684 703
l 703 704
l 683 704
l 704 705
l 682 705
l 705 706
l 681 706
l 706 707
l 680 707
l 707 708
l 679 708
l 708 709
l 707 710
l 709 710
l 706 711
l 710 711
l 705 712
l 711 712
l 704 713
l 712 713
l 703 714
l 713 714
l 702 715
l 714 715
l 701 716
l 715 716
l 700 717
l 716 717
l 699 718
l 717 718
l 698 719
l 718 719
l 697 720
l 719 720
l 696 721
l 720 721
l 695 722
l 721 722
l 694 723
l 722 723
l 723 724
l 724 725
l 722 725
l 725 726
l 721 726
l 726 727
l 720 727
l 727 728
l 719 728
l 728 729
l 718 729
l 729 730
l 717 730
l 730 731
l 716 731
l 731 732
l 715 732
l 732 733
l 714 733
l 733 734
l 713 734
l 734 735
l 712 735
l 735 736
l 711 736
l 736 737
l 710 737
l 737 738
l 709 738
l 738 739
l 737 740
l 739 740
l 736 741
l 740 741
l 735 742
l 741 742
l 734 743
l 742 743
l 733 744
l 743 744
l 732 745
l 744 745
l 731 746
l 745 746
l 730 747
l 746 747
l 729 748
l 747 748
l 728 749
l 748 749
l 727 750
l 749 750
l 726 751
l 750 751
l 725 752
l 751 752
l 724 753
l 752 753
l 753 754
l 754 755
l 752 755
l 755 756
l 751 756
l 756 757
l 750 757
l 757 758
l 749 758
l 758 759
l 748 759
l 759 760
l 747 760
l 760 761
l 746 761
l 761 762
l 745 762
l 762 763
l 744 763
l 763 764
l 743 764
l 764 765
l 742 765
l 765 766
l 741 766
l 766 767
l 740 767
l 767 768
l 739 768
l 768 769
l 767 770
l 769 770
l 766 771
l 770 771
l 765 772
l 771 772
l 764 773
l 772 773
l 763 774
l 773 774
l 762 775
l 774 775
l 761 776
l 775 776
l 760 777
l 776 777
l 759 778
l 777 778
l 758 779
l 778 779
l 757 780
l 779 780
l 756 781
l 780 781
l 755 782
l 781 782
l 754 783
l 782 783
l 783 784
l 784 785
l 782 785
l 785 786
l 781 786
l 786 787
l 780 787
l 787 788
l 779 788
l 788 789
l 778 789
l 789 790
l 777 790
l 790 791
l 776 791
l 791 792
l 775 792
l 792 793
l 774 793
l 793 794
l 773 794
l 794 795
l 772 795
l 795 796
l 771 796
l 796 797
l 770 797
l 797 798
l 769 798
l 798 799
l 797 800
l 799 800
l 796 801
l 800 801
l 795 802
l 801 802
l 794 803
l 802 803
l 793 804
l 803 804
l 792 805
l 804 805
l 791 806
l 805 806
l 790 807
l 806 807
l 789 808
l 807 808
l 788 809
l 808 809
l 787 810
l 809 810
l 786 811
l 810 811
l 785 812
l 811 812
l 784 813
l 812 813
l 813 814
l 814 815
l 812 815
l 815 816
l 811 816
l 816 817
l 810 817
l 817 818
l 809 818
l 818 819
l 808 819
l 819 820
l 807 820
l 820 821
l 806 821
l 821 822
l 805 822
l 822 823
l 804 823
l 823 824
l 803 824
l 824 825
l 802 825
l 825 826
l 801 826
l 826 827
l 800 827
l 827 828
l 799 828
l 828 829
l 827 830
l 829 830
l 826 831
l 830 831
l 825 832
l 831 832
l 824 833
l 832 833
l 823 834
l 833 834
l 822 835
l 834 835
l 821 836
l 835 836
l 820 837
l 836 837
l 819 838
l 837 838
l 818 839
l 838 839
l 817 840
l 839 840
l 816 841
l 840 841
l 815 842
l 841 842
l 814 843
l 842 843
l 843 844
l 844 845
l 842 845
l 845 846
l 841 846
l 846 847
l 840 847
l 847 848
l 839 848
l 848 849
l 838 849
l 849 850
l 837 850
l 850 851
l 836 851
l 851 852
l 835 852
l 852 853
l 834 853
l 853 854
l 833 854
l 854 855
l 832 855
l 855 856
l 831 856
l 856 857
l 830 857
l 857 858
l 829 858
l 858 859
l 857 860
l 859 860
l 856 861
l 860 861
l 855 862
l 861 862
l 854 863
l 862 863
l 853 864
l 863 864
l 852 865
l 864 865
l 851 866
l 865 866
l 850 867
l 866 867
l 849 868
l 867 868
l 848 869
l 868 869
l 847 870
l 869 870
l 846 871
l 870 871
l 845 872
l 871 872
l 844 873
l 872 873
l 873 874
l 874 875
l 872 875
l 875 876
l 871 876
l 876 877
l 870 877
l 877 878
l 869 878
l 878 879
l 868 879
l 879 880
l 867 880
l 880 881
l 866 881
l 881 882
l 865 882
l 882 883
l 864 883
l 883 884
l 863 884
l 884 885
l 862 885
l 885 886
l 861 886
l 886 887
l 860 887
l 887 888
l 859 888
l 888 889
l 887 890
l 889 890
l 886 891
l 890 891
l 885 892
l 891 892
l 884 893
l 892 893
l 883 894
l 893 894
l 882 895
l 894 895
l 881 896
l 895 896
l 880 897
l 896 897
l 879 898
l 897 898
l 878 899
l 898 899
l 877 900
l 899 900
l 876 901
l 900 901
l 875 902
l 901 902
l 874 903
l 902 903
l 903 904
l 904 905
l 902 905
l 905 906
l 901 906
l 906 907
l 900 907
l 907 908
l 899 908
l 908 909
l 898 909
l 909 910
l 897 910
l 910 911
l 896 911
l 911 912
l 895 912
l 912 913
l 894 913
l 913 914
l 893 914
l 914 915
l 892 915
l 915 916
l 891 916
l 916 917
l 890 917
l 917 918
l 889 918
l 918 919
l 917 920
l 919 920
l 916 921
l 920 921
l 915 922
l 921 922
l 914 923
l 922 923
l 913 924
l 923 924
l 912 925
l 924 925
l 911 926
l 925 926
l 910 927
l 926 927
l 909 928
l 927 928
l 908 929
l 928 929
l 907 930
l 929 930
l 906 931
l 930 931
l 905 932
l 931 932
l 904 933
l 932 933
l 933 934
l 934 935
l 932 935
l 935 936
l 931 936
l 936 937
l 930 937
l 937 938
l 929 938
l 938 939
l 928 939
l 939 940
l 927 940
l 940 941
l 926 941
l 941 942
l 925 942
l 942 943
l 924 943
l 943 944
l 923 944
l 944 945
l 922 945
l 945 946
l 921 946
l 946 947
l 920 947
l 947 948
l 919 948
l 948 949
l 948 950
l 947 951
l 950 951
l 946 952
l 951 952
l 945 953
l 952 953
l 944 954
l 953 954
l 943 955
l 954 955
l 942 956
l 955 956
l 941 957
l 956 957
l 940 958
l 957 958
l 939 959
l 958 959
l 938 960
l 959 960
l 937 961
l 960 961
l 936 962
l 961 962
l 935 963
l 962 963
l 934 964
l 963 964
l 573 964
l 949 950
l 573 934
l 573 933
l 919 949
l 918 949
l 573 904
l 573 903
l 889 949
l 888 949
l 573 874
l 573 873
l 859 949
l 858 949
l 573 844
l 573 843
l 829 949
l 828 949
l 573 814
l 573 813
l 799 949
l 798 949
l 573 784
l 573 783
l 769 949
l 768 949
l 573 754
l 573 753
l 739 949
l 738 949
l 573 724
l 573 723
l 709 949
l 708 949
l 573 694
l 573 693
l 679 949
l 678 949
l 573 664
l 573 663
l 649 949
l 648 949
l 573 634
l 573 633
l 619 949
l 618 949
l 573 604
l 573 603
l 589 949
l 588 949
l 573 574
l 558 949
l 557 949
l 543 573
l 542 573
l 528 949
l 527 949
l 513 573
l 512 573
l 498 949
l 497 949
l 497 950
l 496 951
l 495 952
l 494 953
l 493 954
l 492 955
l 491 956
l 490 957
l 489 958
l 488 959
l 487 960
l 486 961
l 485 962
l 484 963
l 483 964
l 483 573
l 965 966
l 966 967
l 967 968
l 968 969
l 969 970
l 970 971
l 971 972
l 972 973
l 973 974
l 974 975
l 975 976
l 976 977
l 977 978
l 978 979
l 979 980
l 978 981
l 980 981
l 977 982
l 981 982
l 976 983
l 982 983
l 975 984
l 983 984
l 974 985
l 984 985
l 973 986
l 985 986
l 972 987
l 986 987
l 971 988
l 987 988
l 970 989
l 988 989
l 969 990
l 989 990
l 968 991
l 990 991
l 967 992
l 991 992
l 966 993
l 992 993
l 965 994
l 993 994
l 994 995
l 995 996
l 993 996
l 996 997
l 992 997
l 997 998
l 991 998
l 998 999
l 990 999
l 999 1000
l 989 1000
l 1000 1001
l 988 1001
l 1001 1002
l 987 1002
l 1002 1003
l 986 1003
l 1003 1004
l 985 1004
l 1004 1005
l 984 1005
l 1005 1006
l 983 1006
l 1006 1007
l 982 1007
l 1007 1008
l 981 1008
l 1008 1009
l 980 1009
l 1009 1010
l 1008 1011
l 1010 1011
l 1007 1012
l 1011 1012
l 1006 1013
l 1012 1013
l 1005 1014
l 1013 1014
l 1004 1015
l 1014 1015
l 1003 1016
l 1015 1016
l 1002 1017
l 1016 1017
l 1001 1018
l 1017 1018
l 1000 1019
l 1018 1019
l 999 1020
l 1019 1020
l 998 1021
l 1020 1021
l 997 1022
l 1021 1022
l 996 1023
l 1022 1023
l 995 1024
l 1023 1024
l 1024 1025
l 1025 1026
l 1023 1026
l 1026 1027
l 1022 1027
l 1027 1028
l 1021 1028
l 1028 1029
l 1020 1029
l 1029 1030
l 1019 1030
l 1030 1031
l 1018 1031
l 1031 1032
l 1017 1032
l 1032 1033
l 1016 1033
l 1033 1034
l 1015 1034
l 1034 1035
l 1014 1035
l 1035 1036
l 1013 1036
l 1036 1037
l 1012 1037
l 1037 1038
l 1011 1038
l 1038 1039
l 1010 1039
l 1039 1040
l 1038 1041
l 1040 1041
l 1037 1042
l 1041 1042
l 1036 1043
l 1042 1043
l 1035 1044
l 1043 1044
l 1034 1045
l 1044 1045
l 1033 1046
l 1045 1046
l 1032 1047
l 1046 1047
l 1031 1048
l 1047 1048
l 1030 1049
l 1048 1049
l 1029 1050
l 1049 1050
l 1028 1051
l 1050 1051
l 1027 1052
l 1051 1052
l 1026 1053
l 1052 1053
l 1025 1054
l 1053 1054
l 1054 1055
l 1054 1056
l 1056 1057
l 1053 1057
l 1057 1058
l 1052 1058
l 1058 1059
l 1051 1059
l 1059 1060
l 1050 1060
l 1060 1061
l 1049 1061
l 1061 1062
l 1048 1062
l 1062 1063
l 1047 1063
l 1063 1064
l 1046 1064
l 1064 1065
l 1045 1065
l 1065 1066
l 1044 1066
l 1066 1067
l 1043 1067
l 1067 1068
l 1042 1068
l 1068 1069
l 1041 1069
l 1069 1070
l 1040 1070
l 1070 1071
l 1069 1072
l 1071 1072
l 1068 1073
l 1072 1073
l 1067 1074
l 1073 1074
l 1066 1075
l 1074 1075
l 1065 1076
l 1075 1076
l 1064 1077
l 1076 1077
l 1063 1078
l 1077 1078
l 1062 1079
l 1078 1079
l 1061 1080
l 1079 1080
l 1060 1081
l 1080 1081
l 1059 1082
l 1081 1082
l 1058 1083
l 1082 1083
l 1057 1084
l 1083 1084
l 1056 1085
l 1084 1085
l 1085 1086
l 1086 1087
l 1084 1087
l 1087 1088
l 1083 1088
l 1088 1089
l 1082 1089
l 1089 1090
l 1081 1090
l 1090 1091
l 1080 1091
l 1091 1092
l 1079 1092
l 1092 1093
l 1078 1093
l 1093 1094
l 1077 1094
l 1094 1095
l 1076 1095
l 1095 1096
l 1075 1096
l 1096 1097
l 1074 1097
l 1097 1098
l 1073 1098
l 1098 1099
l 1072 1099
l 1099 1100
l 1071 1100
l 1100 1101
l 1099 1102
l 1101 1102
l 1098 1103
l 1102 1103
l 1097 1104
l 1103 1104
l 1096 1105
l 1104 1105
l 1095 1106
l 1105 1106
l 1094 1107
l 1106 1107
l 1093 1108
l 1107 1108
l 1092 1109
l 1108 1109
l 1091 1110
l 1109 1110
l 1090 1111
l 1110 1111
l 1089 1112
l 1111 1112
l 1088 1113
l 1112 1113
l 1087 1114
l 1113 1114
l 1086 1115
l 1114 1115
l 1115 1116
l 1116 1117
l 1114 1117
l 1117 1118
l 1113 1118
l 1118 1119
l 1112 1119
l 1119 1120
l 1111 1120
l 1120 1121
l 1110 1121
l 1121 1122
l 1109 1122
l 1122 1123
l 1108 1123
l 1123 1124
l 1107 1124
l 1124 1125
l 1106 1125
l 1125 1126
l 1105 1126
l 1126 1127
l 1104 1127
l 1127 1128
l 1103 1128
l 1128 1129
l 1102 1129
l 1129 1130
l 1101 1130
l 1130 1131
l 1129 1132
l 1131 1132
l 1128 1133
l 1132 1133
l 1127 1134
l 1133 1134
l 1126 1135
l 1134 1135
l 1125 1136
l 1135 1136
l 1124 1137
l 1136 1137
l 1123 1138
l 1137 1138
l 1122 1139
l 1138 1139
l 1121 1140
l 1139 1140
l 1120 1141
l 1140 1141
l 1119 1142
l 1141 1142
l 1118 1143
l 1142 1143
l 1117 1144
l 1143 1144
l 1116 1145
l 1144 1145
l 1145 1146
l 1146 1147
l 1144 1147
l 1147 1148
l 1143 1148
l 1148 1149
l 1142 1149
l 1149 1150
l 1141 1150
l 1150 1151
l 1140 1151
l 1151 1152
l 1139 1152
l 1152 1153
l 1138 1153
l 1153 1154
l 1137 1154
l 1154 1155
l 1136 1155
l 1155 1156
l 1135 1156
l 1156 1157
l 1134 1157
l 1157 1158
l 1133 1158
l 1158 1159
l 1132 1159
l 1159 1160
l 1131 1160
l 1160 1161
l 1159 1162
l 1161 1162
l 1158 1163
l 1162 1163
l 1157 1164
l 1163 1164
l 1156 1165
l 1164 1165
l 1155 1166
l 1165 1166
l 1154 1167
l 1166 1167
l 1153 1168
l 1167 1168
l 1152 1169
l 1168 1169
l 1151 1170
l 1169 1170
l 1150 1171
l 1170 1171
l 1149 1172
l 1171 1172
l 1148 1173
l 1172 1173
l 1147 1174
l 1173 1174
l 1146 1175
l 1174 1175
l 1175 1176
l 1176 1177
l 1174 1177
l 1177 1178
l 1173 1178
l 1178 1179
l 1172 1179
l 1179 1180
l 1171 1180
l 1180 1181
l 1170 1181
l 1181 1182
l 1169 1182
l 1182 1183
l 1168 1183
l 1183 1184
l 1167 1184
l 1184 1185
l 1166 1185
l 1185 1186
l 1165 1186
l 1186 1187
l 1164 1187
l 1187 1188
l 1163 1188
l 1188 1189
l 1162 1189
l 1189 1190
l 1161 1190
l 1190 1191
l 1189 1192
l 1191 1192
l 1188 1193
l 1192 1193
l 1187 1194
l 1193 1194
l 1186 1195
l 1194 1195
l 1185 1196
l 1195 1196
l 1184 1197
l 1196 1197
l 1183 1198
l 1197 1198
l 1182 1199
l 1198 1199
l 1181 1200
l 1199 1200
l 1180 1201
l 1200 1201
l 1179 1202
l 1201 1202
l 1178 1203
l 1202 1203
l 1177 1204
l 1203 1204
l 1176 1205
l 1204 1205
l 1205 1206
l 1206 1207
l 1204 1207
l 1207 1208
l 1203 1208
l 1208 1209
l 1202 1209
l 1209 1210
l 1201 1210
l 1210 1211
l 1200 1211
l 1211 1212
l 1199 1212
l 1212 1213
l 1198 1213
l 1213 1214
l 1197 1214
l 1214 1215
l 1196 1215
l 1215 1216
l 1195 1216
l 1216 1217
l 1194 1217
l 1217 1218
l 1193 1218
l 1218 1219
l 1192 1219
l 1219 1220
l 1191 1220
l 1220 1221
l 1219 1222
l 1221 1222
l 1218 1223
l 1222 1223
l 1217 1224
l 1223 1224
l 1216 1225
l 1224 1225
l 1215 1226
l 1225 1226
l 1214 1227
l 1226 1227
l 1213 1228
l 1227 1228
l 1212 1229
l 1228 1229
l 1211 1230
l 1229 1230
l 1210 1231
l 1230 1231
l 1209 1232
l 1231 1232
l 1208 1233
l 1232 1233
l 1207 1234
l 1233 1234
l 1206 1235
l 1234 1235
l 1235 1236
l 1236 1237
l 1234 1237
l 1237 1238
l 1233 1238
l 1238 1239
l 1232 1239
l 1239 1240
l 1231 1240
l 1240 1241
l 1230 1241
l 1241 1242
l 1229 1242
l 1242 1243
l 1228 1243
l 1243 1244
l 1227 1244
l 1244 1245
l 1226 1245
l 1245 1246
l 1225 1246
l 1246 1247
l 1224 1247
l 1247 1248
l 1223 1248
l 1248 1249
l 1222 1249
l 1249 1250
l 1221 1250
l 1250 1251
l 1249 1252
l 1251 1252
l 1248 1253
l 1252 1253
l 1247 1254
l 1253 1254
l 1246 1255
l 1254 1255
l 1245 1256
l 1255 1256
l 1244 1257
l 1256 1257
l 1243 1258
l 1257 1258
l 1242 1259
l 1258 1259
l 1241 1260
l 1259 1260
l 1240 1261
l 1260 1261
l 1239 1262
l 1261 1262
l 1238 1263
l 1262 1263
l 1237 1264
l 1263 1264
l 1236 1265
l 1264 1265
l 1265 1266
l 1266 1267
l 1264 1267
l 1267 1268
l 1263 1268
l 1268 1269
l 1262 1269
l 1269 1270
l 1261 1270
l 1270 1271
l 1260 1271
l 1271 1272
l 1259 1272
l 1272 1273
l 1258 1273
l 1273 1274
l 1257 1274
l 1274 1275
l 1256 1275
l 1275 1276
l 1255 1276
l 1276 1277
l 1254 1277
l 1277 1278
l 1253 1278
l 1278 1279
l 1252 1279
l 1279 1280
l 1251 1280
l 1280 1281
l 1279 1282
l 1281 1282
l 1278 1283
l 1282 1283
l 1277 1284
l 1283 1284
l 1276 1285
l 1284 1285
l 1275 1286
l 1285 1286
l 1274 1287
l 1286 1287
l 1273 1288
l 1287 1288
l 1272 1289
l 1288 1289
l 1271 1290
l 1289 1290
l 1270 1291
l 1290 1291
l 1269 1292
l 1291 1292
l 1268 1293
l 1292 1293
l 1267 1294
l 1293 1294
l 1266 1295
l 1294 1295
l 1295 1296
l 1296 1297
l 1294 1297
l 1297 1298
l 1293 1298
l 1298 1299
l 1292 1299
l 1299 1300
l 1291 1300
l 1300 1301
l 1290 1301
l 1301 1302
l 1289 1302
l 1302 1303
l 1288 1303
l 1303 1304
l 1287 1304
l 1304 1305
l 1286 1305
l 1305 1306
l 1285 1306
l 1306 1307
l 1284 1307
l 1307 1308
l 1283 1308
l 1308 1309
l 1282 1309
l 1309 1310
l 1281 1310
l 1310 1311
l 1309 1312
l 1311 1312
l 1308 1313
l 1312 1313
l 1307 1314
l 1313 1314
l 1306 1315
l 1314 1315
l 1305 1316
l 1315 1316
l 1304 1317
l 1316 1317
l 1303 1318
l 1317 1318
l 1302 1319
l 1318 1319
l 1301 1320
l 1319 1320
l 1300 1321
l 1320 1321
l 1299 1322
l 1321 1322
l 1298 1323
l 1322 1323
l 1297 1324
l 1323 1324
l 1296 1325
l 1324 1325
l 1325 1326
l 1326 1327
l 1324 1327
l 1327 1328
l 1323 1328
l 1328 1329
l 1322 1329
l 1329 1330
l 1321 1330
l 1330 1331
l 1320 1331
l 1331 1332
l 1319 1332
l 1332 1333
l 1318 1333
l 1333 1334
l 1317 1334
l 1334 1335
l 1316 1335
l 1335 1336
l 1315 1336
l 1336 1337
l 1314 1337
l 1337 1338
l 1313 1338
l 1338 1339
l 1312 1339
l 1339 1340
l 1311 1340
l 1340 1341
l 1339 1342
l 1341 1342
l 1338 1343
l 1342 1343
l 1337 1344
l 1343 1344
l 1336 1345
l 1344 1345
l 1335 1346
l 1345 1346
l 1334 1347
l 1346 1347
l 1333 1348
l 1347 1348
l 1332 1349
l 1348 1349
l 1331 1350
l 1349 1350
l 1330 1351
l 1350 1351
l 1329 1352
l 1351 1352
l 1328 1353
l 1352 1353
l 1327 1354
l 1353 1354
l 1326 1355
l 1354 1355
l 1355 1356
l 1356 1357
l 1354 1357
l 1357 1358
l 1353 1358
l 1358 1359
l 1352 1359
l 1359 1360
l 1351 1360
l 1360 1361
l 1350 1361
l 1361 1362
l 1349 1362
l 1362 1363
l 1348 1363
l 1363 1364
l 1347 1364
l 1364 1365
l 1346 1365
l 1365 1366
l 1345 1366
l 1366 1367
l 1344 1367
l 1367 1368
l 1343 1368
l 1368 1369
l 1342 1369
l 1369 1370
l 1341 1370
l 1370 1371
l 1369 1372
l 1371 1372
l 1368 1373
l 1372 1373
l 1367 1374
l 1373 1374
l 1366 1375
l 1374 1375
l 1365 1376
l 1375 1376
l 1364 1377
l 1376 1377
l 1363 1378
l 1377 1378
l 1362 1379
l 1378 1379
l 1361 1380
l 1379 1380
l 1360 1381
l 1380 1381
l 1359 1382
l 1381 1382
l 1358 1383
l 1382 1383
l 1357 1384
l 1383 1384
l 1356 1385
l 1384 1385
l 1385 1386
l 1386 1387
l 1384 1387
l 1387 1388
l 1383 1388
l 1388 1389
l 1382 1389
l 1389 1390
l 1381 1390
l 1390 1391
l 1380 1391
l 1391 1392
l 1379 1392
l 1392 1393
l 1378 1393
l 1393 1394
l 1377 1394
l 1394 1395
l 1376 1395
l 1395 1396
l 1375 1396
l 1396 1397
l 1374 1397
l 1397 1398
l 1373 1398
l 1398 1399
l 1372 1399
l 1399 1400
l 1371 1400
l 1400 1401
l 1399 1402
l 1401 1402
l 1398 1403
l 1402 1403
l 1397 1404
l 1403 1404
l 1396 1405
l 1404 1405
l 1395 1406
l 1405 1406
l 1394 1407
l 1406 1407
l 1393 1408
l 1407 1408
l 1392 1409
l 1408 1409
l 1391 1410
l 1409 1410
l 1390 1411
l 1410 1411
l 1389 1412
l 1411 1412
l 1388 1413
l 1412 1413
l 1387 1414
l 1413 1414
l 1386 1415
l 1414 1415
l 1415 1416
l 1416 1417
l 1414 1417
l 1417 1418
l 1413 1418
l 1418 1419
l 1412 1419
l 1419 1420
l 1411 1420
l 1420 1421
l 1410 1421
l 1421 1422
l 1409 1422
l 1422 1423
l 1408 1423
l 1423 1424
l 1407 1424
l 1424 1425
l 1406 1425
l 1425 1426
l 1405 1426
l 1426 1427
l 1404 1427
l 1427 1428
l 1403 1428
l 1428 1429
l 1402 1429
l 1429 1430
l 1401 1430
l 1430 1431
l 1430 1432
l 1429 1433
l 1432 1433
l 1428 1434
l 1433 1434
l 1427 1435
l 1434 1435
l 1426 1436
l 1435 1436
l 1425 1437
l 1436 1437
l 1424 1438
l 1437 1438
l 1423 1439
l 1438 1439
l 1422 1440
l 1439 1440
l 1421 1441
l 1440 1441
l 1420 1442
l 1441 1442
l 1419 1443
l 1442 1443
l 1418 1444
l 1443 1444
l 1417 1445
l 1444 1445
l 1416 1446
l 1445 1446
l 1055 1446
l 1431 1432
l 1055 1416
l 1055 1415
l 1401 1431
l 1400 1431
l 1055 1386
l 1055 1385
l 1371 1431
l 1370 1431
l 1055 1356
l 1055 1355
l 1341 1431
l 1340 1431
l 1055 1326
l 1055 1325
l 1311 1431
l 1310 1431
l 1055 1296
l 1055 1295
l 1281 1431
l 1280 1431
l 1055 1266
l 1055 1265
l 1251 1431
l 1250 1431
l 1055 1236
l 1055 1235
l 1221 1431
l 1220 1431
l 1055 1206
l 1055 1205
l 1191 1431
l 1190 1431
l 1055 1176
l 1055 1175
l 1161 1431
l 1160 1431
l 1055 1146
l 1055 1145
l 1131 1431
l 1130 1431
l 1055 1116
l 1055 1115
l 1101 1431
l 1100 1431
l 1055 1086
l 1055 1085
l 1071 1431
l 1070 1431
l 1055 1056
l 1040 1431
l 1039 1431
l 1025 1055
l 1024 1055
l 1010 1431
l 1009 1431
l 995 1055
l 994 1055
l 980 1431
l 979 1431
l 979 1432
l 978 1433
l 977 1434
l 976 1435
l 975 1436
l 974 1437
l 973 1438
l 972 1439
l 971 1440
l 970 1441
l 969 1442
l 968 1443
l 967 1444
l 966 1445
l 965 1446
l 965 1055
l 1447 1448
l 1448 1449
l 1449 1450
l 1450 1451
l 1451 1452
l 1452 1453
l 1453 1454
l 1454 1455
l 1455 1456
l 1456 1457
l 1457 1458
l 1458 1459
l 1459 1460
l 1460 1461
l 1461 1462
l 1460 1463
l 1462 1463
l 1459 1464
l 1463 1464
l 1458 1465
l 1464 1465
l 1457 1466
l 1465 1466
l 1456 1467
l 1466 1467
l 1455 1468
l 1467 1468
l 1454 1469
l 1468 1469
l 1453 1470
l 1469 1470
l 1452 1471
l 1470 1471
l 1451 1472
l 1471 1472
l 1450 1473
l 1472 1473
l 1449 1474
l 1473 1474
l 1448 1475
l 1474 1475
l 1447 1476
l 1475 1476
l 1476 1477
l 1477 1478
l 1475 1478
l 1478 1479
l 1474 1479
l 1479 1480
l 1473 1480
l 1480 1481
l 1472 1481
l 1481 1482
l 1471 1482
l 1482 1483
l 1470 1483
l 1483 1484
l 1469 1484
l 1484 1485
l 1468 1485
l 1485 1486
l 1467 1486
l 1486 1487
l 1466 1487
l 1487 1488
l 1465 1488
l 1488 1489
l 1464 1489
l 1489 1490
l 1463 1490
l 1490 1491
l 1462 1491
l 1491 1492
l 1490 1493
l 1492 1493
l 1489 1494
l 1493 1494
l 1488 1495
l 1494 1495
l 1487 1496
l 1495 1496
l 1486 1497
l 1496 1497
l 1485 1498
l 1497 1498
l 1484 1499
l 1498 1499
l 1483 1500
l 1499 1500
l 1482 1501
l 1500 1501
l 1481 1502
l 1501 1502
l 1480 1503
l 1502 1503
l 1479 1504
l 1503 1504
l 1478 1505
l 1504 1505
l 1477 1506
l 1505 1506
l 1506 1507
l 1507 1508
l 1505 1508
l 1508 1509
l 1504 1509
l 1509 1510
l 1503 1510
l 1510 1511
l 1502 1511
l 1511 1512
l 1501 1512
l 1512 1513
l 1500 1513
l 1513 1514
l 1499 1514
l 1514 1515
l 1498 1515
l 1515 1516
l 1497 1516
l 1516 1517
l 1496 1517
l 1517 1518
l 1495 1518
l 1518 1519
l 1494 1519
l 1519 1520
l 1493 1520
l 1520 1521
l 1492 1521
l 1521 1522
l 1520 1523
l 1522 1523
l 1519 1524
l 1523 1524
l 1518 1525
l 1524 1525
l 1517 1526
l 1525 1526
l 1516 1527
l 1526 1527
l 1515 1528
l 1527 1528
l 1514 1529
l 1528 1529
l 1513 1530
l 1529 1530
l 1512 1531
l 1530 1531
l 1511 1532
l 1531 1532
l 1510 1533
l 1532 1533
l 1509 1534
l 1533 1534
l 1508 1535
l 1534 1535
l 1507 1536
l 1535 1536
l 1536 1537
l 1536 1538
l 1538 1539
l 1535 1539
l 1539 1540
l 1534 1540
l 1540 1541
l 1533 1541
l 1541 1542
l 1532 1542
l 1542 1543
l 1531 1543
l 1543 1544
l 1530 1544
l 1544 1545
l 1529 1545
l 1545 1546
l 1528 1546
l 1546 1547
l 1527 1547
l 1547 1548
l 1526 1548
l 1548 1549
l 1525 1549
l 1549 1550
l 1524 1550
l 1550 1551
l 1523 1551
l 1551 1552
l 1522 1552
l 1552 1553
l 1551 1554
l 1553 1554
l 1550 1555
l 1554 1555
l 1549 1556
l 1555 1556
l 1548 1557
l 1556 1557
l 1547 1558
l 1557 1558
l 1546 1559
l 1558 1559
l 1545 1560
l 1559 1560
l 1544 1561
l 1560 1561
l 1543 1562
l 1561 1562
l 1542 1563
l 1562 1563
l 1541 1564
l 1563 1564
l 1540 1565
l 1564 1565
l 1539 1566
l 1565 1566
l 1538 1567
l 1566 1567
l 1567 1568
l 1568 1569
l 1566 1569
l 1569 1570
l 1565 1570
l 1570 1571
l 1564 1571
l 1571 1572
l 1563 1572
l 1572 1573
l 1562 1573
l 1573 1574
l 1561 1574
l 1574 1575
l 1560 1575
l 1575 1576
l 1559 1576
l 1576 1577
l 1558 1577
l 1577 1578
l 1557 1578
l 1578 1579
l 1556 1579
l 1579 1580
l 1555 1580
l 1580 1581
l 1554 1581
l 1581 1582
l 1553 1582
l 1582 1583
l 1581 1584
l 1583 1584
l 1580 1585
l 1584 1585
l 1579 1586
l 1585 1586
l 1578 1587
l 1586 1587
l 1577 1588
l 1587 1588
l 1576 1589
l 1588 1589
l 1575 1590
l 1589 1590
l 1574 1591
l 1590 1591
l 1573 1592
l 1591 1592
l 1572 1593
l 1592 1593
l 1571 1594
l 1593 1594
l 1570 1595
l 1594 1595
l 1569 1596
l 1595 1596
l 1568 1597
l 1596 1597
l 1597 1598
l 1598 1599
l 1596 1599
l 1599 1600
l 1595 1600
l 1600 1601
l 1594 1601
l 1601 1602
l 1593 1602
l 1602 1603
l 1592 1603
l 1603 1604
l 1591 1604
l 1604 1605
l 1590 1605
l 1605 1606
l 1589 1606
l 1606 1607
l 1588 1607
l 1607 1608
l 1587 1608
l 1608 1609
l 1586 1609
l 1609 1610
l 1585 1610
l 1610 1611
l 1584 1611
l 1611 1612
l 1583 1612
l 1612 1613
l 1611 1614
l 1613 1614
l 1610 1615
l 1614 1615
l 1609 1616
l 1615 1616
l 1608 1617
l 1616 1617
l 1607 1618
l 1617 1618
l 1606 1619
l 1618 1619
l 1605 1620
l 1619 1620
l 1604 1621
l 1620 1621
l 1603 1622
l 1621 1622
l 1602 1623
l 1622 1623
l 1601 1624
l 1623 1624
l 1600 1625
l 1624 1625
l 1599 1626
l 1625 1626
l 1598 1627
l 1626 1627
l 1627 1628
l 1628 1629
l 1626 1629
l 1629 1630
l 1625 1630
l 1630 1631
l 1624 1631
l 1631 1632
l 1623 1632
l 1632 1633
l 1622 1633
l 1633 1634
l 1621 1634
l 1634 1635
l 1620 1635
l 1635 1636
l 1619 1636
l 1636 1637
l 1618 1637
l 1637 1638
l 1617 1638
l 1638 1639
l 1616 1639
l 1639 1640
l 1615 1640
l 1640 1641
l 1614 1641
l 1641 1642
l 1613 1642
l 1642 1643
l 1641 1644
l 1643 1644
l 1640 1645
l 1644 1645
l 1639 1646
l 1645 1646
l 1638 1647
l 1646 1647
l 1637 1648
l 1647 1648
l 1636 1649
l 1648 1649
l 1635 1650
l 1649 1650
l 1634 1651
l 1650 1651
l 1633 1652
l 1651 1652
l 1632 1653
l 1652 1653
l 1631 1654
l 1653 1654
l 1630 1655
l 1654 1655
l 1629 1656
l 1655 1656
l 1628 1657
l 1656 1657
l 1657 1658
l 1658 1659
l 1656 1659
l 1659 1660
l 1655 1660
l 1660 1661
l 1654 1661
l 1661 1662
l 1653 1662
l 1662 1663
l 1652 1663
l 1663 1664
l 1651 1664
l 1664 1665
l 1650 1665
l 1665 1666
l 1649 1666
l 1666 1667
l 1648 1667
l 1667 1668
l 1647 1668
l 1668 1669
l 1646 1669
l 1669 1670
l 1645 1670
l 1670 1671
l 1644 1671
l 1671 1672
l 1643 1672
l 1672 1673
l 1671 1674
l 1673 1674
l 1670 1675
l 1674 1675
l 1669 1676
l 1675 1676
l 1668 1677
l 1676 1677
l 1667 1678
l 1677 1678
l 1666 1679
l 1678 1679
l 1665 1680
l 1679 1680
l 1664 1681
l 1680 1681
l 1663 1682
l 1681 1682
l 1662 1683
l 1682 1683
l 1661 1684
l 1683 1684
l 1660 1685
l 1684 1685
l 1659 1686
l 1685 1686
l 1658 1687
l 1686 1687
l 1687 1688
l 1688 1689
l 1686 1689
l 1689 1690
l 1685 1690
l 1690 1691
l 1684 1691
l 1691 1692
l 1683 1692
l 1692 1693
l 1682 1693
l 1693 1694
l 1681 1694
l 1694 1695
l 1680 1695
l 1695 1696
l 1679 1696
l 1696 1697
l 1678 1697
l 1697 1698
l 1677 1698
l 1698 1699
l 1676 1699
l 1699 1700
l 1675 1700
l 1700 1701
l 1674 1701
l 1701 1702
l 1673 1702
l 1702 1703
l 1701 1704
l 1703 1704
l 1700 1705
l 1704 1705
l 1699 1706
l 1705 1706
l 1698 1707
l 1706 1707
l 1697 1708
l 1707 1708
l 1696 1709
l 1708 1709
l 1695 1710
l 1709 1710
l 1694 1711
l 1710 1711
l 1693 1712
l 1711 1712
l 1692 1713
l 1712 1713
l 1691 1714
l 1713 1714
l 1690 1715
l 1714 1715
l 1689 1716
l 1715 1716
l 1688 1717
l 1716 1717
l 1717 1718
l 1718 1719
l 1716 1719
l 1719 1720
l 1715 1720
l 1720 1721
l 1714 1721
l 1721 1722
l 1713 1722
l 1722 1723
l 1712 1723
l 1723 1724
l 1711 1724
l 1724 1725
l 1710 1725
l 1725 1726
l 1709 1726
l 1726 1727
l 1708 1727
l 1727 1728
l 1707 1728
l 1728 1729
l 1706 1729
l 1729 1730
l 1705 1730
l 1730 1731
l 1704 1731
l 1731 1732
l 1703 1732
l 1732 1733
l 1731 1734
l 1733 1734
l 1730 1735
l 1734 1735
l 1729 1736
l 1735 1736
l 1728 1737
l 1736 1737
l 1727 1738
l 1737 1738
l 1726 1739
l 1738 1739
l 1725 1740
l 1739 1740
l 1724 1741
l 1740 1741
l 1723 1742
l 1741 1742
l 1722 1743
l 1742 1743
l 1721 1744
l 1743 1744
l 1720 1745
l 1744 1745
l 1719 1746
l 1745 1746
l 1718 1747
l 1746 1747
l 1747 1748
l 1748 1749
l 1746 1749
l 1749 1750
l 1745 1750
l 1750 1751
l 1744 1751
l 1751 1752
l 1743 1752
l 1752 1753
l 1742 1753
l 1753 1754
l 1741 1754
l 1754 1755
l 1740 1755
l 1755 1756
l 1739 1756
l 1756 1757
l 1738 1757
l 1757 1758
l 1737 1758
l 1758 1759
l 1736 1759
l 1759 1760
l 1735 1760
l 1760 1761
l 1734 1761
l 1761 1762
l 1733 1762
l 1762 1763
l 1761 1764
l 1763 1764
l 1760 1765
l 1764 1765
l 1759 1766
l 1765 1766
l 1758 1767
l 1766 1767
l 1757 1768
l 1767 1768
l 1756 1769
l 1768 1769
l 1755 1770
l 1769 1770
l 1754 1771
l 1770 1771
l 1753 1772
l 1771 1772
l 1752 1773
l 1772 1773
l 1751 1774
l 1773 1774
l 1750 1775
l 1774 1775
l 1749 1776
l 1775 1776
l 1748 1777
l 1776 1777
l 1777 1778
l 1778 1779
l 1776 1779
l 1779 1780
l 1775 1780
l 1780 1781
l 1774 1781
l 1781 1782
l 1773 1782
l 1782 1783
l 1772 1783
l 1783 1784
l 1771 1784
l 1784 1785
l 1770 1785
l 1785 1786
l 1769 1786
l 1786 1787
l 1768 1787
l 1787 1788
l 1767 1788
l 1788 1789
l 1766 1789
l 1789 1790
l 1765 1790
l 1790 1791
l 1764 1791
l 1791 1792
l 1763 1792
l 1792 1793
l 1791 1794
l 1793 1794
l 1790 1795
l 1794 1795
l 1789 1796
l 1795 1796
l 1788 1797
l 1796 1797
l 1787 1798
l 1797 1798
l 1786 1799
l 1798 1799
l 1785 1800
l 1799 1800
l 1784 1801
l 1800 1801
l 1783 1802
l 1801 1802
l 1782 1803
l 1802 1803
l 1781 1804
l 1803 1804
l 1780 1805
l 1804 1805
l 1779 1806
l 1805 1806
l 1778 1807
l 1806 1807
l 1807 1808
l 1808 1809
l 1806 1809
l 1809 1810
l 1805 1810
l 1810 1811
l 1804 1811
l 1811 1812
l 1803 1812
l 1812 1813
l 1802 1813
l 1813 1814
l 1801 1814
l 1814 1815
l 1800 1815
l 1815 1816
l 1799 1816
l 1816 1817
l 1798 1817
l 1817 1818
l 1797 1818
l 1818 1819
l 1796 1819
l 1819 1820
l 1795 1820
l 1820 1821
l 1794 1821
l 1821 1822
l 1793 1822
l 1822 1823
l 1821 1824
l 1823 1824
l 1820 1825
l 1824 1825
l 1819 1826
l 1825 1826
l 1818 1827
l 1826 1827
l 1817 1828
l 1827 1828
l 1816 1829
l 1828 1829
l 1815 1830
l 1829 1830
l 1814 1831
l 1830 1831
l 1813 1832
l 1831 1832
l 1812 1833
l 1832 1833
l 1811 1834
l 1833 1834
l 1810 1835
l 1834 1835
l 1809 1836
l 1835 1836
l 1808 1837
l 1836 1837
l 1837 1838
l 1838 1839
l 1836 1839
l 1839 1840
l 1835 1840
l 1840 1841
l 1834 1841
l 1841 1842
l 1833 1842
l 1842 1843
l 1832 1843
l 1843 1844
l 1831 1844
l 1844 1845
l 1830 1845
l 1845 1846
l 1829 1846
l 1846 1847
l 1828 1847
l 1847 1848
l 1827 1848
l 1848 1849
l 1826 1849
l 1849 1850
l 1825 1850
l 1850 1851
l 1824 1851
l 1851 1852
l 1823 1852
l 1852 1853
l 1851 1854
l 1853 1854
l 1850 1855
l 1854 1855
l 1849 1856
l 1855 1856
l 1848 1857
l 1856 1857
l 1847 1858
l 1857 1858
l 1846 1859
l 1858 1859
l 1845 1860
l 1859 1860
l 1844 1861
l 1860 1861
l 1843 1862
l 1861 1862
l 1842 1863
l 1862 1863
l 1841 1864
l 1863 1864
l 1840 1865
l 1864 1865
l 1839 1866
l 1865 1866
l 1838 1867
l 1866 1867
l 1867 1868
l 1868 1869
l 1866 1869
l 1869 1870
l 1865 1870
l 1870 1871
l 1864 1871
l 1871 1872
l 1863 1872
l 1872 1873
l 1862 1873
l 1873 1874
l 1861 1874
l 1874 1875
l 1860 1875
l 1875 1876
l 1859 1876
l 1876 1877
l 1858 1877
l 1877 1878
l 1857 1878
l 1878 1879
l 1856 1879
l 1879 1880
l 1855 1880
l 1880 1881
l 1854 1881
l 1881 1882
l 1853 1882
l 1882 1883
l 1881 1884
l 1883 1884
l 1880 1885
l 1884 1885
l 1879 1886
l 1885 1886
l 1878 1887
l 1886 1887
l 1877 1888
l 1887 1888
l 1876 1889
l 1888 1889
l 1875 1890
l 1889 1890
l 1874 1891
l 1890 1891
l 1873 1892
l 1891 1892
l 1872 1893
l 1892 1893
l 1871 1894
l 1893 1894
l 1870 1895
l 1894 1895
l 1869 1896
l 1895 1896
l 1868 1897
l 1896 1897
l 1897 1898
l 1898 1899
l 1896 1899
l 1899 1900
l 1895 1900
l 1900 1901
l 1894 1901
l 1901 1902
l 1893 1902
l 1902 1903
l 1892 1903
l 1903 1904
l 1891 1904
l 1904 1905
l 1890 1905
l 1905 1906
l 1889 1906
l 1906 1907
l 1888 1907
l 1907 1908
l 1887 1908
l 1908 1909
l 1886 1909
l 1909 1910
l 1885 1910
l 1910 1911
l 1884 1911
l 1911 1912
l 1883 1912
l 1912 1913
l 1912 1914
l 1911 1915
l 1914 1915
l 1910 1916
l 1915 1916
l 1909 1917
l 1916 1917
l 1908 1918
l 1917 1918
l 1907 1919
l 1918 1919
l 1906 1920
l 1919 1920
l 1905 1921
l 1920 1921
l 1904 1922
l 1921 1922
l 1903 1923
l 1922 1923
l 1902 1924
l 1923 1924
l 1901 1925
l 1924 1925
l 1900 1926
l 1925 1926
l 1899 1927
l 1926 1927
l 1898 1928
l 1927 1928
l 1537 1928
l 1913 1914
l 1537 1898
l 1537 1897
l 1883 1913
l 1882 1913
l 1537 1868
l 1537 1867
l 1853 1913
l 1852 1913
l 1537 1838
l 1537 1837
l 1823 1913
l 1822 1913
l 1537 1808
l 1537 1807
l 1793 1913
l 1792 1913
l 1537 1778
l 1537 1777
l 1763 1913
l 1762 1913
l 1537 1748
l 1537 1747
l 1733 1913
l 1732 1913
l 1537 1718
l 1537 1717
l 1703 1913
l 1702 1913
l 1537 1688
l 1537 1687
l 1673 1913
l 1672 1913
l 1537 1658
l 1537 1657
l 1643 1913
l 1642 1913
l 1537 1628
l 1537 1627
l 1613 1913
l 1612 1913
l 1537 1598
l 1537 1597
l 1583 1913
l 1582 1913
l 1537 1568
l 1537 1567
l 1553 1913
l 1552 1913
l 1537 1538
l 1522 1913
l 1521 1913
l 1507 1537
l 1506 1537
l 1492 1913
l 1491 1913
l 1477 1537
l 1476 1537
l 1462 1913
l 1461 1913
l 1461 1914
l 1460 1915
l 1459 1916
l 1458 1917
l 1457 1918
l 1456 1919
l 1455 1920
l 1454 1921
l 1453 1922
l 1452 1923
l 1451 1924
l 1450 1925
l 1449 1926
l 1448 1927
l 1447 1928
l 1447 1537
