# Blender v2.90.0 OBJ File: 'Trapezoid_Points.blend'
# www.blender.org
mtllib Trapezoid_Points.mtl
o Sphere
v -0.000975 0.004904 0.000000
v -0.001913 0.004619 0.000000
v -0.002778 0.004157 0.000000
v -0.003536 0.003536 0.000000
v -0.004157 0.002778 0.000000
v -0.004619 0.001913 0.000000
v -0.004904 0.000975 0.000000
v -0.005000 0.000000 0.000000
v -0.004904 -0.000975 0.000000
v -0.004619 -0.001913 0.000000
v -0.004157 -0.002778 0.000000
v -0.003536 -0.003536 0.000000
v -0.002778 -0.004157 0.000000
v -0.001913 -0.004619 0.000000
v -0.000975 -0.004904 0.000000
v -0.000957 0.004904 -0.000190
v -0.001877 0.004619 -0.000373
v -0.002724 0.004157 -0.000542
v -0.003468 0.003536 -0.000690
v -0.004077 0.002778 -0.000811
v -0.004531 0.001913 -0.000901
v -0.004810 0.000975 -0.000957
v -0.004904 0.000000 -0.000975
v -0.004810 -0.000975 -0.000957
v -0.004531 -0.001913 -0.000901
v -0.004077 -0.002778 -0.000811
v -0.003468 -0.003536 -0.000690
v -0.002724 -0.004157 -0.000542
v -0.001877 -0.004619 -0.000373
v -0.000957 -0.004904 -0.000190
v -0.000901 0.004904 -0.000373
v -0.001768 0.004619 -0.000732
v -0.002566 0.004157 -0.001063
v -0.003266 0.003536 -0.001353
v -0.003841 0.002778 -0.001591
v -0.004268 0.001913 -0.001768
v -0.004531 0.000975 -0.001877
v -0.004619 0.000000 -0.001913
v -0.004531 -0.000975 -0.001877
v -0.004268 -0.001913 -0.001768
v -0.003841 -0.002778 -0.001591
v -0.003266 -0.003536 -0.001353
v -0.002566 -0.004157 -0.001063
v -0.001768 -0.004619 -0.000732
v -0.000901 -0.004904 -0.000373
v -0.000811 0.004904 -0.000542
v -0.001591 0.004619 -0.001063
v -0.002310 0.004157 -0.001543
v -0.002940 0.003536 -0.001964
v -0.003457 0.002778 -0.002310
v -0.003841 0.001913 -0.002566
v -0.004077 0.000975 -0.002724
v -0.004157 0.000000 -0.002778
v -0.004077 -0.000975 -0.002724
v -0.003841 -0.001913 -0.002566
v -0.003457 -0.002778 -0.002310
v -0.002940 -0.003536 -0.001964
v -0.002310 -0.004157 -0.001543
v -0.001591 -0.004619 -0.001063
v -0.000811 -0.004904 -0.000542
v -0.000690 0.004904 -0.000690
v -0.001353 0.004619 -0.001353
v -0.001964 0.004157 -0.001964
v -0.002500 0.003536 -0.002500
v -0.002940 0.002778 -0.002940
v -0.003266 0.001913 -0.003266
v -0.003468 0.000975 -0.003468
v -0.003536 0.000000 -0.003536
v -0.003468 -0.000975 -0.003468
v -0.003266 -0.001913 -0.003266
v -0.002940 -0.002778 -0.002940
v -0.002500 -0.003536 -0.002500
v -0.001964 -0.004157 -0.001964
v -0.001353 -0.004619 -0.001353
v -0.000690 -0.004904 -0.000690
v -0.000542 0.004904 -0.000811
v -0.001063 0.004619 -0.001591
v -0.001543 0.004157 -0.002310
v -0.001964 0.003536 -0.002940
v -0.002310 0.002778 -0.003457
v -0.002566 0.001913 -0.003841
v -0.002724 0.000975 -0.004077
v -0.002778 0.000000 -0.004157
v -0.002724 -0.000975 -0.004077
v -0.002566 -0.001913 -0.003841
v -0.002310 -0.002778 -0.003457
v -0.001964 -0.003536 -0.002940
v -0.001543 -0.004157 -0.002310
v -0.001063 -0.004619 -0.001591
v -0.000542 -0.004904 -0.000811
v -0.000373 0.004904 -0.000901
v -0.000732 0.004619 -0.001768
v -0.001063 0.004157 -0.002566
v -0.001353 0.003536 -0.003266
v -0.001591 0.002778 -0.003841
v -0.001768 0.001913 -0.004268
v -0.001877 0.000975 -0.004531
v -0.001913 0.000000 -0.004619
v -0.001877 -0.000975 -0.004531
v -0.001768 -0.001913 -0.004268
v -0.001591 -0.002778 -0.003841
v -0.001353 -0.003536 -0.003266
v -0.001063 -0.004157 -0.002566
v -0.000732 -0.004619 -0.001768
v -0.000373 -0.004904 -0.000901
v -0.000190 0.004904 -0.000957
v -0.000373 0.004619 -0.001877
v -0.000542 0.004157 -0.002724
v -0.000690 0.003536 -0.003468
v -0.000811 0.002778 -0.004077
v -0.000901 0.001913 -0.004531
v -0.000957 0.000975 -0.004810
v -0.000975 0.000000 -0.004904
v -0.000957 -0.000975 -0.004810
v -0.000901 -0.001913 -0.004531
v -0.000811 -0.002778 -0.004077
v -0.000690 -0.003536 -0.003468
v -0.000542 -0.004157 -0.002724
v -0.000373 -0.004619 -0.001877
v -0.000190 -0.004904 -0.000957
v 0.000000 0.004904 -0.000975
v 0.000000 0.004619 -0.001913
v 0.000000 0.004157 -0.002778
v 0.000000 0.003536 -0.003536
v 0.000000 0.002778 -0.004157
v 0.000000 0.001913 -0.004619
v 0.000000 0.000975 -0.004904
v 0.000000 0.000000 -0.005000
v 0.000000 -0.000975 -0.004904
v 0.000000 -0.001913 -0.004619
v 0.000000 -0.002778 -0.004157
v 0.000000 -0.003536 -0.003536
v 0.000000 -0.004157 -0.002778
v 0.000000 -0.004619 -0.001913
v 0.000000 -0.004904 -0.000975
v 0.000190 0.004904 -0.000957
v 0.000373 0.004619 -0.001877
v 0.000542 0.004157 -0.002724
v 0.000690 0.003536 -0.003468
v 0.000811 0.002778 -0.004077
v 0.000901 0.001913 -0.004531
v 0.000957 0.000975 -0.004810
v 0.000975 0.000000 -0.004904
v 0.000957 -0.000975 -0.004810
v 0.000901 -0.001913 -0.004531
v 0.000811 -0.002778 -0.004077
v 0.000690 -0.003536 -0.003468
v 0.000542 -0.004157 -0.002724
v 0.000373 -0.004619 -0.001877
v 0.000190 -0.004904 -0.000957
v 0.000373 0.004904 -0.000901
v 0.000732 0.004619 -0.001768
v 0.001063 0.004157 -0.002566
v 0.001353 0.003536 -0.003266
v 0.001591 0.002778 -0.003841
v 0.001768 0.001913 -0.004268
v 0.001877 0.000975 -0.004531
v 0.001913 0.000000 -0.004619
v 0.001877 -0.000975 -0.004531
v 0.001768 -0.001913 -0.004268
v 0.001591 -0.002778 -0.003841
v 0.001353 -0.003536 -0.003266
v 0.001063 -0.004157 -0.002566
v 0.000732 -0.004619 -0.001768
v 0.000373 -0.004904 -0.000901
v 0.000542 0.004904 -0.000811
v 0.001063 0.004619 -0.001591
v 0.001543 0.004157 -0.002310
v 0.001964 0.003536 -0.002940
v 0.002310 0.002778 -0.003457
v 0.002566 0.001913 -0.003841
v 0.002724 0.000975 -0.004077
v 0.002778 0.000000 -0.004157
v 0.002724 -0.000975 -0.004077
v 0.002566 -0.001913 -0.003841
v 0.002310 -0.002778 -0.003457
v 0.001964 -0.003536 -0.002940
v 0.001543 -0.004157 -0.002310
v 0.001063 -0.004619 -0.001591
v 0.000542 -0.004904 -0.000811
v 0.000690 0.004904 -0.000690
v 0.001353 0.004619 -0.001353
v 0.001964 0.004157 -0.001964
v 0.002500 0.003536 -0.002500
v 0.002940 0.002778 -0.002940
v 0.003266 0.001913 -0.003266
v 0.003468 0.000975 -0.003468
v 0.003536 0.000000 -0.003536
v 0.003468 -0.000975 -0.003468
v 0.003266 -0.001913 -0.003266
v 0.002940 -0.002778 -0.002940
v 0.002500 -0.003536 -0.002500
v 0.001964 -0.004157 -0.001964
v 0.001353 -0.004619 -0.001353
v 0.000690 -0.004904 -0.000690
v 0.000811 0.004904 -0.000542
v 0.001591 0.004619 -0.001063
v 0.002310 0.004157 -0.001543
v 0.002940 0.003536 -0.001964
v 0.003457 0.002778 -0.002310
v 0.003841 0.001913 -0.002566
v 0.004077 0.000975 -0.002724
v 0.004157 0.000000 -0.002778
v 0.004077 -0.000975 -0.002724
v 0.003841 -0.001913 -0.002566
v 0.003457 -0.002778 -0.002310
v 0.002940 -0.003536 -0.001964
v 0.002310 -0.004157 -0.001543
v 0.001591 -0.004619 -0.001063
v 0.000811 -0.004904 -0.000542
v 0.000901 0.004904 -0.000373
v 0.001768 0.004619 -0.000732
v 0.002566 0.004157 -0.001063
v 0.003266 0.003536 -0.001353
v 0.003841 0.002778 -0.001591
v 0.004268 0.001913 -0.001768
v 0.004531 0.000975 -0.001877
v 0.004619 0.000000 -0.001913
v 0.004531 -0.000975 -0.001877
v 0.004268 -0.001913 -0.001768
v 0.003841 -0.002778 -0.001591
v 0.003266 -0.003536 -0.001353
v 0.002566 -0.004157 -0.001063
v 0.001768 -0.004619 -0.000732
v 0.000901 -0.004904 -0.000373
v 0.000957 0.004904 -0.000190
v 0.001877 0.004619 -0.000373
v 0.002724 0.004157 -0.000542
v 0.003468 0.003536 -0.000690
v 0.004077 0.002778 -0.000811
v 0.004531 0.001913 -0.000901
v 0.004810 0.000975 -0.000957
v 0.004904 0.000000 -0.000975
v 0.004810 -0.000975 -0.000957
v 0.004531 -0.001913 -0.000901
v 0.004077 -0.002778 -0.000811
v 0.003468 -0.003536 -0.000690
v 0.002724 -0.004157 -0.000542
v 0.001877 -0.004619 -0.000373
v 0.000957 -0.004904 -0.000190
v 0.000975 0.004904 0.000000
v 0.001913 0.004619 -0.000000
v 0.002778 0.004157 -0.000000
v 0.003536 0.003536 0.000000
v 0.004157 0.002778 0.000000
v 0.004619 0.001913 -0.000000
v 0.004904 0.000975 0.000000
v 0.005000 0.000000 0.000000
v 0.004904 -0.000975 0.000000
v 0.004619 -0.001913 -0.000000
v 0.004157 -0.002778 0.000000
v 0.003536 -0.003536 0.000000
v 0.002778 -0.004157 0.000000
v 0.001913 -0.004619 -0.000000
v 0.000975 -0.004904 -0.000000
v 0.000957 0.004904 0.000190
v 0.001877 0.004619 0.000373
v 0.002724 0.004157 0.000542
v 0.003468 0.003536 0.000690
v 0.004077 0.002778 0.000811
v 0.004531 0.001913 0.000901
v 0.004810 0.000975 0.000957
v 0.004904 0.000000 0.000975
v 0.004810 -0.000975 0.000957
v 0.004531 -0.001913 0.000901
v 0.004077 -0.002778 0.000811
v 0.003468 -0.003536 0.000690
v 0.002724 -0.004157 0.000542
v 0.001877 -0.004619 0.000373
v 0.000957 -0.004904 0.000190
v 0.000901 0.004904 0.000373
v 0.001768 0.004619 0.000732
v 0.002566 0.004157 0.001063
v 0.003266 0.003536 0.001353
v 0.003841 0.002778 0.001591
v 0.004268 0.001913 0.001768
v 0.004531 0.000975 0.001877
v 0.004619 0.000000 0.001913
v 0.004531 -0.000975 0.001877
v 0.004268 -0.001913 0.001768
v 0.003841 -0.002778 0.001591
v 0.003266 -0.003536 0.001353
v 0.002566 -0.004157 0.001063
v 0.001768 -0.004619 0.000732
v 0.000901 -0.004904 0.000373
v 0.000811 0.004904 0.000542
v 0.001591 0.004619 0.001063
v 0.002310 0.004157 0.001543
v 0.002940 0.003536 0.001964
v 0.003457 0.002778 0.002310
v 0.003841 0.001913 0.002566
v 0.004077 0.000975 0.002724
v 0.004157 0.000000 0.002778
v 0.004077 -0.000975 0.002724
v 0.003841 -0.001913 0.002566
v 0.003457 -0.002778 0.002310
v 0.002940 -0.003536 0.001964
v 0.002310 -0.004157 0.001543
v 0.001591 -0.004619 0.001063
v 0.000811 -0.004904 0.000542
v 0.000690 0.004904 0.000690
v 0.001353 0.004619 0.001353
v 0.001964 0.004157 0.001964
v 0.002500 0.003536 0.002500
v 0.002940 0.002778 0.002940
v 0.003266 0.001913 0.003266
v 0.003468 0.000975 0.003468
v 0.003536 0.000000 0.003536
v 0.003468 -0.000975 0.003468
v 0.003266 -0.001913 0.003266
v 0.002940 -0.002778 0.002940
v 0.002500 -0.003536 0.002500
v 0.001964 -0.004157 0.001964
v 0.001353 -0.004619 0.001353
v 0.000690 -0.004904 0.000690
v 0.000542 0.004904 0.000811
v 0.001063 0.004619 0.001591
v 0.001543 0.004157 0.002310
v 0.001964 0.003536 0.002940
v 0.002310 0.002778 0.003457
v 0.002566 0.001913 0.003841
v 0.002724 0.000975 0.004077
v 0.002778 0.000000 0.004157
v 0.002724 -0.000975 0.004077
v 0.002566 -0.001913 0.003841
v 0.002310 -0.002778 0.003457
v 0.001964 -0.003536 0.002940
v 0.001543 -0.004157 0.002310
v 0.001063 -0.004619 0.001591
v 0.000542 -0.004904 0.000811
v 0.000000 -0.005000 0.000000
v 0.000373 0.004904 0.000901
v 0.000732 0.004619 0.001768
v 0.001063 0.004157 0.002566
v 0.001353 0.003536 0.003266
v 0.001591 0.002778 0.003841
v 0.001768 0.001913 0.004268
v 0.001877 0.000975 0.004531
v 0.001913 0.000000 0.004619
v 0.001877 -0.000975 0.004531
v 0.001768 -0.001913 0.004268
v 0.001591 -0.002778 0.003841
v 0.001353 -0.003536 0.003266
v 0.001063 -0.004157 0.002566
v 0.000732 -0.004619 0.001768
v 0.000373 -0.004904 0.000901
v 0.000190 0.004904 0.000957
v 0.000373 0.004619 0.001877
v 0.000542 0.004157 0.002724
v 0.000690 0.003536 0.003468
v 0.000811 0.002778 0.004077
v 0.000901 0.001913 0.004531
v 0.000957 0.000975 0.004810
v 0.000975 0.000000 0.004904
v 0.000957 -0.000975 0.004810
v 0.000901 -0.001913 0.004531
v 0.000811 -0.002778 0.004077
v 0.000690 -0.003536 0.003468
v 0.000542 -0.004157 0.002724
v 0.000373 -0.004619 0.001877
v 0.000190 -0.004904 0.000957
v 0.000000 0.004904 0.000975
v 0.000000 0.004619 0.001913
v 0.000000 0.004157 0.002778
v 0.000000 0.003536 0.003536
v 0.000000 0.002778 0.004157
v 0.000000 0.001913 0.004619
v 0.000000 0.000975 0.004904
v 0.000000 0.000000 0.005000
v 0.000000 -0.000975 0.004904
v 0.000000 -0.001913 0.004619
v 0.000000 -0.002778 0.004157
v 0.000000 -0.003536 0.003536
v 0.000000 -0.004157 0.002778
v 0.000000 -0.004619 0.001913
v 0.000000 -0.004904 0.000975
v -0.000190 0.004904 0.000957
v -0.000373 0.004619 0.001877
v -0.000542 0.004157 0.002724
v -0.000690 0.003536 0.003468
v -0.000811 0.002778 0.004077
v -0.000901 0.001913 0.004531
v -0.000957 0.000975 0.004810
v -0.000975 0.000000 0.004904
v -0.000957 -0.000975 0.004810
v -0.000901 -0.001913 0.004531
v -0.000811 -0.002778 0.004077
v -0.000690 -0.003536 0.003468
v -0.000542 -0.004157 0.002724
v -0.000373 -0.004619 0.001877
v -0.000190 -0.004904 0.000957
v -0.000373 0.004904 0.000901
v -0.000732 0.004619 0.001768
v -0.001063 0.004157 0.002566
v -0.001353 0.003536 0.003266
v -0.001591 0.002778 0.003841
v -0.001768 0.001913 0.004268
v -0.001877 0.000975 0.004531
v -0.001913 0.000000 0.004619
v -0.001877 -0.000975 0.004531
v -0.001768 -0.001913 0.004268
v -0.001591 -0.002778 0.003841
v -0.001353 -0.003536 0.003266
v -0.001063 -0.004157 0.002566
v -0.000732 -0.004619 0.001768
v -0.000373 -0.004904 0.000901
v -0.000542 0.004904 0.000811
v -0.001063 0.004619 0.001591
v -0.001543 0.004157 0.002310
v -0.001964 0.003536 0.002940
v -0.002310 0.002778 0.003457
v -0.002566 0.001913 0.003841
v -0.002724 0.000975 0.004077
v -0.002778 0.000000 0.004157
v -0.002724 -0.000975 0.004077
v -0.002566 -0.001913 0.003841
v -0.002310 -0.002778 0.003457
v -0.001964 -0.003536 0.002940
v -0.001543 -0.004157 0.002310
v -0.001063 -0.004619 0.001591
v -0.000542 -0.004904 0.000811
v -0.000690 0.004904 0.000690
v -0.001353 0.004619 0.001353
v -0.001964 0.004157 0.001964
v -0.002500 0.003536 0.002500
v -0.002940 0.002778 0.002940
v -0.003266 0.001913 0.003266
v -0.003468 0.000975 0.003468
v -0.003536 0.000000 0.003536
v -0.003468 -0.000975 0.003468
v -0.003266 -0.001913 0.003266
v -0.002940 -0.002778 0.002940
v -0.002500 -0.003536 0.002500
v -0.001964 -0.004157 0.001964
v -0.001353 -0.004619 0.001353
v -0.000690 -0.004904 0.000690
v -0.000811 0.004904 0.000542
v -0.001591 0.004619 0.001063
v -0.002310 0.004157 0.001543
v -0.002940 0.003536 0.001964
v -0.003457 0.002778 0.002310
v -0.003841 0.001913 0.002566
v -0.004077 0.000975 0.002724
v -0.004157 0.000000 0.002778
v -0.004077 -0.000975 0.002724
v -0.003841 -0.001913 0.002566
v -0.003457 -0.002778 0.002310
v -0.002940 -0.003536 0.001964
v -0.002310 -0.004157 0.001543
v -0.001591 -0.004619 0.001063
v -0.000811 -0.004904 0.000542
v 0.000000 0.005000 0.000000
v -0.000901 0.004904 0.000373
v -0.001768 0.004619 0.000732
v -0.002566 0.004157 0.001063
v -0.003266 0.003536 0.001353
v -0.003841 0.002778 0.001591
v -0.004268 0.001913 0.001768
v -0.004531 0.000975 0.001877
v -0.004619 0.000000 0.001913
v -0.004531 -0.000975 0.001877
v -0.004268 -0.001913 0.001768
v -0.003841 -0.002778 0.001591
v -0.003266 -0.003536 0.001353
v -0.002566 -0.004157 0.001063
v -0.001768 -0.004619 0.000732
v -0.000901 -0.004904 0.000373
v -0.000957 0.004904 0.000190
v -0.001877 0.004619 0.000373
v -0.002724 0.004157 0.000542
v -0.003468 0.003536 0.000690
v -0.004077 0.002778 0.000811
v -0.004531 0.001913 0.000901
v -0.004810 0.000975 0.000957
v -0.004904 0.000000 0.000975
v -0.004810 -0.000975 0.000957
v -0.004531 -0.001913 0.000901
v -0.004077 -0.002778 0.000811
v -0.003468 -0.003536 0.000690
v -0.002724 -0.004157 0.000542
v -0.001877 -0.004619 0.000373
v -0.000957 -0.004904 0.000190
vn -0.8333 -0.5528 0.0000
vn -0.9247 -0.3805 0.0000
vn -0.9070 -0.3805 -0.1804
vn -0.8173 -0.5528 -0.1626
vn -0.7101 0.7040 0.0000
vn -0.5598 0.8286 0.0000
vn -0.5490 0.8286 -0.1092
vn -0.6965 0.7040 -0.1385
vn -0.7101 -0.7040 0.0000
vn -0.6965 -0.7040 -0.1385
vn -0.8333 0.5528 0.0000
vn -0.8173 0.5528 -0.1626
vn -0.5598 -0.8286 0.0000
vn -0.5490 -0.8286 -0.1092
vn -0.9247 0.3805 0.0000
vn -0.9070 0.3805 -0.1804
vn -0.3879 -0.9217 0.0000
vn -0.3804 -0.9217 -0.0757
vn -0.9810 0.1939 0.0000
vn -0.9622 0.1939 -0.1914
vn -0.2010 -0.9796 0.0000
vn -0.1971 -0.9796 -0.0392
vn -1.0000 0.0000 0.0000
vn -0.9808 0.0000 -0.1951
vn -0.9810 -0.1939 0.0000
vn -0.9622 -0.1939 -0.1914
vn -0.3879 0.9217 0.0000
vn -0.2010 0.9796 0.0000
vn -0.1971 0.9796 -0.0392
vn -0.3804 0.9217 -0.0757
vn -0.9063 -0.1939 -0.3754
vn -0.8544 -0.3805 -0.3539
vn -0.3583 0.9217 -0.1484
vn -0.5171 0.8286 -0.2142
vn -0.7699 -0.5528 -0.3189
vn -0.6561 0.7040 -0.2717
vn -0.6561 -0.7040 -0.2717
vn -0.7699 0.5528 -0.3189
vn -0.5171 -0.8286 -0.2142
vn -0.8544 0.3805 -0.3539
vn -0.3583 -0.9217 -0.1484
vn -0.9063 0.1939 -0.3754
vn -0.1856 -0.9796 -0.0769
vn -0.9239 0.0000 -0.3827
vn -0.1856 0.9796 -0.0769
vn -0.4654 -0.8286 -0.3110
vn -0.3225 -0.9217 -0.2155
vn -0.7689 0.3805 -0.5137
vn -0.8157 0.1939 -0.5450
vn -0.1671 -0.9796 -0.1116
vn -0.8314 0.0000 -0.5556
vn -0.8157 -0.1939 -0.5450
vn -0.1671 0.9796 -0.1116
vn -0.3225 0.9217 -0.2155
vn -0.7689 -0.3805 -0.5137
vn -0.4654 0.8286 -0.3110
vn -0.6929 -0.5528 -0.4630
vn -0.5904 0.7040 -0.3945
vn -0.5904 -0.7040 -0.3945
vn -0.6929 0.5528 -0.4630
vn -0.2743 0.9217 -0.2743
vn -0.3958 0.8286 -0.3958
vn -0.6539 -0.3805 -0.6539
vn -0.5893 -0.5528 -0.5893
vn -0.5021 0.7040 -0.5021
vn -0.5021 -0.7040 -0.5021
vn -0.5893 0.5528 -0.5893
vn -0.3958 -0.8286 -0.3958
vn -0.6539 0.3805 -0.6539
vn -0.2743 -0.9217 -0.2743
vn -0.6937 0.1939 -0.6937
vn -0.1421 -0.9796 -0.1421
vn -0.7071 0.0000 -0.7071
vn -0.6937 -0.1939 -0.6937
vn -0.1421 0.9796 -0.1421
vn -0.5137 0.3805 -0.7689
vn -0.5450 0.1939 -0.8157
vn -0.2155 -0.9217 -0.3225
vn -0.1116 -0.9796 -0.1671
vn -0.5556 0.0000 -0.8314
vn -0.5450 -0.1939 -0.8157
vn -0.1116 0.9796 -0.1671
vn -0.2155 0.9217 -0.3225
vn -0.5137 -0.3805 -0.7689
vn -0.3110 0.8286 -0.4654
vn -0.4630 -0.5528 -0.6929
vn -0.3945 0.7040 -0.5904
vn -0.3945 -0.7040 -0.5904
vn -0.4630 0.5528 -0.6929
vn -0.3110 -0.8286 -0.4654
vn -0.3539 -0.3805 -0.8544
vn -0.3189 -0.5528 -0.7699
vn -0.2142 0.8286 -0.5171
vn -0.2717 0.7040 -0.6561
vn -0.2717 -0.7040 -0.6561
vn -0.3189 0.5528 -0.7699
vn -0.2142 -0.8286 -0.5171
vn -0.3539 0.3805 -0.8544
vn -0.1484 -0.9217 -0.3583
vn -0.3754 0.1939 -0.9063
vn -0.0769 -0.9796 -0.1856
vn -0.3827 0.0000 -0.9239
vn -0.3754 -0.1939 -0.9063
vn -0.0769 0.9796 -0.1856
vn -0.1484 0.9217 -0.3583
vn -0.0757 -0.9217 -0.3804
vn -0.0392 -0.9796 -0.1971
vn -0.1914 0.1939 -0.9622
vn -0.1951 0.0000 -0.9808
vn -0.1914 -0.1939 -0.9622
vn -0.0392 0.9796 -0.1971
vn -0.0757 0.9217 -0.3804
vn -0.1804 -0.3805 -0.9070
vn -0.1092 0.8286 -0.5490
vn -0.1626 -0.5528 -0.8173
vn -0.1385 0.7040 -0.6965
vn -0.1385 -0.7040 -0.6965
vn -0.1626 0.5528 -0.8173
vn -0.1092 -0.8286 -0.5490
vn -0.1804 0.3805 -0.9070
vn 0.0000 0.8286 -0.5598
vn 0.0000 0.7040 -0.7101
vn 0.0000 -0.5528 -0.8333
vn 0.0000 -0.7040 -0.7101
vn 0.0000 0.5528 -0.8333
vn 0.0000 -0.8286 -0.5598
vn 0.0000 0.3805 -0.9247
vn 0.0000 -0.9217 -0.3879
vn 0.0000 0.1939 -0.9810
vn 0.0000 -0.9796 -0.2010
vn 0.0000 0.0000 -1.0000
vn 0.0000 -0.1939 -0.9810
vn 0.0000 0.9796 -0.2010
vn 0.0000 0.9217 -0.3879
vn 0.0000 -0.3805 -0.9247
vn 0.1914 0.1939 -0.9622
vn 0.1951 0.0000 -0.9808
vn 0.1914 -0.1939 -0.9622
vn 0.0392 0.9796 -0.1971
vn 0.0757 0.9217 -0.3804
vn 0.1804 -0.3805 -0.9070
vn 0.1092 0.8286 -0.5490
vn 0.1626 -0.5528 -0.8173
vn 0.1385 0.7040 -0.6965
vn 0.1385 -0.7040 -0.6965
vn 0.1626 0.5528 -0.8173
vn 0.1092 -0.8286 -0.5490
vn 0.1804 0.3805 -0.9070
vn 0.0757 -0.9217 -0.3804
vn 0.0392 -0.9796 -0.1971
vn 0.3189 -0.5528 -0.7699
vn 0.2717 -0.7040 -0.6561
vn 0.2717 0.7040 -0.6561
vn 0.3189 0.5528 -0.7699
vn 0.2142 -0.8286 -0.5171
vn 0.3539 0.3805 -0.8544
vn 0.1484 -0.9217 -0.3583
vn 0.3754 0.1939 -0.9063
vn 0.0769 -0.9796 -0.1856
vn 0.3827 0.0000 -0.9239
vn 0.3754 -0.1939 -0.9063
vn 0.0769 0.9796 -0.1856
vn 0.1484 0.9217 -0.3583
vn 0.3539 -0.3805 -0.8544
vn 0.2142 0.8286 -0.5171
vn 0.5556 0.0000 -0.8314
vn 0.5450 -0.1939 -0.8157
vn 0.1116 0.9796 -0.1671
vn 0.2155 0.9217 -0.3225
vn 0.5137 -0.3805 -0.7689
vn 0.3110 0.8286 -0.4654
vn 0.4630 -0.5528 -0.6929
vn 0.3945 0.7040 -0.5904
vn 0.3945 -0.7040 -0.5904
vn 0.4630 0.5528 -0.6929
vn 0.3110 -0.8286 -0.4654
vn 0.5137 0.3805 -0.7689
vn 0.2155 -0.9217 -0.3225
vn 0.5450 0.1939 -0.8157
vn 0.1116 -0.9796 -0.1671
vn 0.5021 -0.7040 -0.5021
vn 0.3958 -0.8286 -0.3958
vn 0.5893 0.5528 -0.5893
vn 0.6539 0.3805 -0.6539
vn 0.2743 -0.9217 -0.2743
vn 0.6937 0.1939 -0.6937
vn 0.1421 -0.9796 -0.1421
vn 0.7071 0.0000 -0.7071
vn 0.6937 -0.1939 -0.6937
vn 0.1421 0.9796 -0.1421
vn 0.2743 0.9217 -0.2743
vn 0.6539 -0.3805 -0.6539
vn 0.3958 0.8286 -0.3958
vn 0.5893 -0.5528 -0.5893
vn 0.5021 0.7040 -0.5021
vn 0.1671 0.9796 -0.1116
vn 0.3225 0.9217 -0.2155
vn 0.8157 -0.1939 -0.5450
vn 0.7689 -0.3805 -0.5137
vn 0.4654 0.8286 -0.3110
vn 0.6929 -0.5528 -0.4630
vn 0.5904 0.7040 -0.3945
vn 0.5904 -0.7040 -0.3945
vn 0.6929 0.5528 -0.4630
vn 0.4654 -0.8286 -0.3110
vn 0.7689 0.3805 -0.5137
vn 0.3225 -0.9217 -0.2155
vn 0.8157 0.1939 -0.5450
vn 0.1671 -0.9796 -0.1116
vn 0.8314 0.0000 -0.5556
vn 0.7699 0.5528 -0.3189
vn 0.8544 0.3805 -0.3539
vn 0.5171 -0.8286 -0.2142
vn 0.3583 -0.9217 -0.1484
vn 0.9063 0.1939 -0.3754
vn 0.1856 -0.9796 -0.0769
vn 0.9239 0.0000 -0.3827
vn 0.9063 -0.1939 -0.3754
vn 0.1856 0.9796 -0.0769
vn 0.3583 0.9217 -0.1484
vn 0.8544 -0.3805 -0.3539
vn 0.5171 0.8286 -0.2142
vn 0.7699 -0.5528 -0.3189
vn 0.6561 0.7040 -0.2717
vn 0.6561 -0.7040 -0.2717
vn 0.9622 -0.1939 -0.1914
vn 0.9070 -0.3805 -0.1804
vn 0.3804 0.9217 -0.0757
vn 0.5490 0.8286 -0.1092
vn 0.8173 -0.5528 -0.1626
vn 0.6965 0.7040 -0.1385
vn 0.6965 -0.7040 -0.1385
vn 0.8173 0.5528 -0.1626
vn 0.5490 -0.8286 -0.1092
vn 0.9070 0.3805 -0.1804
vn 0.3804 -0.9217 -0.0757
vn 0.9622 0.1939 -0.1914
vn 0.1971 -0.9796 -0.0392
vn 0.9808 0.0000 -0.1951
vn 0.1971 0.9796 -0.0392
vn 0.5598 -0.8286 0.0000
vn 0.3879 -0.9217 0.0000
vn 0.9247 0.3805 0.0000
vn 0.9810 0.1939 0.0000
vn 0.2010 -0.9796 0.0000
vn 1.0000 0.0000 0.0000
vn 0.9810 -0.1939 0.0000
vn 0.2010 0.9796 0.0000
vn 0.3879 0.9217 0.0000
vn 0.9247 -0.3805 0.0000
vn 0.5598 0.8286 0.0000
vn 0.8333 -0.5528 0.0000
vn 0.7101 0.7040 0.0000
vn 0.7101 -0.7040 0.0000
vn 0.8333 0.5528 0.0000
vn 0.3804 0.9217 0.0757
vn 0.5490 0.8286 0.1092
vn 0.9070 -0.3805 0.1804
vn 0.8173 -0.5528 0.1626
vn 0.6965 0.7040 0.1385
vn 0.6965 -0.7040 0.1385
vn 0.8173 0.5528 0.1626
vn 0.5490 -0.8286 0.1092
vn 0.9070 0.3805 0.1804
vn 0.3804 -0.9217 0.0757
vn 0.9622 0.1939 0.1914
vn 0.1971 -0.9796 0.0392
vn 0.9808 0.0000 0.1951
vn 0.9622 -0.1939 0.1914
vn 0.1971 0.9796 0.0392
vn 0.8544 0.3805 0.3539
vn 0.9063 0.1939 0.3754
vn 0.3583 -0.9217 0.1484
vn 0.1856 -0.9796 0.0769
vn 0.9239 0.0000 0.3827
vn 0.9063 -0.1939 0.3754
vn 0.1856 0.9796 0.0769
vn 0.3583 0.9217 0.1484
vn 0.8544 -0.3805 0.3539
vn 0.5171 0.8286 0.2142
vn 0.7699 -0.5528 0.3189
vn 0.6561 0.7040 0.2717
vn 0.6561 -0.7040 0.2717
vn 0.7699 0.5528 0.3189
vn 0.5171 -0.8286 0.2142
vn 0.7689 -0.3805 0.5137
vn 0.6929 -0.5528 0.4630
vn 0.4654 0.8286 0.3110
vn 0.5904 0.7040 0.3945
vn 0.5904 -0.7040 0.3945
vn 0.6929 0.5528 0.4630
vn 0.4654 -0.8286 0.3110
vn 0.7689 0.3805 0.5137
vn 0.3225 -0.9217 0.2155
vn 0.8157 0.1939 0.5450
vn 0.1671 -0.9796 0.1116
vn 0.8314 0.0000 0.5556
vn 0.8157 -0.1939 0.5450
vn 0.1671 0.9796 0.1116
vn 0.3225 0.9217 0.2155
vn 0.2743 -0.9217 0.2743
vn 0.1421 -0.9796 0.1421
vn 0.6937 0.1939 0.6937
vn 0.7071 0.0000 0.7071
vn 0.6937 -0.1939 0.6937
vn 0.1421 0.9796 0.1421
vn 0.2743 0.9217 0.2743
vn 0.6539 -0.3805 0.6539
vn 0.3958 0.8286 0.3958
vn 0.5893 -0.5528 0.5893
vn 0.5021 0.7040 0.5021
vn 0.5021 -0.7040 0.5021
vn 0.5893 0.5528 0.5893
vn 0.3958 -0.8286 0.3958
vn 0.6539 0.3805 0.6539
vn 0.4630 -0.5528 0.6929
vn 0.3945 -0.7040 0.5904
vn 0.3945 0.7040 0.5904
vn 0.4630 0.5528 0.6929
vn 0.3110 -0.8286 0.4654
vn 0.5137 0.3805 0.7689
vn 0.2155 -0.9217 0.3225
vn 0.5450 0.1939 0.8157
vn 0.1116 -0.9796 0.1671
vn 0.5556 0.0000 0.8314
vn 0.5450 -0.1939 0.8157
vn 0.1116 0.9796 0.1671
vn 0.2155 0.9217 0.3225
vn 0.5137 -0.3805 0.7689
vn 0.3110 0.8286 0.4654
vn 0.3827 0.0000 0.9239
vn 0.3754 -0.1939 0.9063
vn 0.0769 0.9796 0.1856
vn 0.1484 0.9217 0.3583
vn 0.3539 -0.3805 0.8544
vn 0.2142 0.8286 0.5171
vn 0.3189 -0.5528 0.7699
vn 0.2717 0.7040 0.6561
vn 0.2717 -0.7040 0.6561
vn 0.3189 0.5528 0.7699
vn 0.2142 -0.8286 0.5171
vn 0.3539 0.3805 0.8544
vn 0.1484 -0.9217 0.3583
vn 0.3754 0.1939 0.9063
vn 0.0769 -0.9796 0.1856
vn 0.1385 0.7040 0.6965
vn 0.1626 0.5528 0.8173
vn 0.1385 -0.7040 0.6965
vn 0.1092 -0.8286 0.5490
vn 0.1804 0.3805 0.9070
vn 0.0757 -0.9217 0.3804
vn 0.1914 0.1939 0.9622
vn 0.0392 -0.9796 0.1971
vn 0.1951 0.0000 0.9808
vn 0.1914 -0.1939 0.9622
vn 0.0392 0.9796 0.1971
vn 0.0757 0.9217 0.3804
vn 0.1804 -0.3805 0.9070
vn 0.1092 0.8286 0.5490
vn 0.1626 -0.5528 0.8173
vn 0.0000 0.0000 1.0000
vn 0.0000 -0.1939 0.9810
vn 0.0000 0.9796 0.2010
vn 0.0000 0.9217 0.3879
vn 0.0000 -0.3805 0.9247
vn 0.0000 0.8286 0.5598
vn 0.0000 -0.5528 0.8333
vn 0.0000 0.7040 0.7101
vn 0.0000 -0.7040 0.7101
vn 0.0000 0.5528 0.8333
vn 0.0000 -0.8286 0.5598
vn 0.0000 0.3805 0.9247
vn 0.0000 -0.9217 0.3879
vn 0.0000 0.1939 0.9810
vn 0.0000 -0.9796 0.2010
vn -0.1385 -0.7040 0.6965
vn -0.1092 -0.8286 0.5490
vn -0.1626 0.5528 0.8173
vn -0.1804 0.3805 0.9070
vn -0.0757 -0.9217 0.3804
vn -0.1914 0.1939 0.9622
vn -0.0392 -0.9796 0.1971
vn -0.1951 0.0000 0.9808
vn -0.1914 -0.1939 0.9622
vn -0.0392 0.9796 0.1971
vn -0.0757 0.9217 0.3804
vn -0.1804 -0.3805 0.9070
vn -0.1092 0.8286 0.5490
vn -0.1626 -0.5528 0.8173
vn -0.1385 0.7040 0.6965
vn -0.0769 0.9796 0.1856
vn -0.1484 0.9217 0.3583
vn -0.3754 -0.1939 0.9063
vn -0.3539 -0.3805 0.8544
vn -0.2142 0.8286 0.5171
vn -0.3189 -0.5528 0.7699
vn -0.2717 0.7040 0.6561
vn -0.2717 -0.7040 0.6561
vn -0.3189 0.5528 0.7699
vn -0.2142 -0.8286 0.5171
vn -0.3539 0.3805 0.8544
vn -0.1484 -0.9217 0.3583
vn -0.3754 0.1939 0.9063
vn -0.0769 -0.9796 0.1856
vn -0.3827 0.0000 0.9239
vn -0.4630 0.5528 0.6929
vn -0.5137 0.3805 0.7689
vn -0.3110 -0.8286 0.4654
vn -0.2155 -0.9217 0.3225
vn -0.5450 0.1939 0.8157
vn -0.1116 -0.9796 0.1671
vn -0.5556 0.0000 0.8314
vn -0.5450 -0.1939 0.8157
vn -0.1116 0.9796 0.1671
vn -0.2155 0.9217 0.3225
vn -0.5137 -0.3805 0.7689
vn -0.3110 0.8286 0.4654
vn -0.4630 -0.5528 0.6929
vn -0.3945 0.7040 0.5904
vn -0.3945 -0.7040 0.5904
vn -0.6937 -0.1939 0.6937
vn -0.6539 -0.3805 0.6539
vn -0.2743 0.9217 0.2743
vn -0.3958 0.8286 0.3958
vn -0.5893 -0.5528 0.5893
vn -0.5021 0.7040 0.5021
vn -0.5021 -0.7040 0.5021
vn -0.5893 0.5528 0.5893
vn -0.3958 -0.8286 0.3958
vn -0.6539 0.3805 0.6539
vn -0.2743 -0.9217 0.2743
vn -0.6937 0.1939 0.6937
vn -0.1421 -0.9796 0.1421
vn -0.7071 0.0000 0.7071
vn -0.1421 0.9796 0.1421
vn -0.4654 -0.8286 0.3110
vn -0.3225 -0.9217 0.2155
vn -0.7689 0.3805 0.5137
vn -0.8157 0.1939 0.5450
vn -0.1671 -0.9796 0.1116
vn -0.8314 0.0000 0.5556
vn -0.8157 -0.1939 0.5450
vn -0.1671 0.9796 0.1116
vn -0.3225 0.9217 0.2155
vn -0.7689 -0.3805 0.5137
vn -0.4654 0.8286 0.3110
vn -0.6929 -0.5528 0.4630
vn -0.5904 0.7040 0.3945
vn -0.5904 -0.7040 0.3945
vn -0.6929 0.5528 0.4630
vn -0.8544 -0.3805 0.3539
vn -0.7699 -0.5528 0.3189
vn -0.5171 0.8286 0.2142
vn -0.6561 0.7040 0.2717
vn -0.6561 -0.7040 0.2717
vn -0.7699 0.5528 0.3189
vn -0.5171 -0.8286 0.2142
vn -0.8544 0.3805 0.3539
vn -0.3583 -0.9217 0.1484
vn -0.9063 0.1939 0.3754
vn -0.1856 -0.9796 0.0769
vn -0.9239 0.0000 0.3827
vn -0.9063 -0.1939 0.3754
vn -0.1856 0.9796 0.0769
vn -0.3583 0.9217 0.1484
vn -0.3804 -0.9217 0.0757
vn -0.1971 -0.9796 0.0392
vn -0.9622 0.1939 0.1914
vn -0.9808 0.0000 0.1951
vn -0.9622 -0.1939 0.1914
vn -0.1971 0.9796 0.0392
vn -0.3804 0.9217 0.0757
vn -0.9070 -0.3805 0.1804
vn -0.5490 0.8286 0.1092
vn -0.8173 -0.5528 0.1626
vn -0.6965 0.7040 0.1385
vn -0.6965 -0.7040 0.1385
vn -0.8173 0.5528 0.1626
vn -0.5490 -0.8286 0.1092
vn -0.9070 0.3805 0.1804
vn 0.0000 1.0000 0.0000
vn 0.0000 -1.0000 0.0000
usemtl Material.001
s 1
f 11//1 10//2 25//3 26//4
f 4//5 3//6 18//7 19//8
f 12//9 11//1 26//4 27//10
f 5//11 4//5 19//8 20//12
f 13//13 12//9 27//10 28//14
f 6//15 5//11 20//12 21//16
f 14//17 13//13 28//14 29//18
f 7//19 6//15 21//16 22//20
f 15//21 14//17 29//18 30//22
f 8//23 7//19 22//20 23//24
f 9//25 8//23 23//24 24//26
f 2//27 1//28 16//29 17//30
f 10//2 9//25 24//26 25//3
f 3//6 2//27 17//30 18//7
f 25//3 24//26 39//31 40//32
f 18//7 17//30 32//33 33//34
f 26//4 25//3 40//32 41//35
f 19//8 18//7 33//34 34//36
f 27//10 26//4 41//35 42//37
f 20//12 19//8 34//36 35//38
f 28//14 27//10 42//37 43//39
f 21//16 20//12 35//38 36//40
f 29//18 28//14 43//39 44//41
f 22//20 21//16 36//40 37//42
f 30//22 29//18 44//41 45//43
f 23//24 22//20 37//42 38//44
f 24//26 23//24 38//44 39//31
f 17//30 16//29 31//45 32//33
f 44//41 43//39 58//46 59//47
f 37//42 36//40 51//48 52//49
f 45//43 44//41 59//47 60//50
f 38//44 37//42 52//49 53//51
f 39//31 38//44 53//51 54//52
f 32//33 31//45 46//53 47//54
f 40//32 39//31 54//52 55//55
f 33//34 32//33 47//54 48//56
f 41//35 40//32 55//55 56//57
f 34//36 33//34 48//56 49//58
f 42//37 41//35 56//57 57//59
f 35//38 34//36 49//58 50//60
f 43//39 42//37 57//59 58//46
f 36//40 35//38 50//60 51//48
f 48//56 47//54 62//61 63//62
f 56//57 55//55 70//63 71//64
f 49//58 48//56 63//62 64//65
f 57//59 56//57 71//64 72//66
f 50//60 49//58 64//65 65//67
f 58//46 57//59 72//66 73//68
f 51//48 50//60 65//67 66//69
f 59//47 58//46 73//68 74//70
f 52//49 51//48 66//69 67//71
f 60//50 59//47 74//70 75//72
f 53//51 52//49 67//71 68//73
f 54//52 53//51 68//73 69//74
f 47//54 46//53 61//75 62//61
f 55//55 54//52 69//74 70//63
f 67//71 66//69 81//76 82//77
f 75//72 74//70 89//78 90//79
f 68//73 67//71 82//77 83//80
f 69//74 68//73 83//80 84//81
f 62//61 61//75 76//82 77//83
f 70//63 69//74 84//81 85//84
f 63//62 62//61 77//83 78//85
f 71//64 70//63 85//84 86//86
f 64//65 63//62 78//85 79//87
f 72//66 71//64 86//86 87//88
f 65//67 64//65 79//87 80//89
f 73//68 72//66 87//88 88//90
f 66//69 65//67 80//89 81//76
f 74//70 73//68 88//90 89//78
f 86//86 85//84 100//91 101//92
f 79//87 78//85 93//93 94//94
f 87//88 86//86 101//92 102//95
f 80//89 79//87 94//94 95//96
f 88//90 87//88 102//95 103//97
f 81//76 80//89 95//96 96//98
f 89//78 88//90 103//97 104//99
f 82//77 81//76 96//98 97//100
f 90//79 89//78 104//99 105//101
f 83//80 82//77 97//100 98//102
f 84//81 83//80 98//102 99//103
f 77//83 76//82 91//104 92//105
f 85//84 84//81 99//103 100//91
f 78//85 77//83 92//105 93//93
f 105//101 104//99 119//106 120//107
f 98//102 97//100 112//108 113//109
f 99//103 98//102 113//109 114//110
f 92//105 91//104 106//111 107//112
f 100//91 99//103 114//110 115//113
f 93//93 92//105 107//112 108//114
f 101//92 100//91 115//113 116//115
f 94//94 93//93 108//114 109//116
f 102//95 101//92 116//115 117//117
f 95//96 94//94 109//116 110//118
f 103//97 102//95 117//117 118//119
f 96//98 95//96 110//118 111//120
f 104//99 103//97 118//119 119//106
f 97//100 96//98 111//120 112//108
f 109//116 108//114 123//121 124//122
f 117//117 116//115 131//123 132//124
f 110//118 109//116 124//122 125//125
f 118//119 117//117 132//124 133//126
f 111//120 110//118 125//125 126//127
f 119//106 118//119 133//126 134//128
f 112//108 111//120 126//127 127//129
f 120//107 119//106 134//128 135//130
f 113//109 112//108 127//129 128//131
f 114//110 113//109 128//131 129//132
f 107//112 106//111 121//133 122//134
f 115//113 114//110 129//132 130//135
f 108//114 107//112 122//134 123//121
f 116//115 115//113 130//135 131//123
f 128//131 127//129 142//136 143//137
f 129//132 128//131 143//137 144//138
f 122//134 121//133 136//139 137//140
f 130//135 129//132 144//138 145//141
f 123//121 122//134 137//140 138//142
f 131//123 130//135 145//141 146//143
f 124//122 123//121 138//142 139//144
f 132//124 131//123 146//143 147//145
f 125//125 124//122 139//144 140//146
f 133//126 132//124 147//145 148//147
f 126//127 125//125 140//146 141//148
f 134//128 133//126 148//147 149//149
f 127//129 126//127 141//148 142//136
f 135//130 134//128 149//149 150//150
f 147//145 146//143 161//151 162//152
f 140//146 139//144 154//153 155//154
f 148//147 147//145 162//152 163//155
f 141//148 140//146 155//154 156//156
f 149//149 148//147 163//155 164//157
f 142//136 141//148 156//156 157//158
f 150//150 149//149 164//157 165//159
f 143//137 142//136 157//158 158//160
f 144//138 143//137 158//160 159//161
f 137//140 136//139 151//162 152//163
f 145//141 144//138 159//161 160//164
f 138//142 137//140 152//163 153//165
f 146//143 145//141 160//164 161//151
f 139//144 138//142 153//165 154//153
f 159//161 158//160 173//166 174//167
f 152//163 151//162 166//168 167//169
f 160//164 159//161 174//167 175//170
f 153//165 152//163 167//169 168//171
f 161//151 160//164 175//170 176//172
f 154//153 153//165 168//171 169//173
f 162//152 161//151 176//172 177//174
f 155//154 154//153 169//173 170//175
f 163//155 162//152 177//174 178//176
f 156//156 155//154 170//175 171//177
f 164//157 163//155 178//176 179//178
f 157//158 156//156 171//177 172//179
f 165//159 164//157 179//178 180//180
f 158//160 157//158 172//179 173//166
f 178//176 177//174 192//181 193//182
f 171//177 170//175 185//183 186//184
f 179//178 178//176 193//182 194//185
f 172//179 171//177 186//184 187//186
f 180//180 179//178 194//185 195//187
f 173//166 172//179 187//186 188//188
f 174//167 173//166 188//188 189//189
f 167//169 166//168 181//190 182//191
f 175//170 174//167 189//189 190//192
f 168//171 167//169 182//191 183//193
f 176//172 175//170 190//192 191//194
f 169//173 168//171 183//193 184//195
f 177//174 176//172 191//194 192//181
f 170//175 169//173 184//195 185//183
f 182//191 181//190 196//196 197//197
f 190//192 189//189 204//198 205//199
f 183//193 182//191 197//197 198//200
f 191//194 190//192 205//199 206//201
f 184//195 183//193 198//200 199//202
f 192//181 191//194 206//201 207//203
f 185//183 184//195 199//202 200//204
f 193//182 192//181 207//203 208//205
f 186//184 185//183 200//204 201//206
f 194//185 193//182 208//205 209//207
f 187//186 186//184 201//206 202//208
f 195//187 194//185 209//207 210//209
f 188//188 187//186 202//208 203//210
f 189//189 188//188 203//210 204//198
f 201//206 200//204 215//211 216//212
f 209//207 208//205 223//213 224//214
f 202//208 201//206 216//212 217//215
f 210//209 209//207 224//214 225//216
f 203//210 202//208 217//215 218//217
f 204//198 203//210 218//217 219//218
f 197//197 196//196 211//219 212//220
f 205//199 204//198 219//218 220//221
f 198//200 197//197 212//220 213//222
f 206//201 205//199 220//221 221//223
f 199//202 198//200 213//222 214//224
f 207//203 206//201 221//223 222//225
f 200//204 199//202 214//224 215//211
f 208//205 207//203 222//225 223//213
f 220//221 219//218 234//226 235//227
f 213//222 212//220 227//228 228//229
f 221//223 220//221 235//227 236//230
f 214//224 213//222 228//229 229//231
f 222//225 221//223 236//230 237//232
f 215//211 214//224 229//231 230//233
f 223//213 222//225 237//232 238//234
f 216//212 215//211 230//233 231//235
f 224//214 223//213 238//234 239//236
f 217//215 216//212 231//235 232//237
f 225//216 224//214 239//236 240//238
f 218//217 217//215 232//237 233//239
f 219//218 218//217 233//239 234//226
f 212//220 211//219 226//240 227//228
f 239//236 238//234 253//241 254//242
f 232//237 231//235 246//243 247//244
f 240//238 239//236 254//242 255//245
f 233//239 232//237 247//244 248//246
f 234//226 233//239 248//246 249//247
f 227//228 226//240 241//248 242//249
f 235//227 234//226 249//247 250//250
f 228//229 227//228 242//249 243//251
f 236//230 235//227 250//250 251//252
f 229//231 228//229 243//251 244//253
f 237//232 236//230 251//252 252//254
f 230//233 229//231 244//253 245//255
f 238//234 237//232 252//254 253//241
f 231//235 230//233 245//255 246//243
f 243//251 242//249 257//256 258//257
f 251//252 250//250 265//258 266//259
f 244//253 243//251 258//257 259//260
f 252//254 251//252 266//259 267//261
f 245//255 244//253 259//260 260//262
f 253//241 252//254 267//261 268//263
f 246//243 245//255 260//262 261//264
f 254//242 253//241 268//263 269//265
f 247//244 246//243 261//264 262//266
f 255//245 254//242 269//265 270//267
f 248//246 247//244 262//266 263//268
f 249//247 248//246 263//268 264//269
f 242//249 241//248 256//270 257//256
f 250//250 249//247 264//269 265//258
f 262//266 261//264 276//271 277//272
f 270//267 269//265 284//273 285//274
f 263//268 262//266 277//272 278//275
f 264//269 263//268 278//275 279//276
f 257//256 256//270 271//277 272//278
f 265//258 264//269 279//276 280//279
f 258//257 257//256 272//278 273//280
f 266//259 265//258 280//279 281//281
f 259//260 258//257 273//280 274//282
f 267//261 266//259 281//281 282//283
f 260//262 259//260 274//282 275//284
f 268//263 267//261 282//283 283//285
f 261//264 260//262 275//284 276//271
f 269//265 268//263 283//285 284//273
f 281//281 280//279 295//286 296//287
f 274//282 273//280 288//288 289//289
f 282//283 281//281 296//287 297//290
f 275//284 274//282 289//289 290//291
f 283//285 282//283 297//290 298//292
f 276//271 275//284 290//291 291//293
f 284//273 283//285 298//292 299//294
f 277//272 276//271 291//293 292//295
f 285//274 284//273 299//294 300//296
f 278//275 277//272 292//295 293//297
f 279//276 278//275 293//297 294//298
f 272//278 271//277 286//299 287//300
f 280//279 279//276 294//298 295//286
f 273//280 272//278 287//300 288//288
f 300//296 299//294 314//301 315//302
f 293//297 292//295 307//303 308//304
f 294//298 293//297 308//304 309//305
f 287//300 286//299 301//306 302//307
f 295//286 294//298 309//305 310//308
f 288//288 287//300 302//307 303//309
f 296//287 295//286 310//308 311//310
f 289//289 288//288 303//309 304//311
f 297//290 296//287 311//310 312//312
f 290//291 289//289 304//311 305//313
f 298//292 297//290 312//312 313//314
f 291//293 290//291 305//313 306//315
f 299//294 298//292 313//314 314//301
f 292//295 291//293 306//315 307//303
f 312//312 311//310 326//316 327//317
f 305//313 304//311 319//318 320//319
f 313//314 312//312 327//317 328//320
f 306//315 305//313 320//319 321//321
f 314//301 313//314 328//320 329//322
f 307//303 306//315 321//321 322//323
f 315//302 314//301 329//322 330//324
f 308//304 307//303 322//323 323//325
f 309//305 308//304 323//325 324//326
f 302//307 301//306 316//327 317//328
f 310//308 309//305 324//326 325//329
f 303//309 302//307 317//328 318//330
f 311//310 310//308 325//329 326//316
f 304//311 303//309 318//330 319//318
f 324//326 323//325 339//331 340//332
f 317//328 316//327 332//333 333//334
f 325//329 324//326 340//332 341//335
f 318//330 317//328 333//334 334//336
f 326//316 325//329 341//335 342//337
f 319//318 318//330 334//336 335//338
f 327//317 326//316 342//337 343//339
f 320//319 319//318 335//338 336//340
f 328//320 327//317 343//339 344//341
f 321//321 320//319 336//340 337//342
f 329//322 328//320 344//341 345//343
f 322//323 321//321 337//342 338//344
f 330//324 329//322 345//343 346//345
f 323//325 322//323 338//344 339//331
f 336//340 335//338 350//346 351//347
f 344//341 343//339 358//348 359//349
f 337//342 336//340 351//347 352//350
f 345//343 344//341 359//349 360//351
f 338//344 337//342 352//350 353//352
f 346//345 345//343 360//351 361//353
f 339//331 338//344 353//352 354//354
f 340//332 339//331 354//354 355//355
f 333//334 332//333 347//356 348//357
f 341//335 340//332 355//355 356//358
f 334//336 333//334 348//357 349//359
f 342//337 341//335 356//358 357//360
f 335//338 334//336 349//359 350//346
f 343//339 342//337 357//360 358//348
f 355//355 354//354 369//361 370//362
f 348//357 347//356 362//363 363//364
f 356//358 355//355 370//362 371//365
f 349//359 348//357 363//364 364//366
f 357//360 356//358 371//365 372//367
f 350//346 349//359 364//366 365//368
f 358//348 357//360 372//367 373//369
f 351//347 350//346 365//368 366//370
f 359//349 358//348 373//369 374//371
f 352//350 351//347 366//370 367//372
f 360//351 359//349 374//371 375//373
f 353//352 352//350 367//372 368//374
f 361//353 360//351 375//373 376//375
f 354//354 353//352 368//374 369//361
f 374//371 373//369 388//376 389//377
f 367//372 366//370 381//378 382//379
f 375//373 374//371 389//377 390//380
f 368//374 367//372 382//379 383//381
f 376//375 375//373 390//380 391//382
f 369//361 368//374 383//381 384//383
f 370//362 369//361 384//383 385//384
f 363//364 362//363 377//385 378//386
f 371//365 370//362 385//384 386//387
f 364//366 363//364 378//386 379//388
f 372//367 371//365 386//387 387//389
f 365//368 364//366 379//388 380//390
f 373//369 372//367 387//389 388//376
f 366//370 365//368 380//390 381//378
f 378//386 377//385 392//391 393//392
f 386//387 385//384 400//393 401//394
f 379//388 378//386 393//392 394//395
f 387//389 386//387 401//394 402//396
f 380//390 379//388 394//395 395//397
f 388//376 387//389 402//396 403//398
f 381//378 380//390 395//397 396//399
f 389//377 388//376 403//398 404//400
f 382//379 381//378 396//399 397//401
f 390//380 389//377 404//400 405//402
f 383//381 382//379 397//401 398//403
f 391//382 390//380 405//402 406//404
f 384//383 383//381 398//403 399//405
f 385//384 384//383 399//405 400//393
f 397//401 396//399 411//406 412//407
f 405//402 404//400 419//408 420//409
f 398//403 397//401 412//407 413//410
f 406//404 405//402 420//409 421//411
f 399//405 398//403 413//410 414//412
f 400//393 399//405 414//412 415//413
f 393//392 392//391 407//414 408//415
f 401//394 400//393 415//413 416//416
f 394//395 393//392 408//415 409//417
f 402//396 401//394 416//416 417//418
f 395//397 394//395 409//417 410//419
f 403//398 402//396 417//418 418//420
f 396//399 395//397 410//419 411//406
f 404//400 403//398 418//420 419//408
f 416//416 415//413 430//421 431//422
f 409//417 408//415 423//423 424//424
f 417//418 416//416 431//422 432//425
f 410//419 409//417 424//424 425//426
f 418//420 417//418 432//425 433//427
f 411//406 410//419 425//426 426//428
f 419//408 418//420 433//427 434//429
f 412//407 411//406 426//428 427//430
f 420//409 419//408 434//429 435//431
f 413//410 412//407 427//430 428//432
f 421//411 420//409 435//431 436//433
f 414//412 413//410 428//432 429//434
f 415//413 414//412 429//434 430//421
f 408//415 407//414 422//435 423//423
f 435//431 434//429 449//436 450//437
f 428//432 427//430 442//438 443//439
f 436//433 435//431 450//437 451//440
f 429//434 428//432 443//439 444//441
f 430//421 429//434 444//441 445//442
f 423//423 422//435 437//443 438//444
f 431//422 430//421 445//442 446//445
f 424//424 423//423 438//444 439//446
f 432//425 431//422 446//445 447//447
f 425//426 424//424 439//446 440//448
f 433//427 432//425 447//447 448//449
f 426//428 425//426 440//448 441//450
f 434//429 433//427 448//449 449//436
f 427//430 426//428 441//450 442//438
f 447//447 446//445 462//451 463//452
f 440//448 439//446 455//453 456//454
f 448//449 447//447 463//452 464//455
f 441//450 440//448 456//454 457//456
f 449//436 448//449 464//455 465//457
f 442//438 441//450 457//456 458//458
f 450//437 449//436 465//457 466//459
f 443//439 442//438 458//458 459//460
f 451//440 450//437 466//459 467//461
f 444//441 443//439 459//460 460//462
f 445//442 444//441 460//462 461//463
f 438//444 437//443 453//464 454//465
f 446//445 445//442 461//463 462//451
f 439//446 438//444 454//465 455//453
f 467//461 466//459 481//466 482//467
f 460//462 459//460 474//468 475//469
f 461//463 460//462 475//469 476//470
f 454//465 453//464 468//471 469//472
f 462//451 461//463 476//470 477//473
f 455//453 454//465 469//472 470//474
f 463//452 462//451 477//473 478//475
f 456//454 455//453 470//474 471//476
f 464//455 463//452 478//475 479//477
f 457//456 456//454 471//476 472//478
f 465//457 464//455 479//477 480//479
f 458//458 457//456 472//478 473//480
f 466//459 465//457 480//479 481//466
f 459//460 458//458 473//480 474//468
f 1//28 452//481 16//29
f 331//482 15//21 30//22
f 16//29 452//481 31//45
f 331//482 30//22 45//43
f 31//45 452//481 46//53
f 331//482 45//43 60//50
f 46//53 452//481 61//75
f 331//482 60//50 75//72
f 61//75 452//481 76//82
f 331//482 75//72 90//79
f 76//82 452//481 91//104
f 331//482 90//79 105//101
f 91//104 452//481 106//111
f 331//482 105//101 120//107
f 106//111 452//481 121//133
f 331//482 120//107 135//130
f 121//133 452//481 136//139
f 331//482 135//130 150//150
f 136//139 452//481 151//162
f 331//482 150//150 165//159
f 331//482 165//159 180//180
f 151//162 452//481 166//168
f 166//168 452//481 181//190
f 331//482 180//180 195//187
f 181//190 452//481 196//196
f 331//482 195//187 210//209
f 196//196 452//481 211//219
f 331//482 210//209 225//216
f 211//219 452//481 226//240
f 331//482 225//216 240//238
f 226//240 452//481 241//248
f 331//482 240//238 255//245
f 241//248 452//481 256//270
f 331//482 255//245 270//267
f 256//270 452//481 271//277
f 331//482 270//267 285//274
f 271//277 452//481 286//299
f 331//482 285//274 300//296
f 286//299 452//481 301//306
f 331//482 300//296 315//302
f 301//306 452//481 316//327
f 331//482 315//302 330//324
f 316//327 452//481 332//333
f 331//482 330//324 346//345
f 332//333 452//481 347//356
f 331//482 346//345 361//353
f 347//356 452//481 362//363
f 331//482 361//353 376//375
f 362//363 452//481 377//385
f 331//482 376//375 391//382
f 377//385 452//481 392//391
f 331//482 391//382 406//404
f 392//391 452//481 407//414
f 331//482 406//404 421//411
f 407//414 452//481 422//435
f 331//482 421//411 436//433
f 422//435 452//481 437//443
f 331//482 436//433 451//440
f 437//443 452//481 453//464
f 331//482 451//440 467//461
f 453//464 452//481 468//471
f 331//482 467//461 482//467
f 471//476 470//474 3//6 4//5
f 479//477 478//475 11//1 12//9
f 472//478 471//476 4//5 5//11
f 480//479 479//477 12//9 13//13
f 473//480 472//478 5//11 6//15
f 481//466 480//479 13//13 14//17
f 474//468 473//480 6//15 7//19
f 482//467 481//466 14//17 15//21
f 475//469 474//468 7//19 8//23
f 452//481 1//28 468//471
f 331//482 482//467 15//21
f 476//470 475//469 8//23 9//25
f 1//28 2//27 469//472 468//471
f 477//473 476//470 9//25 10//2
f 470//474 469//472 2//27 3//6
f 478//475 477//473 10//2 11//1
l 1 2
l 2 3
l 3 4
l 4 5
l 5 6
l 6 7
l 7 8
l 8 9
l 9 10
l 10 11
l 11 12
l 12 13
l 13 14
l 14 15
l 16 17
l 17 18
l 18 19
l 19 20
l 20 21
l 21 22
l 22 23
l 23 24
l 24 25
l 25 26
l 26 27
l 27 28
l 28 29
l 29 30
l 11 26
l 10 25
l 4 19
l 3 18
l 12 27
l 5 20
l 13 28
l 6 21
l 14 29
l 7 22
l 15 30
l 8 23
l 1 16
l 9 24
l 2 17
l 31 32
l 32 33
l 33 34
l 34 35
l 35 36
l 36 37
l 37 38
l 38 39
l 39 40
l 40 41
l 41 42
l 42 43
l 43 44
l 44 45
l 25 40
l 24 39
l 18 33
l 17 32
l 26 41
l 19 34
l 27 42
l 20 35
l 28 43
l 21 36
l 29 44
l 22 37
l 30 45
l 23 38
l 16 31
l 46 47
l 47 48
l 48 49
l 49 50
l 50 51
l 51 52
l 52 53
l 53 54
l 54 55
l 55 56
l 56 57
l 57 58
l 58 59
l 59 60
l 44 59
l 43 58
l 37 52
l 36 51
l 45 60
l 38 53
l 31 46
l 39 54
l 32 47
l 40 55
l 33 48
l 41 56
l 34 49
l 42 57
l 35 50
l 61 62
l 62 63
l 63 64
l 64 65
l 65 66
l 66 67
l 67 68
l 68 69
l 69 70
l 70 71
l 71 72
l 72 73
l 73 74
l 74 75
l 48 63
l 47 62
l 56 71
l 55 70
l 49 64
l 57 72
l 50 65
l 58 73
l 51 66
l 59 74
l 52 67
l 60 75
l 53 68
l 46 61
l 54 69
l 76 77
l 77 78
l 78 79
l 79 80
l 80 81
l 81 82
l 82 83
l 83 84
l 84 85
l 85 86
l 86 87
l 87 88
l 88 89
l 89 90
l 67 82
l 66 81
l 75 90
l 74 89
l 68 83
l 61 76
l 69 84
l 62 77
l 70 85
l 63 78
l 71 86
l 64 79
l 72 87
l 65 80
l 73 88
l 91 92
l 92 93
l 93 94
l 94 95
l 95 96
l 96 97
l 97 98
l 98 99
l 99 100
l 100 101
l 101 102
l 102 103
l 103 104
l 104 105
l 86 101
l 85 100
l 79 94
l 78 93
l 87 102
l 80 95
l 88 103
l 81 96
l 89 104
l 82 97
l 90 105
l 83 98
l 76 91
l 84 99
l 77 92
l 106 107
l 107 108
l 108 109
l 109 110
l 110 111
l 111 112
l 112 113
l 113 114
l 114 115
l 115 116
l 116 117
l 117 118
l 118 119
l 119 120
l 105 120
l 104 119
l 98 113
l 97 112
l 91 106
l 99 114
l 92 107
l 100 115
l 93 108
l 101 116
l 94 109
l 102 117
l 95 110
l 103 118
l 96 111
l 121 122
l 122 123
l 123 124
l 124 125
l 125 126
l 126 127
l 127 128
l 128 129
l 129 130
l 130 131
l 131 132
l 132 133
l 133 134
l 134 135
l 109 124
l 108 123
l 117 132
l 116 131
l 110 125
l 118 133
l 111 126
l 119 134
l 112 127
l 120 135
l 113 128
l 106 121
l 114 129
l 107 122
l 115 130
l 136 137
l 137 138
l 138 139
l 139 140
l 140 141
l 141 142
l 142 143
l 143 144
l 144 145
l 145 146
l 146 147
l 147 148
l 148 149
l 149 150
l 128 143
l 127 142
l 121 136
l 135 150
l 129 144
l 122 137
l 130 145
l 123 138
l 131 146
l 124 139
l 132 147
l 125 140
l 133 148
l 126 141
l 134 149
l 151 152
l 152 153
l 153 154
l 154 155
l 155 156
l 156 157
l 157 158
l 158 159
l 159 160
l 160 161
l 161 162
l 162 163
l 163 164
l 164 165
l 147 162
l 146 161
l 140 155
l 139 154
l 148 163
l 141 156
l 149 164
l 142 157
l 150 165
l 143 158
l 136 151
l 144 159
l 137 152
l 145 160
l 138 153
l 166 167
l 167 168
l 168 169
l 169 170
l 170 171
l 171 172
l 172 173
l 173 174
l 174 175
l 175 176
l 176 177
l 177 178
l 178 179
l 179 180
l 165 180
l 159 174
l 158 173
l 152 167
l 151 166
l 160 175
l 153 168
l 161 176
l 154 169
l 162 177
l 155 170
l 163 178
l 156 171
l 164 179
l 157 172
l 181 182
l 182 183
l 183 184
l 184 185
l 185 186
l 186 187
l 187 188
l 188 189
l 189 190
l 190 191
l 191 192
l 192 193
l 193 194
l 194 195
l 178 193
l 177 192
l 171 186
l 170 185
l 179 194
l 172 187
l 180 195
l 173 188
l 166 181
l 174 189
l 167 182
l 175 190
l 168 183
l 176 191
l 169 184
l 196 197
l 197 198
l 198 199
l 199 200
l 200 201
l 201 202
l 202 203
l 203 204
l 204 205
l 205 206
l 206 207
l 207 208
l 208 209
l 209 210
l 182 197
l 181 196
l 190 205
l 189 204
l 183 198
l 191 206
l 184 199
l 192 207
l 185 200
l 193 208
l 186 201
l 194 209
l 187 202
l 195 210
l 188 203
l 211 212
l 212 213
l 213 214
l 214 215
l 215 216
l 216 217
l 217 218
l 218 219
l 219 220
l 220 221
l 221 222
l 222 223
l 223 224
l 224 225
l 201 216
l 200 215
l 209 224
l 208 223
l 202 217
l 210 225
l 203 218
l 196 211
l 204 219
l 197 212
l 205 220
l 198 213
l 206 221
l 199 214
l 207 222
l 226 227
l 227 228
l 228 229
l 229 230
l 230 231
l 231 232
l 232 233
l 233 234
l 234 235
l 235 236
l 236 237
l 237 238
l 238 239
l 239 240
l 220 235
l 219 234
l 213 228
l 212 227
l 221 236
l 214 229
l 222 237
l 215 230
l 223 238
l 216 231
l 224 239
l 217 232
l 225 240
l 218 233
l 211 226
l 241 242
l 242 243
l 243 244
l 244 245
l 245 246
l 246 247
l 247 248
l 248 249
l 249 250
l 250 251
l 251 252
l 252 253
l 253 254
l 254 255
l 239 254
l 238 253
l 232 247
l 231 246
l 240 255
l 233 248
l 226 241
l 234 249
l 227 242
l 235 250
l 228 243
l 236 251
l 229 244
l 237 252
l 230 245
l 256 257
l 257 258
l 258 259
l 259 260
l 260 261
l 261 262
l 262 263
l 263 264
l 264 265
l 265 266
l 266 267
l 267 268
l 268 269
l 269 270
l 243 258
l 242 257
l 251 266
l 250 265
l 244 259
l 252 267
l 245 260
l 253 268
l 246 261
l 254 269
l 247 262
l 255 270
l 248 263
l 241 256
l 249 264
l 271 272
l 272 273
l 273 274
l 274 275
l 275 276
l 276 277
l 277 278
l 278 279
l 279 280
l 280 281
l 281 282
l 282 283
l 283 284
l 284 285
l 262 277
l 261 276
l 270 285
l 269 284
l 263 278
l 256 271
l 264 279
l 257 272
l 265 280
l 258 273
l 266 281
l 259 274
l 267 282
l 260 275
l 268 283
l 286 287
l 287 288
l 288 289
l 289 290
l 290 291
l 291 292
l 292 293
l 293 294
l 294 295
l 295 296
l 296 297
l 297 298
l 298 299
l 299 300
l 281 296
l 280 295
l 274 289
l 273 288
l 282 297
l 275 290
l 283 298
l 276 291
l 284 299
l 277 292
l 285 300
l 278 293
l 271 286
l 279 294
l 272 287
l 301 302
l 302 303
l 303 304
l 304 305
l 305 306
l 306 307
l 307 308
l 308 309
l 309 310
l 310 311
l 311 312
l 312 313
l 313 314
l 314 315
l 300 315
l 299 314
l 293 308
l 292 307
l 286 301
l 294 309
l 287 302
l 295 310
l 288 303
l 296 311
l 289 304
l 297 312
l 290 305
l 298 313
l 291 306
l 316 317
l 317 318
l 318 319
l 319 320
l 320 321
l 321 322
l 322 323
l 323 324
l 324 325
l 325 326
l 326 327
l 327 328
l 328 329
l 329 330
l 330 331
l 312 327
l 311 326
l 305 320
l 304 319
l 313 328
l 306 321
l 314 329
l 307 322
l 315 330
l 308 323
l 301 316
l 309 324
l 302 317
l 310 325
l 303 318
l 332 333
l 333 334
l 334 335
l 335 336
l 336 337
l 337 338
l 338 339
l 339 340
l 340 341
l 341 342
l 342 343
l 343 344
l 344 345
l 345 346
l 316 332
l 330 346
l 324 340
l 323 339
l 317 333
l 325 341
l 318 334
l 326 342
l 319 335
l 327 343
l 320 336
l 328 344
l 321 337
l 329 345
l 322 338
l 347 348
l 348 349
l 349 350
l 350 351
l 351 352
l 352 353
l 353 354
l 354 355
l 355 356
l 356 357
l 357 358
l 358 359
l 359 360
l 360 361
l 336 351
l 335 350
l 344 359
l 343 358
l 337 352
l 345 360
l 338 353
l 346 361
l 339 354
l 332 347
l 340 355
l 333 348
l 341 356
l 334 349
l 342 357
l 362 363
l 363 364
l 364 365
l 365 366
l 366 367
l 367 368
l 368 369
l 369 370
l 370 371
l 371 372
l 372 373
l 373 374
l 374 375
l 375 376
l 355 370
l 354 369
l 348 363
l 347 362
l 356 371
l 349 364
l 357 372
l 350 365
l 358 373
l 351 366
l 359 374
l 352 367
l 360 375
l 353 368
l 361 376
l 377 378
l 378 379
l 379 380
l 380 381
l 381 382
l 382 383
l 383 384
l 384 385
l 385 386
l 386 387
l 387 388
l 388 389
l 389 390
l 390 391
l 374 389
l 373 388
l 367 382
l 366 381
l 375 390
l 368 383
l 376 391
l 369 384
l 362 377
l 370 385
l 363 378
l 371 386
l 364 379
l 372 387
l 365 380
l 392 393
l 393 394
l 394 395
l 395 396
l 396 397
l 397 398
l 398 399
l 399 400
l 400 401
l 401 402
l 402 403
l 403 404
l 404 405
l 405 406
l 378 393
l 377 392
l 386 401
l 385 400
l 379 394
l 387 402
l 380 395
l 388 403
l 381 396
l 389 404
l 382 397
l 390 405
l 383 398
l 391 406
l 384 399
l 407 408
l 408 409
l 409 410
l 410 411
l 411 412
l 412 413
l 413 414
l 414 415
l 415 416
l 416 417
l 417 418
l 418 419
l 419 420
l 420 421
l 397 412
l 396 411
l 405 420
l 404 419
l 398 413
l 406 421
l 399 414
l 392 407
l 400 415
l 393 408
l 401 416
l 394 409
l 402 417
l 395 410
l 403 418
l 422 423
l 423 424
l 424 425
l 425 426
l 426 427
l 427 428
l 428 429
l 429 430
l 430 431
l 431 432
l 432 433
l 433 434
l 434 435
l 435 436
l 416 431
l 415 430
l 409 424
l 408 423
l 417 432
l 410 425
l 418 433
l 411 426
l 419 434
l 412 427
l 420 435
l 413 428
l 421 436
l 414 429
l 407 422
l 437 438
l 438 439
l 439 440
l 440 441
l 441 442
l 442 443
l 443 444
l 444 445
l 445 446
l 446 447
l 447 448
l 448 449
l 449 450
l 450 451
l 435 450
l 434 449
l 428 443
l 427 442
l 436 451
l 429 444
l 422 437
l 430 445
l 423 438
l 431 446
l 424 439
l 432 447
l 425 440
l 433 448
l 426 441
l 452 453
l 453 454
l 454 455
l 455 456
l 456 457
l 457 458
l 458 459
l 459 460
l 460 461
l 461 462
l 462 463
l 463 464
l 464 465
l 465 466
l 466 467
l 447 463
l 446 462
l 440 456
l 439 455
l 448 464
l 441 457
l 449 465
l 442 458
l 450 466
l 443 459
l 451 467
l 444 460
l 437 453
l 445 461
l 438 454
l 468 469
l 469 470
l 470 471
l 471 472
l 472 473
l 473 474
l 474 475
l 475 476
l 476 477
l 477 478
l 478 479
l 479 480
l 480 481
l 481 482
l 467 482
l 466 481
l 460 475
l 459 474
l 453 468
l 461 476
l 454 469
l 462 477
l 455 470
l 463 478
l 456 471
l 464 479
l 457 472
l 465 480
l 458 473
l 1 452
l 15 331
l 16 452
l 30 331
l 31 452
l 45 331
l 46 452
l 60 331
l 61 452
l 75 331
l 76 452
l 90 331
l 91 452
l 105 331
l 106 452
l 120 331
l 121 452
l 135 331
l 136 452
l 150 331
l 151 452
l 165 331
l 166 452
l 180 331
l 181 452
l 195 331
l 196 452
l 210 331
l 211 452
l 225 331
l 226 452
l 240 331
l 241 452
l 255 331
l 256 452
l 270 331
l 271 452
l 285 331
l 286 452
l 300 331
l 301 452
l 315 331
l 316 452
l 332 452
l 331 346
l 347 452
l 331 361
l 362 452
l 331 376
l 377 452
l 331 391
l 392 452
l 331 406
l 407 452
l 331 421
l 422 452
l 331 436
l 437 452
l 331 451
l 331 467
l 452 468
l 331 482
l 4 471
l 3 470
l 12 479
l 11 478
l 5 472
l 13 480
l 6 473
l 14 481
l 7 474
l 15 482
l 8 475
l 1 468
l 9 476
l 2 469
l 10 477
o Sphere.003
v 0.149025 0.004904 -0.150000
v 0.148087 0.004619 -0.150000
v 0.147222 0.004157 -0.150000
v 0.146464 0.003536 -0.150000
v 0.145843 0.002778 -0.150000
v 0.145381 0.001913 -0.150000
v 0.145096 0.000975 -0.150000
v 0.145000 0.000000 -0.150000
v 0.145096 -0.000975 -0.150000
v 0.145381 -0.001913 -0.150000
v 0.145843 -0.002778 -0.150000
v 0.146464 -0.003536 -0.150000
v 0.147222 -0.004157 -0.150000
v 0.148087 -0.004619 -0.150000
v 0.149025 -0.004904 -0.150000
v 0.149043 0.004904 -0.150190
v 0.148123 0.004619 -0.150373
v 0.147276 0.004157 -0.150542
v 0.146532 0.003536 -0.150690
v 0.145923 0.002778 -0.150811
v 0.145469 0.001913 -0.150901
v 0.145190 0.000975 -0.150957
v 0.145096 0.000000 -0.150975
v 0.145190 -0.000975 -0.150957
v 0.145469 -0.001913 -0.150901
v 0.145923 -0.002778 -0.150811
v 0.146532 -0.003536 -0.150690
v 0.147276 -0.004157 -0.150542
v 0.148123 -0.004619 -0.150373
v 0.149043 -0.004904 -0.150190
v 0.149099 0.004904 -0.150373
v 0.148232 0.004619 -0.150732
v 0.147434 0.004157 -0.151063
v 0.146734 0.003536 -0.151353
v 0.146159 0.002778 -0.151591
v 0.145732 0.001913 -0.151768
v 0.145469 0.000975 -0.151877
v 0.145381 0.000000 -0.151913
v 0.145469 -0.000975 -0.151877
v 0.145732 -0.001913 -0.151768
v 0.146159 -0.002778 -0.151591
v 0.146734 -0.003536 -0.151353
v 0.147434 -0.004157 -0.151063
v 0.148232 -0.004619 -0.150732
v 0.149099 -0.004904 -0.150373
v 0.149189 0.004904 -0.150542
v 0.148409 0.004619 -0.151063
v 0.147690 0.004157 -0.151543
v 0.147060 0.003536 -0.151964
v 0.146543 0.002778 -0.152310
v 0.146159 0.001913 -0.152566
v 0.145923 0.000975 -0.152724
v 0.145843 0.000000 -0.152778
v 0.145923 -0.000975 -0.152724
v 0.146159 -0.001913 -0.152566
v 0.146543 -0.002778 -0.152310
v 0.147060 -0.003536 -0.151964
v 0.147690 -0.004157 -0.151543
v 0.148409 -0.004619 -0.151063
v 0.149189 -0.004904 -0.150542
v 0.149310 0.004904 -0.150690
v 0.148647 0.004619 -0.151353
v 0.148036 0.004157 -0.151964
v 0.147500 0.003536 -0.152500
v 0.147060 0.002778 -0.152940
v 0.146734 0.001913 -0.153266
v 0.146532 0.000975 -0.153468
v 0.146464 0.000000 -0.153536
v 0.146532 -0.000975 -0.153468
v 0.146734 -0.001913 -0.153266
v 0.147060 -0.002778 -0.152940
v 0.147500 -0.003536 -0.152500
v 0.148036 -0.004157 -0.151964
v 0.148647 -0.004619 -0.151353
v 0.149310 -0.004904 -0.150690
v 0.149458 0.004904 -0.150811
v 0.148937 0.004619 -0.151591
v 0.148457 0.004157 -0.152310
v 0.148036 0.003536 -0.152940
v 0.147690 0.002778 -0.153457
v 0.147434 0.001913 -0.153841
v 0.147276 0.000975 -0.154077
v 0.147222 0.000000 -0.154157
v 0.147276 -0.000975 -0.154077
v 0.147434 -0.001913 -0.153841
v 0.147690 -0.002778 -0.153457
v 0.148036 -0.003536 -0.152940
v 0.148457 -0.004157 -0.152310
v 0.148937 -0.004619 -0.151591
v 0.149458 -0.004904 -0.150811
v 0.149627 0.004904 -0.150901
v 0.149268 0.004619 -0.151768
v 0.148937 0.004157 -0.152566
v 0.148647 0.003536 -0.153266
v 0.148409 0.002778 -0.153841
v 0.148232 0.001913 -0.154268
v 0.148123 0.000975 -0.154531
v 0.148087 0.000000 -0.154619
v 0.148123 -0.000975 -0.154531
v 0.148232 -0.001913 -0.154268
v 0.148409 -0.002778 -0.153841
v 0.148647 -0.003536 -0.153266
v 0.148937 -0.004157 -0.152566
v 0.149268 -0.004619 -0.151768
v 0.149627 -0.004904 -0.150901
v 0.149810 0.004904 -0.150957
v 0.149627 0.004619 -0.151877
v 0.149458 0.004157 -0.152724
v 0.149310 0.003536 -0.153468
v 0.149189 0.002778 -0.154077
v 0.149099 0.001913 -0.154531
v 0.149043 0.000975 -0.154810
v 0.149025 0.000000 -0.154904
v 0.149043 -0.000975 -0.154810
v 0.149099 -0.001913 -0.154531
v 0.149189 -0.002778 -0.154077
v 0.149310 -0.003536 -0.153468
v 0.149458 -0.004157 -0.152724
v 0.149627 -0.004619 -0.151877
v 0.149810 -0.004904 -0.150957
v 0.150000 0.004904 -0.150975
v 0.150000 0.004619 -0.151913
v 0.150000 0.004157 -0.152778
v 0.150000 0.003536 -0.153536
v 0.150000 0.002778 -0.154157
v 0.150000 0.001913 -0.154619
v 0.150000 0.000975 -0.154904
v 0.150000 0.000000 -0.155000
v 0.150000 -0.000975 -0.154904
v 0.150000 -0.001913 -0.154619
v 0.150000 -0.002778 -0.154157
v 0.150000 -0.003536 -0.153536
v 0.150000 -0.004157 -0.152778
v 0.150000 -0.004619 -0.151913
v 0.150000 -0.004904 -0.150975
v 0.150190 0.004904 -0.150957
v 0.150373 0.004619 -0.151877
v 0.150542 0.004157 -0.152724
v 0.150690 0.003536 -0.153468
v 0.150811 0.002778 -0.154077
v 0.150901 0.001913 -0.154531
v 0.150957 0.000975 -0.154810
v 0.150975 0.000000 -0.154904
v 0.150957 -0.000975 -0.154810
v 0.150901 -0.001913 -0.154531
v 0.150811 -0.002778 -0.154077
v 0.150690 -0.003536 -0.153468
v 0.150542 -0.004157 -0.152724
v 0.150373 -0.004619 -0.151877
v 0.150190 -0.004904 -0.150957
v 0.150373 0.004904 -0.150901
v 0.150732 0.004619 -0.151768
v 0.151063 0.004157 -0.152566
v 0.151353 0.003536 -0.153266
v 0.151591 0.002778 -0.153841
v 0.151768 0.001913 -0.154268
v 0.151877 0.000975 -0.154531
v 0.151913 0.000000 -0.154619
v 0.151877 -0.000975 -0.154531
v 0.151768 -0.001913 -0.154268
v 0.151591 -0.002778 -0.153841
v 0.151353 -0.003536 -0.153266
v 0.151063 -0.004157 -0.152566
v 0.150732 -0.004619 -0.151768
v 0.150373 -0.004904 -0.150901
v 0.150542 0.004904 -0.150811
v 0.151063 0.004619 -0.151591
v 0.151543 0.004157 -0.152310
v 0.151964 0.003536 -0.152940
v 0.152310 0.002778 -0.153457
v 0.152566 0.001913 -0.153841
v 0.152724 0.000975 -0.154077
v 0.152778 0.000000 -0.154157
v 0.152724 -0.000975 -0.154077
v 0.152566 -0.001913 -0.153841
v 0.152310 -0.002778 -0.153457
v 0.151964 -0.003536 -0.152940
v 0.151543 -0.004157 -0.152310
v 0.151063 -0.004619 -0.151591
v 0.150542 -0.004904 -0.150811
v 0.150690 0.004904 -0.150690
v 0.151353 0.004619 -0.151353
v 0.151964 0.004157 -0.151964
v 0.152500 0.003536 -0.152500
v 0.152940 0.002778 -0.152940
v 0.153266 0.001913 -0.153266
v 0.153468 0.000975 -0.153468
v 0.153536 0.000000 -0.153536
v 0.153468 -0.000975 -0.153468
v 0.153266 -0.001913 -0.153266
v 0.152940 -0.002778 -0.152940
v 0.152500 -0.003536 -0.152500
v 0.151964 -0.004157 -0.151964
v 0.151353 -0.004619 -0.151353
v 0.150690 -0.004904 -0.150690
v 0.150811 0.004904 -0.150542
v 0.151591 0.004619 -0.151063
v 0.152310 0.004157 -0.151543
v 0.152940 0.003536 -0.151964
v 0.153457 0.002778 -0.152310
v 0.153841 0.001913 -0.152566
v 0.154077 0.000975 -0.152724
v 0.154157 0.000000 -0.152778
v 0.154077 -0.000975 -0.152724
v 0.153841 -0.001913 -0.152566
v 0.153457 -0.002778 -0.152310
v 0.152940 -0.003536 -0.151964
v 0.152310 -0.004157 -0.151543
v 0.151591 -0.004619 -0.151063
v 0.150811 -0.004904 -0.150542
v 0.150901 0.004904 -0.150373
v 0.151768 0.004619 -0.150732
v 0.152566 0.004157 -0.151063
v 0.153266 0.003536 -0.151353
v 0.153841 0.002778 -0.151591
v 0.154268 0.001913 -0.151768
v 0.154531 0.000975 -0.151877
v 0.154619 0.000000 -0.151913
v 0.154531 -0.000975 -0.151877
v 0.154268 -0.001913 -0.151768
v 0.153841 -0.002778 -0.151591
v 0.153266 -0.003536 -0.151353
v 0.152566 -0.004157 -0.151063
v 0.151768 -0.004619 -0.150732
v 0.150901 -0.004904 -0.150373
v 0.150957 0.004904 -0.150190
v 0.151877 0.004619 -0.150373
v 0.152724 0.004157 -0.150542
v 0.153468 0.003536 -0.150690
v 0.154077 0.002778 -0.150811
v 0.154531 0.001913 -0.150901
v 0.154810 0.000975 -0.150957
v 0.154904 0.000000 -0.150975
v 0.154810 -0.000975 -0.150957
v 0.154531 -0.001913 -0.150901
v 0.154077 -0.002778 -0.150811
v 0.153468 -0.003536 -0.150690
v 0.152724 -0.004157 -0.150542
v 0.151877 -0.004619 -0.150373
v 0.150957 -0.004904 -0.150190
v 0.150975 0.004904 -0.150000
v 0.151913 0.004619 -0.150000
v 0.152778 0.004157 -0.150000
v 0.153536 0.003536 -0.150000
v 0.154157 0.002778 -0.150000
v 0.154619 0.001913 -0.150000
v 0.154904 0.000975 -0.150000
v 0.155000 0.000000 -0.150000
v 0.154904 -0.000975 -0.150000
v 0.154619 -0.001913 -0.150000
v 0.154157 -0.002778 -0.150000
v 0.153536 -0.003536 -0.150000
v 0.152778 -0.004157 -0.150000
v 0.151913 -0.004619 -0.150000
v 0.150975 -0.004904 -0.150000
v 0.150957 0.004904 -0.149810
v 0.151877 0.004619 -0.149627
v 0.152724 0.004157 -0.149458
v 0.153468 0.003536 -0.149310
v 0.154077 0.002778 -0.149189
v 0.154531 0.001913 -0.149099
v 0.154810 0.000975 -0.149043
v 0.154904 0.000000 -0.149025
v 0.154810 -0.000975 -0.149043
v 0.154531 -0.001913 -0.149099
v 0.154077 -0.002778 -0.149189
v 0.153468 -0.003536 -0.149310
v 0.152724 -0.004157 -0.149458
v 0.151877 -0.004619 -0.149627
v 0.150957 -0.004904 -0.149810
v 0.150901 0.004904 -0.149627
v 0.151768 0.004619 -0.149268
v 0.152566 0.004157 -0.148937
v 0.153266 0.003536 -0.148647
v 0.153841 0.002778 -0.148409
v 0.154268 0.001913 -0.148232
v 0.154531 0.000975 -0.148123
v 0.154619 0.000000 -0.148087
v 0.154531 -0.000975 -0.148123
v 0.154268 -0.001913 -0.148232
v 0.153841 -0.002778 -0.148409
v 0.153266 -0.003536 -0.148647
v 0.152566 -0.004157 -0.148937
v 0.151768 -0.004619 -0.149268
v 0.150901 -0.004904 -0.149627
v 0.150811 0.004904 -0.149458
v 0.151591 0.004619 -0.148937
v 0.152310 0.004157 -0.148457
v 0.152940 0.003536 -0.148036
v 0.153457 0.002778 -0.147690
v 0.153841 0.001913 -0.147434
v 0.154077 0.000975 -0.147276
v 0.154157 0.000000 -0.147222
v 0.154077 -0.000975 -0.147276
v 0.153841 -0.001913 -0.147434
v 0.153457 -0.002778 -0.147690
v 0.152940 -0.003536 -0.148036
v 0.152310 -0.004157 -0.148457
v 0.151591 -0.004619 -0.148937
v 0.150811 -0.004904 -0.149458
v 0.150690 0.004904 -0.149310
v 0.151353 0.004619 -0.148647
v 0.151964 0.004157 -0.148036
v 0.152500 0.003536 -0.147500
v 0.152940 0.002778 -0.147060
v 0.153266 0.001913 -0.146734
v 0.153468 0.000975 -0.146532
v 0.153536 0.000000 -0.146464
v 0.153468 -0.000975 -0.146532
v 0.153266 -0.001913 -0.146734
v 0.152940 -0.002778 -0.147060
v 0.152500 -0.003536 -0.147500
v 0.151964 -0.004157 -0.148036
v 0.151353 -0.004619 -0.148647
v 0.150690 -0.004904 -0.149310
v 0.150542 0.004904 -0.149189
v 0.151063 0.004619 -0.148409
v 0.151543 0.004157 -0.147690
v 0.151964 0.003536 -0.147060
v 0.152310 0.002778 -0.146543
v 0.152566 0.001913 -0.146159
v 0.152724 0.000975 -0.145923
v 0.152778 0.000000 -0.145843
v 0.152724 -0.000975 -0.145923
v 0.152566 -0.001913 -0.146159
v 0.152310 -0.002778 -0.146543
v 0.151964 -0.003536 -0.147060
v 0.151543 -0.004157 -0.147690
v 0.151063 -0.004619 -0.148409
v 0.150542 -0.004904 -0.149189
v 0.150000 -0.005000 -0.150000
v 0.150373 0.004904 -0.149099
v 0.150732 0.004619 -0.148232
v 0.151063 0.004157 -0.147434
v 0.151353 0.003536 -0.146734
v 0.151591 0.002778 -0.146159
v 0.151768 0.001913 -0.145732
v 0.151877 0.000975 -0.145469
v 0.151913 0.000000 -0.145381
v 0.151877 -0.000975 -0.145469
v 0.151768 -0.001913 -0.145732
v 0.151591 -0.002778 -0.146159
v 0.151353 -0.003536 -0.146734
v 0.151063 -0.004157 -0.147434
v 0.150732 -0.004619 -0.148232
v 0.150373 -0.004904 -0.149099
v 0.150190 0.004904 -0.149043
v 0.150373 0.004619 -0.148123
v 0.150542 0.004157 -0.147276
v 0.150690 0.003536 -0.146532
v 0.150811 0.002778 -0.145923
v 0.150901 0.001913 -0.145469
v 0.150957 0.000975 -0.145190
v 0.150975 0.000000 -0.145096
v 0.150957 -0.000975 -0.145190
v 0.150901 -0.001913 -0.145469
v 0.150811 -0.002778 -0.145923
v 0.150690 -0.003536 -0.146532
v 0.150542 -0.004157 -0.147276
v 0.150373 -0.004619 -0.148123
v 0.150190 -0.004904 -0.149043
v 0.150000 0.004904 -0.149025
v 0.150000 0.004619 -0.148087
v 0.150000 0.004157 -0.147222
v 0.150000 0.003536 -0.146464
v 0.150000 0.002778 -0.145843
v 0.150000 0.001913 -0.145381
v 0.150000 0.000975 -0.145096
v 0.150000 0.000000 -0.145000
v 0.150000 -0.000975 -0.145096
v 0.150000 -0.001913 -0.145381
v 0.150000 -0.002778 -0.145843
v 0.150000 -0.003536 -0.146464
v 0.150000 -0.004157 -0.147222
v 0.150000 -0.004619 -0.148087
v 0.150000 -0.004904 -0.149025
v 0.149810 0.004904 -0.149043
v 0.149627 0.004619 -0.148123
v 0.149458 0.004157 -0.147276
v 0.149310 0.003536 -0.146532
v 0.149189 0.002778 -0.145923
v 0.149099 0.001913 -0.145469
v 0.149043 0.000975 -0.145190
v 0.149025 0.000000 -0.145096
v 0.149043 -0.000975 -0.145190
v 0.149099 -0.001913 -0.145469
v 0.149189 -0.002778 -0.145923
v 0.149310 -0.003536 -0.146532
v 0.149458 -0.004157 -0.147276
v 0.149627 -0.004619 -0.148123
v 0.149810 -0.004904 -0.149043
v 0.149627 0.004904 -0.149099
v 0.149268 0.004619 -0.148232
v 0.148937 0.004157 -0.147434
v 0.148647 0.003536 -0.146734
v 0.148409 0.002778 -0.146159
v 0.148232 0.001913 -0.145732
v 0.148123 0.000975 -0.145469
v 0.148087 0.000000 -0.145381
v 0.148123 -0.000975 -0.145469
v 0.148232 -0.001913 -0.145732
v 0.148409 -0.002778 -0.146159
v 0.148647 -0.003536 -0.146734
v 0.148937 -0.004157 -0.147434
v 0.149268 -0.004619 -0.148232
v 0.149627 -0.004904 -0.149099
v 0.149458 0.004904 -0.149189
v 0.148937 0.004619 -0.148409
v 0.148457 0.004157 -0.147690
v 0.148036 0.003536 -0.147060
v 0.147690 0.002778 -0.146543
v 0.147434 0.001913 -0.146159
v 0.147276 0.000975 -0.145923
v 0.147222 0.000000 -0.145843
v 0.147276 -0.000975 -0.145923
v 0.147434 -0.001913 -0.146159
v 0.147690 -0.002778 -0.146543
v 0.148036 -0.003536 -0.147060
v 0.148457 -0.004157 -0.147690
v 0.148937 -0.004619 -0.148409
v 0.149458 -0.004904 -0.149189
v 0.149310 0.004904 -0.149310
v 0.148647 0.004619 -0.148647
v 0.148036 0.004157 -0.148036
v 0.147500 0.003536 -0.147500
v 0.147060 0.002778 -0.147060
v 0.146734 0.001913 -0.146734
v 0.146532 0.000975 -0.146532
v 0.146464 0.000000 -0.146464
v 0.146532 -0.000975 -0.146532
v 0.146734 -0.001913 -0.146734
v 0.147060 -0.002778 -0.147060
v 0.147500 -0.003536 -0.147500
v 0.148036 -0.004157 -0.148036
v 0.148647 -0.004619 -0.148647
v 0.149310 -0.004904 -0.149310
v 0.149189 0.004904 -0.149458
v 0.148409 0.004619 -0.148937
v 0.147690 0.004157 -0.148457
v 0.147060 0.003536 -0.148036
v 0.146543 0.002778 -0.147690
v 0.146159 0.001913 -0.147434
v 0.145923 0.000975 -0.147276
v 0.145843 0.000000 -0.147222
v 0.145923 -0.000975 -0.147276
v 0.146159 -0.001913 -0.147434
v 0.146543 -0.002778 -0.147690
v 0.147060 -0.003536 -0.148036
v 0.147690 -0.004157 -0.148457
v 0.148409 -0.004619 -0.148937
v 0.149189 -0.004904 -0.149458
v 0.150000 0.005000 -0.150000
v 0.149099 0.004904 -0.149627
v 0.148232 0.004619 -0.149268
v 0.147434 0.004157 -0.148937
v 0.146734 0.003536 -0.148647
v 0.146159 0.002778 -0.148409
v 0.145732 0.001913 -0.148232
v 0.145469 0.000975 -0.148123
v 0.145381 0.000000 -0.148087
v 0.145469 -0.000975 -0.148123
v 0.145732 -0.001913 -0.148232
v 0.146159 -0.002778 -0.148409
v 0.146734 -0.003536 -0.148647
v 0.147434 -0.004157 -0.148937
v 0.148232 -0.004619 -0.149268
v 0.149099 -0.004904 -0.149627
v 0.149043 0.004904 -0.149810
v 0.148123 0.004619 -0.149627
v 0.147276 0.004157 -0.149458
v 0.146532 0.003536 -0.149310
v 0.145923 0.002778 -0.149189
v 0.145469 0.001913 -0.149099
v 0.145190 0.000975 -0.149043
v 0.145096 0.000000 -0.149025
v 0.145190 -0.000975 -0.149043
v 0.145469 -0.001913 -0.149099
v 0.145923 -0.002778 -0.149189
v 0.146532 -0.003536 -0.149310
v 0.147276 -0.004157 -0.149458
v 0.148123 -0.004619 -0.149627
v 0.149043 -0.004904 -0.149810
vn -0.8333 -0.5528 0.0000
vn -0.9247 -0.3805 0.0000
vn -0.9070 -0.3805 -0.1804
vn -0.8173 -0.5528 -0.1626
vn -0.7101 0.7040 0.0000
vn -0.5598 0.8286 0.0000
vn -0.5490 0.8286 -0.1092
vn -0.6965 0.7040 -0.1385
vn -0.7101 -0.7040 0.0000
vn -0.6965 -0.7040 -0.1385
vn -0.8333 0.5528 0.0000
vn -0.8173 0.5528 -0.1626
vn -0.5598 -0.8286 0.0000
vn -0.5490 -0.8286 -0.1092
vn -0.9247 0.3805 0.0000
vn -0.9070 0.3805 -0.1804
vn -0.3879 -0.9217 0.0000
vn -0.3804 -0.9217 -0.0757
vn -0.9810 0.1939 0.0000
vn -0.9622 0.1939 -0.1914
vn -0.2010 -0.9796 0.0000
vn -0.1971 -0.9796 -0.0392
vn -1.0000 0.0000 0.0000
vn -0.9808 0.0000 -0.1951
vn -0.9810 -0.1939 0.0000
vn -0.9622 -0.1939 -0.1914
vn -0.3879 0.9217 0.0000
vn -0.2010 0.9796 0.0000
vn -0.1971 0.9796 -0.0392
vn -0.3804 0.9217 -0.0757
vn -0.9063 -0.1939 -0.3754
vn -0.8544 -0.3805 -0.3539
vn -0.3583 0.9217 -0.1484
vn -0.5172 0.8286 -0.2142
vn -0.7699 -0.5528 -0.3189
vn -0.6561 0.7040 -0.2717
vn -0.6561 -0.7040 -0.2717
vn -0.7699 0.5528 -0.3189
vn -0.5171 -0.8286 -0.2142
vn -0.8544 0.3805 -0.3539
vn -0.3583 -0.9217 -0.1484
vn -0.9063 0.1939 -0.3754
vn -0.1856 -0.9796 -0.0769
vn -0.9239 0.0000 -0.3827
vn -0.1856 0.9796 -0.0769
vn -0.4654 -0.8286 -0.3110
vn -0.3225 -0.9217 -0.2155
vn -0.7689 0.3805 -0.5137
vn -0.8157 0.1939 -0.5450
vn -0.1671 -0.9796 -0.1116
vn -0.8314 0.0000 -0.5556
vn -0.8157 -0.1939 -0.5450
vn -0.1671 0.9796 -0.1116
vn -0.3225 0.9217 -0.2155
vn -0.7689 -0.3805 -0.5137
vn -0.4654 0.8286 -0.3110
vn -0.6929 -0.5528 -0.4630
vn -0.5904 0.7040 -0.3945
vn -0.5904 -0.7040 -0.3945
vn -0.6929 0.5528 -0.4630
vn -0.2743 0.9217 -0.2743
vn -0.3958 0.8286 -0.3958
vn -0.6539 -0.3805 -0.6539
vn -0.5893 -0.5528 -0.5893
vn -0.5021 0.7040 -0.5021
vn -0.5021 -0.7040 -0.5021
vn -0.5893 0.5528 -0.5893
vn -0.3958 -0.8286 -0.3958
vn -0.6539 0.3805 -0.6539
vn -0.2743 -0.9217 -0.2743
vn -0.6937 0.1939 -0.6937
vn -0.1421 -0.9796 -0.1421
vn -0.7071 0.0000 -0.7071
vn -0.6937 -0.1939 -0.6937
vn -0.1421 0.9796 -0.1421
vn -0.5137 0.3805 -0.7689
vn -0.5450 0.1939 -0.8157
vn -0.2155 -0.9217 -0.3225
vn -0.1116 -0.9796 -0.1671
vn -0.5556 0.0000 -0.8314
vn -0.5450 -0.1939 -0.8157
vn -0.1116 0.9796 -0.1671
vn -0.2155 0.9217 -0.3225
vn -0.5137 -0.3805 -0.7689
vn -0.3110 0.8286 -0.4654
vn -0.4630 -0.5528 -0.6929
vn -0.3945 0.7041 -0.5904
vn -0.3945 -0.7040 -0.5904
vn -0.4630 0.5528 -0.6929
vn -0.3110 -0.8286 -0.4654
vn -0.3539 -0.3805 -0.8544
vn -0.3189 -0.5528 -0.7699
vn -0.2142 0.8286 -0.5171
vn -0.2717 0.7040 -0.6561
vn -0.2717 -0.7040 -0.6561
vn -0.3189 0.5528 -0.7699
vn -0.2142 -0.8286 -0.5171
vn -0.3539 0.3805 -0.8544
vn -0.1484 -0.9217 -0.3583
vn -0.3754 0.1939 -0.9063
vn -0.0769 -0.9796 -0.1856
vn -0.3827 0.0000 -0.9239
vn -0.3754 -0.1939 -0.9063
vn -0.0769 0.9796 -0.1856
vn -0.1484 0.9217 -0.3583
vn -0.0757 -0.9217 -0.3804
vn -0.0392 -0.9796 -0.1971
vn -0.1914 0.1939 -0.9622
vn -0.1951 0.0000 -0.9808
vn -0.1914 -0.1939 -0.9622
vn -0.0392 0.9796 -0.1971
vn -0.0757 0.9217 -0.3804
vn -0.1804 -0.3805 -0.9070
vn -0.1092 0.8286 -0.5490
vn -0.1625 -0.5528 -0.8173
vn -0.1385 0.7040 -0.6965
vn -0.1385 -0.7040 -0.6965
vn -0.1625 0.5528 -0.8173
vn -0.1092 -0.8286 -0.5490
vn -0.1804 0.3805 -0.9070
vn 0.0000 0.8286 -0.5598
vn 0.0000 0.7040 -0.7101
vn 0.0000 -0.5528 -0.8333
vn 0.0000 -0.7040 -0.7101
vn 0.0000 0.5528 -0.8333
vn 0.0000 -0.8286 -0.5598
vn 0.0000 0.3805 -0.9247
vn 0.0000 -0.9217 -0.3879
vn 0.0000 0.1939 -0.9810
vn 0.0000 -0.9796 -0.2010
vn 0.0000 0.0000 -1.0000
vn 0.0000 -0.1939 -0.9810
vn 0.0000 0.9796 -0.2010
vn 0.0000 0.9217 -0.3879
vn 0.0000 -0.3805 -0.9247
vn 0.1914 0.1939 -0.9622
vn 0.1951 0.0000 -0.9808
vn 0.1914 -0.1939 -0.9622
vn 0.0392 0.9796 -0.1971
vn 0.0757 0.9217 -0.3804
vn 0.1804 -0.3805 -0.9070
vn 0.1092 0.8286 -0.5490
vn 0.1625 -0.5528 -0.8173
vn 0.1385 0.7040 -0.6965
vn 0.1385 -0.7040 -0.6965
vn 0.1625 0.5528 -0.8173
vn 0.1092 -0.8286 -0.5490
vn 0.1804 0.3805 -0.9070
vn 0.0757 -0.9217 -0.3804
vn 0.0392 -0.9796 -0.1971
vn 0.3189 -0.5528 -0.7699
vn 0.2717 -0.7040 -0.6561
vn 0.2717 0.7041 -0.6561
vn 0.3189 0.5528 -0.7699
vn 0.2142 -0.8286 -0.5171
vn 0.3539 0.3805 -0.8544
vn 0.1484 -0.9217 -0.3583
vn 0.3754 0.1939 -0.9063
vn 0.0769 -0.9796 -0.1857
vn 0.3827 0.0000 -0.9239
vn 0.3754 -0.1939 -0.9063
vn 0.0769 0.9796 -0.1857
vn 0.1484 0.9217 -0.3583
vn 0.3539 -0.3805 -0.8544
vn 0.2142 0.8286 -0.5171
vn 0.5556 0.0000 -0.8314
vn 0.5450 -0.1939 -0.8157
vn 0.1116 0.9796 -0.1671
vn 0.2155 0.9217 -0.3225
vn 0.5137 -0.3805 -0.7689
vn 0.3110 0.8286 -0.4654
vn 0.4630 -0.5528 -0.6929
vn 0.3945 0.7041 -0.5904
vn 0.3945 -0.7040 -0.5904
vn 0.4630 0.5528 -0.6929
vn 0.3110 -0.8286 -0.4654
vn 0.5137 0.3805 -0.7689
vn 0.2155 -0.9217 -0.3225
vn 0.5450 0.1939 -0.8157
vn 0.1116 -0.9796 -0.1671
vn 0.5021 -0.7040 -0.5021
vn 0.3958 -0.8286 -0.3958
vn 0.5893 0.5528 -0.5893
vn 0.6539 0.3805 -0.6539
vn 0.2743 -0.9217 -0.2743
vn 0.6937 0.1939 -0.6937
vn 0.1421 -0.9796 -0.1421
vn 0.7071 0.0000 -0.7071
vn 0.6937 -0.1939 -0.6937
vn 0.1421 0.9796 -0.1421
vn 0.2743 0.9217 -0.2743
vn 0.6539 -0.3805 -0.6539
vn 0.3958 0.8286 -0.3958
vn 0.5893 -0.5528 -0.5893
vn 0.5021 0.7040 -0.5021
vn 0.1671 0.9796 -0.1116
vn 0.3225 0.9217 -0.2155
vn 0.8157 -0.1939 -0.5450
vn 0.7689 -0.3805 -0.5137
vn 0.4654 0.8286 -0.3110
vn 0.6929 -0.5528 -0.4630
vn 0.5904 0.7040 -0.3945
vn 0.5904 -0.7040 -0.3945
vn 0.6929 0.5528 -0.4630
vn 0.4654 -0.8286 -0.3110
vn 0.7689 0.3805 -0.5137
vn 0.3225 -0.9217 -0.2155
vn 0.8157 0.1939 -0.5450
vn 0.1671 -0.9796 -0.1116
vn 0.8314 0.0000 -0.5556
vn 0.7699 0.5528 -0.3189
vn 0.8544 0.3805 -0.3539
vn 0.5171 -0.8286 -0.2142
vn 0.3583 -0.9217 -0.1484
vn 0.9063 0.1939 -0.3754
vn 0.1856 -0.9796 -0.0769
vn 0.9239 0.0000 -0.3827
vn 0.9063 -0.1939 -0.3754
vn 0.1856 0.9796 -0.0769
vn 0.3583 0.9217 -0.1484
vn 0.8544 -0.3805 -0.3539
vn 0.5171 0.8286 -0.2142
vn 0.7699 -0.5528 -0.3189
vn 0.6561 0.7040 -0.2717
vn 0.6561 -0.7040 -0.2717
vn 0.9622 -0.1939 -0.1914
vn 0.9070 -0.3805 -0.1804
vn 0.3804 0.9217 -0.0757
vn 0.5490 0.8286 -0.1092
vn 0.8173 -0.5528 -0.1626
vn 0.6965 0.7040 -0.1385
vn 0.6965 -0.7041 -0.1385
vn 0.8173 0.5528 -0.1626
vn 0.5490 -0.8286 -0.1092
vn 0.9070 0.3805 -0.1804
vn 0.3804 -0.9217 -0.0757
vn 0.9622 0.1939 -0.1914
vn 0.1971 -0.9796 -0.0392
vn 0.9808 0.0000 -0.1951
vn 0.1971 0.9796 -0.0392
vn 0.5598 -0.8286 0.0000
vn 0.3879 -0.9217 0.0000
vn 0.9247 0.3805 0.0000
vn 0.9810 0.1939 0.0000
vn 0.2010 -0.9796 0.0000
vn 1.0000 0.0000 0.0000
vn 0.9810 -0.1939 0.0000
vn 0.2010 0.9796 0.0000
vn 0.3879 0.9217 0.0000
vn 0.9247 -0.3805 0.0000
vn 0.5598 0.8286 0.0000
vn 0.8333 -0.5528 0.0000
vn 0.7101 0.7040 0.0000
vn 0.7101 -0.7040 0.0000
vn 0.8333 0.5528 0.0000
vn 0.3804 0.9217 0.0757
vn 0.5490 0.8286 0.1092
vn 0.9070 -0.3805 0.1804
vn 0.8173 -0.5528 0.1626
vn 0.6965 0.7040 0.1385
vn 0.6965 -0.7040 0.1385
vn 0.8173 0.5528 0.1626
vn 0.5490 -0.8286 0.1092
vn 0.9070 0.3805 0.1804
vn 0.3804 -0.9217 0.0757
vn 0.9622 0.1939 0.1914
vn 0.1971 -0.9796 0.0392
vn 0.9808 0.0000 0.1951
vn 0.9622 -0.1939 0.1914
vn 0.1971 0.9796 0.0392
vn 0.8544 0.3805 0.3539
vn 0.9063 0.1939 0.3754
vn 0.3583 -0.9217 0.1484
vn 0.1856 -0.9796 0.0769
vn 0.9239 0.0000 0.3827
vn 0.9063 -0.1939 0.3754
vn 0.1856 0.9796 0.0769
vn 0.3583 0.9217 0.1484
vn 0.8544 -0.3805 0.3539
vn 0.5171 0.8286 0.2142
vn 0.7699 -0.5528 0.3189
vn 0.6561 0.7040 0.2717
vn 0.6561 -0.7040 0.2717
vn 0.7699 0.5528 0.3189
vn 0.5171 -0.8286 0.2142
vn 0.7689 -0.3805 0.5137
vn 0.6929 -0.5528 0.4630
vn 0.4654 0.8286 0.3110
vn 0.5904 0.7040 0.3945
vn 0.5904 -0.7040 0.3945
vn 0.6929 0.5528 0.4630
vn 0.4654 -0.8286 0.3110
vn 0.7689 0.3805 0.5137
vn 0.3225 -0.9217 0.2155
vn 0.8157 0.1939 0.5450
vn 0.1671 -0.9796 0.1116
vn 0.8314 0.0000 0.5556
vn 0.8157 -0.1939 0.5450
vn 0.1671 0.9796 0.1116
vn 0.3225 0.9217 0.2155
vn 0.2743 -0.9217 0.2743
vn 0.1421 -0.9796 0.1421
vn 0.6937 0.1939 0.6937
vn 0.7071 0.0000 0.7071
vn 0.6937 -0.1939 0.6937
vn 0.1421 0.9796 0.1421
vn 0.2743 0.9217 0.2743
vn 0.6539 -0.3805 0.6539
vn 0.3958 0.8286 0.3958
vn 0.5893 -0.5528 0.5893
vn 0.5021 0.7040 0.5021
vn 0.5021 -0.7040 0.5021
vn 0.5893 0.5528 0.5893
vn 0.3958 -0.8286 0.3958
vn 0.6539 0.3805 0.6539
vn 0.4630 -0.5528 0.6929
vn 0.3945 -0.7041 0.5904
vn 0.3945 0.7041 0.5904
vn 0.4630 0.5528 0.6929
vn 0.3110 -0.8286 0.4654
vn 0.5137 0.3805 0.7689
vn 0.2155 -0.9217 0.3225
vn 0.5450 0.1939 0.8157
vn 0.1116 -0.9796 0.1671
vn 0.5556 0.0000 0.8314
vn 0.5450 -0.1939 0.8157
vn 0.1116 0.9796 0.1671
vn 0.2155 0.9217 0.3225
vn 0.5137 -0.3805 0.7689
vn 0.3110 0.8286 0.4654
vn 0.3827 0.0000 0.9239
vn 0.3754 -0.1939 0.9063
vn 0.0769 0.9796 0.1857
vn 0.1484 0.9217 0.3583
vn 0.3539 -0.3805 0.8544
vn 0.2142 0.8286 0.5171
vn 0.3189 -0.5528 0.7699
vn 0.2717 0.7041 0.6561
vn 0.2717 -0.7041 0.6561
vn 0.3189 0.5528 0.7699
vn 0.2142 -0.8286 0.5171
vn 0.3539 0.3805 0.8544
vn 0.1484 -0.9217 0.3583
vn 0.3754 0.1939 0.9063
vn 0.0769 -0.9796 0.1856
vn 0.1385 0.7040 0.6965
vn 0.1625 0.5528 0.8173
vn 0.1385 -0.7040 0.6965
vn 0.1092 -0.8286 0.5490
vn 0.1804 0.3805 0.9070
vn 0.0757 -0.9217 0.3804
vn 0.1914 0.1939 0.9622
vn 0.0392 -0.9796 0.1971
vn 0.1951 0.0000 0.9808
vn 0.1914 -0.1939 0.9622
vn 0.0392 0.9796 0.1971
vn 0.0757 0.9217 0.3804
vn 0.1804 -0.3805 0.9070
vn 0.1092 0.8286 0.5490
vn 0.1625 -0.5528 0.8173
vn 0.0000 0.0000 1.0000
vn 0.0000 -0.1939 0.9810
vn 0.0000 0.9796 0.2010
vn 0.0000 0.9217 0.3879
vn 0.0000 -0.3805 0.9247
vn 0.0000 0.8286 0.5598
vn 0.0000 -0.5528 0.8333
vn 0.0000 0.7040 0.7101
vn 0.0000 -0.7040 0.7101
vn 0.0000 0.5528 0.8333
vn 0.0000 -0.8286 0.5598
vn 0.0000 0.3805 0.9247
vn 0.0000 -0.9217 0.3879
vn 0.0000 0.1939 0.9810
vn 0.0000 -0.9796 0.2010
vn -0.1385 -0.7040 0.6965
vn -0.1092 -0.8286 0.5490
vn -0.1625 0.5528 0.8173
vn -0.1804 0.3805 0.9070
vn -0.0757 -0.9217 0.3804
vn -0.1914 0.1939 0.9622
vn -0.0392 -0.9796 0.1971
vn -0.1951 0.0000 0.9808
vn -0.1914 -0.1939 0.9622
vn -0.0392 0.9796 0.1971
vn -0.0757 0.9217 0.3804
vn -0.1804 -0.3805 0.9070
vn -0.1092 0.8286 0.5490
vn -0.1625 -0.5528 0.8173
vn -0.1385 0.7040 0.6965
vn -0.0769 0.9796 0.1856
vn -0.1484 0.9217 0.3583
vn -0.3754 -0.1939 0.9063
vn -0.3539 -0.3805 0.8544
vn -0.2142 0.8286 0.5171
vn -0.3189 -0.5528 0.7699
vn -0.2717 0.7041 0.6561
vn -0.2717 -0.7040 0.6561
vn -0.3189 0.5528 0.7699
vn -0.2142 -0.8286 0.5171
vn -0.3539 0.3805 0.8544
vn -0.1484 -0.9217 0.3583
vn -0.3754 0.1939 0.9063
vn -0.0769 -0.9796 0.1856
vn -0.3827 0.0000 0.9239
vn -0.4630 0.5528 0.6929
vn -0.5137 0.3805 0.7689
vn -0.3110 -0.8286 0.4654
vn -0.2155 -0.9217 0.3225
vn -0.5450 0.1939 0.8157
vn -0.1116 -0.9796 0.1671
vn -0.5556 0.0000 0.8314
vn -0.5450 -0.1939 0.8157
vn -0.1116 0.9796 0.1671
vn -0.2155 0.9217 0.3225
vn -0.5137 -0.3805 0.7689
vn -0.3110 0.8286 0.4654
vn -0.4630 -0.5528 0.6929
vn -0.3945 0.7041 0.5904
vn -0.3945 -0.7041 0.5904
vn -0.6937 -0.1939 0.6937
vn -0.6539 -0.3805 0.6539
vn -0.2743 0.9217 0.2743
vn -0.3958 0.8286 0.3958
vn -0.5893 -0.5528 0.5893
vn -0.5021 0.7040 0.5021
vn -0.5021 -0.7040 0.5021
vn -0.5893 0.5528 0.5893
vn -0.3958 -0.8286 0.3958
vn -0.6539 0.3805 0.6539
vn -0.2743 -0.9217 0.2743
vn -0.6937 0.1939 0.6937
vn -0.1421 -0.9796 0.1421
vn -0.7071 0.0000 0.7071
vn -0.1421 0.9796 0.1421
vn -0.4654 -0.8286 0.3110
vn -0.3225 -0.9217 0.2155
vn -0.7689 0.3805 0.5137
vn -0.8157 0.1939 0.5450
vn -0.1671 -0.9796 0.1116
vn -0.8314 0.0000 0.5556
vn -0.8157 -0.1939 0.5450
vn -0.1671 0.9796 0.1116
vn -0.3225 0.9217 0.2155
vn -0.7689 -0.3805 0.5137
vn -0.4654 0.8286 0.3110
vn -0.6929 -0.5528 0.4630
vn -0.5904 0.7040 0.3945
vn -0.5904 -0.7040 0.3945
vn -0.6929 0.5528 0.4630
vn -0.8544 -0.3805 0.3539
vn -0.7699 -0.5528 0.3189
vn -0.5171 0.8286 0.2142
vn -0.6561 0.7040 0.2717
vn -0.6561 -0.7040 0.2717
vn -0.7699 0.5528 0.3189
vn -0.5171 -0.8286 0.2142
vn -0.8544 0.3805 0.3539
vn -0.3583 -0.9217 0.1484
vn -0.9063 0.1939 0.3754
vn -0.1856 -0.9796 0.0769
vn -0.9239 0.0000 0.3827
vn -0.9063 -0.1939 0.3754
vn -0.1856 0.9796 0.0769
vn -0.3583 0.9217 0.1484
vn -0.3804 -0.9217 0.0757
vn -0.1971 -0.9796 0.0392
vn -0.9622 0.1939 0.1914
vn -0.9808 0.0000 0.1951
vn -0.9622 -0.1939 0.1914
vn -0.1971 0.9796 0.0392
vn -0.3804 0.9217 0.0757
vn -0.9070 -0.3805 0.1804
vn -0.5490 0.8286 0.1092
vn -0.8173 -0.5528 0.1626
vn -0.6965 0.7040 0.1385
vn -0.6965 -0.7040 0.1385
vn -0.8173 0.5528 0.1626
vn -0.5490 -0.8286 0.1092
vn -0.9070 0.3805 0.1804
vn 0.0000 1.0000 0.0000
vn 0.0000 -1.0000 0.0000
usemtl Material.001
s 1
f 493//483 492//484 507//485 508//486
f 486//487 485//488 500//489 501//490
f 494//491 493//483 508//486 509//492
f 487//493 486//487 501//490 502//494
f 495//495 494//491 509//492 510//496
f 488//497 487//493 502//494 503//498
f 496//499 495//495 510//496 511//500
f 489//501 488//497 503//498 504//502
f 497//503 496//499 511//500 512//504
f 490//505 489//501 504//502 505//506
f 491//507 490//505 505//506 506//508
f 484//509 483//510 498//511 499//512
f 492//484 491//507 506//508 507//485
f 485//488 484//509 499//512 500//489
f 507//485 506//508 521//513 522//514
f 500//489 499//512 514//515 515//516
f 508//486 507//485 522//514 523//517
f 501//490 500//489 515//516 516//518
f 509//492 508//486 523//517 524//519
f 502//494 501//490 516//518 517//520
f 510//496 509//492 524//519 525//521
f 503//498 502//494 517//520 518//522
f 511//500 510//496 525//521 526//523
f 504//502 503//498 518//522 519//524
f 512//504 511//500 526//523 527//525
f 505//506 504//502 519//524 520//526
f 506//508 505//506 520//526 521//513
f 499//512 498//511 513//527 514//515
f 526//523 525//521 540//528 541//529
f 519//524 518//522 533//530 534//531
f 527//525 526//523 541//529 542//532
f 520//526 519//524 534//531 535//533
f 521//513 520//526 535//533 536//534
f 514//515 513//527 528//535 529//536
f 522//514 521//513 536//534 537//537
f 515//516 514//515 529//536 530//538
f 523//517 522//514 537//537 538//539
f 516//518 515//516 530//538 531//540
f 524//519 523//517 538//539 539//541
f 517//520 516//518 531//540 532//542
f 525//521 524//519 539//541 540//528
f 518//522 517//520 532//542 533//530
f 530//538 529//536 544//543 545//544
f 538//539 537//537 552//545 553//546
f 531//540 530//538 545//544 546//547
f 539//541 538//539 553//546 554//548
f 532//542 531//540 546//547 547//549
f 540//528 539//541 554//548 555//550
f 533//530 532//542 547//549 548//551
f 541//529 540//528 555//550 556//552
f 534//531 533//530 548//551 549//553
f 542//532 541//529 556//552 557//554
f 535//533 534//531 549//553 550//555
f 536//534 535//533 550//555 551//556
f 529//536 528//535 543//557 544//543
f 537//537 536//534 551//556 552//545
f 549//553 548//551 563//558 564//559
f 557//554 556//552 571//560 572//561
f 550//555 549//553 564//559 565//562
f 551//556 550//555 565//562 566//563
f 544//543 543//557 558//564 559//565
f 552//545 551//556 566//563 567//566
f 545//544 544//543 559//565 560//567
f 553//546 552//545 567//566 568//568
f 546//547 545//544 560//567 561//569
f 554//548 553//546 568//568 569//570
f 547//549 546//547 561//569 562//571
f 555//550 554//548 569//570 570//572
f 548//551 547//549 562//571 563//558
f 556//552 555//550 570//572 571//560
f 568//568 567//566 582//573 583//574
f 561//569 560//567 575//575 576//576
f 569//570 568//568 583//574 584//577
f 562//571 561//569 576//576 577//578
f 570//572 569//570 584//577 585//579
f 563//558 562//571 577//578 578//580
f 571//560 570//572 585//579 586//581
f 564//559 563//558 578//580 579//582
f 572//561 571//560 586//581 587//583
f 565//562 564//559 579//582 580//584
f 566//563 565//562 580//584 581//585
f 559//565 558//564 573//586 574//587
f 567//566 566//563 581//585 582//573
f 560//567 559//565 574//587 575//575
f 587//583 586//581 601//588 602//589
f 580//584 579//582 594//590 595//591
f 581//585 580//584 595//591 596//592
f 574//587 573//586 588//593 589//594
f 582//573 581//585 596//592 597//595
f 575//575 574//587 589//594 590//596
f 583//574 582//573 597//595 598//597
f 576//576 575//575 590//596 591//598
f 584//577 583//574 598//597 599//599
f 577//578 576//576 591//598 592//600
f 585//579 584//577 599//599 600//601
f 578//580 577//578 592//600 593//602
f 586//581 585//579 600//601 601//588
f 579//582 578//580 593//602 594//590
f 591//598 590//596 605//603 606//604
f 599//599 598//597 613//605 614//606
f 592//600 591//598 606//604 607//607
f 600//601 599//599 614//606 615//608
f 593//602 592//600 607//607 608//609
f 601//588 600//601 615//608 616//610
f 594//590 593//602 608//609 609//611
f 602//589 601//588 616//610 617//612
f 595//591 594//590 609//611 610//613
f 596//592 595//591 610//613 611//614
f 589//594 588//593 603//615 604//616
f 597//595 596//592 611//614 612//617
f 590//596 589//594 604//616 605//603
f 598//597 597//595 612//617 613//605
f 610//613 609//611 624//618 625//619
f 611//614 610//613 625//619 626//620
f 604//616 603//615 618//621 619//622
f 612//617 611//614 626//620 627//623
f 605//603 604//616 619//622 620//624
f 613//605 612//617 627//623 628//625
f 606//604 605//603 620//624 621//626
f 614//606 613//605 628//625 629//627
f 607//607 606//604 621//626 622//628
f 615//608 614//606 629//627 630//629
f 608//609 607//607 622//628 623//630
f 616//610 615//608 630//629 631//631
f 609//611 608//609 623//630 624//618
f 617//612 616//610 631//631 632//632
f 629//627 628//625 643//633 644//634
f 622//628 621//626 636//635 637//636
f 630//629 629//627 644//634 645//637
f 623//630 622//628 637//636 638//638
f 631//631 630//629 645//637 646//639
f 624//618 623//630 638//638 639//640
f 632//632 631//631 646//639 647//641
f 625//619 624//618 639//640 640//642
f 626//620 625//619 640//642 641//643
f 619//622 618//621 633//644 634//645
f 627//623 626//620 641//643 642//646
f 620//624 619//622 634//645 635//647
f 628//625 627//623 642//646 643//633
f 621//626 620//624 635//647 636//635
f 641//643 640//642 655//648 656//649
f 634//645 633//644 648//650 649//651
f 642//646 641//643 656//649 657//652
f 635//647 634//645 649//651 650//653
f 643//633 642//646 657//652 658//654
f 636//635 635//647 650//653 651//655
f 644//634 643//633 658//654 659//656
f 637//636 636//635 651//655 652//657
f 645//637 644//634 659//656 660//658
f 638//638 637//636 652//657 653//659
f 646//639 645//637 660//658 661//660
f 639//640 638//638 653//659 654//661
f 647//641 646//639 661//660 662//662
f 640//642 639//640 654//661 655//648
f 660//658 659//656 674//663 675//664
f 653//659 652//657 667//665 668//666
f 661//660 660//658 675//664 676//667
f 654//661 653//659 668//666 669//668
f 662//662 661//660 676//667 677//669
f 655//648 654//661 669//668 670//670
f 656//649 655//648 670//670 671//671
f 649//651 648//650 663//672 664//673
f 657//652 656//649 671//671 672//674
f 650//653 649//651 664//673 665//675
f 658//654 657//652 672//674 673//676
f 651//655 650//653 665//675 666//677
f 659//656 658//654 673//676 674//663
f 652//657 651//655 666//677 667//665
f 664//673 663//672 678//678 679//679
f 672//674 671//671 686//680 687//681
f 665//675 664//673 679//679 680//682
f 673//676 672//674 687//681 688//683
f 666//677 665//675 680//682 681//684
f 674//663 673//676 688//683 689//685
f 667//665 666//677 681//684 682//686
f 675//664 674//663 689//685 690//687
f 668//666 667//665 682//686 683//688
f 676//667 675//664 690//687 691//689
f 669//668 668//666 683//688 684//690
f 677//669 676//667 691//689 692//691
f 670//670 669//668 684//690 685//692
f 671//671 670//670 685//692 686//680
f 683//688 682//686 697//693 698//694
f 691//689 690//687 705//695 706//696
f 684//690 683//688 698//694 699//697
f 692//691 691//689 706//696 707//698
f 685//692 684//690 699//697 700//699
f 686//680 685//692 700//699 701//700
f 679//679 678//678 693//701 694//702
f 687//681 686//680 701//700 702//703
f 680//682 679//679 694//702 695//704
f 688//683 687//681 702//703 703//705
f 681//684 680//682 695//704 696//706
f 689//685 688//683 703//705 704//707
f 682//686 681//684 696//706 697//693
f 690//687 689//685 704//707 705//695
f 702//703 701//700 716//708 717//709
f 695//704 694//702 709//710 710//711
f 703//705 702//703 717//709 718//712
f 696//706 695//704 710//711 711//713
f 704//707 703//705 718//712 719//714
f 697//693 696//706 711//713 712//715
f 705//695 704//707 719//714 720//716
f 698//694 697//693 712//715 713//717
f 706//696 705//695 720//716 721//718
f 699//697 698//694 713//717 714//719
f 707//698 706//696 721//718 722//720
f 700//699 699//697 714//719 715//721
f 701//700 700//699 715//721 716//708
f 694//702 693//701 708//722 709//710
f 721//718 720//716 735//723 736//724
f 714//719 713//717 728//725 729//726
f 722//720 721//718 736//724 737//727
f 715//721 714//719 729//726 730//728
f 716//708 715//721 730//728 731//729
f 709//710 708//722 723//730 724//731
f 717//709 716//708 731//729 732//732
f 710//711 709//710 724//731 725//733
f 718//712 717//709 732//732 733//734
f 711//713 710//711 725//733 726//735
f 719//714 718//712 733//734 734//736
f 712//715 711//713 726//735 727//737
f 720//716 719//714 734//736 735//723
f 713//717 712//715 727//737 728//725
f 725//733 724//731 739//738 740//739
f 733//734 732//732 747//740 748//741
f 726//735 725//733 740//739 741//742
f 734//736 733//734 748//741 749//743
f 727//737 726//735 741//742 742//744
f 735//723 734//736 749//743 750//745
f 728//725 727//737 742//744 743//746
f 736//724 735//723 750//745 751//747
f 729//726 728//725 743//746 744//748
f 737//727 736//724 751//747 752//749
f 730//728 729//726 744//748 745//750
f 731//729 730//728 745//750 746//751
f 724//731 723//730 738//752 739//738
f 732//732 731//729 746//751 747//740
f 744//748 743//746 758//753 759//754
f 752//749 751//747 766//755 767//756
f 745//750 744//748 759//754 760//757
f 746//751 745//750 760//757 761//758
f 739//738 738//752 753//759 754//760
f 747//740 746//751 761//758 762//761
f 740//739 739//738 754//760 755//762
f 748//741 747//740 762//761 763//763
f 741//742 740//739 755//762 756//764
f 749//743 748//741 763//763 764//765
f 742//744 741//742 756//764 757//766
f 750//745 749//743 764//765 765//767
f 743//746 742//744 757//766 758//753
f 751//747 750//745 765//767 766//755
f 763//763 762//761 777//768 778//769
f 756//764 755//762 770//770 771//771
f 764//765 763//763 778//769 779//772
f 757//766 756//764 771//771 772//773
f 765//767 764//765 779//772 780//774
f 758//753 757//766 772//773 773//775
f 766//755 765//767 780//774 781//776
f 759//754 758//753 773//775 774//777
f 767//756 766//755 781//776 782//778
f 760//757 759//754 774//777 775//779
f 761//758 760//757 775//779 776//780
f 754//760 753//759 768//781 769//782
f 762//761 761//758 776//780 777//768
f 755//762 754//760 769//782 770//770
f 782//778 781//776 796//783 797//784
f 775//779 774//777 789//785 790//786
f 776//780 775//779 790//786 791//787
f 769//782 768//781 783//788 784//789
f 777//768 776//780 791//787 792//790
f 770//770 769//782 784//789 785//791
f 778//769 777//768 792//790 793//792
f 771//771 770//770 785//791 786//793
f 779//772 778//769 793//792 794//794
f 772//773 771//771 786//793 787//795
f 780//774 779//772 794//794 795//796
f 773//775 772//773 787//795 788//797
f 781//776 780//774 795//796 796//783
f 774//777 773//775 788//797 789//785
f 794//794 793//792 808//798 809//799
f 787//795 786//793 801//800 802//801
f 795//796 794//794 809//799 810//802
f 788//797 787//795 802//801 803//803
f 796//783 795//796 810//802 811//804
f 789//785 788//797 803//803 804//805
f 797//784 796//783 811//804 812//806
f 790//786 789//785 804//805 805//807
f 791//787 790//786 805//807 806//808
f 784//789 783//788 798//809 799//810
f 792//790 791//787 806//808 807//811
f 785//791 784//789 799//810 800//812
f 793//792 792//790 807//811 808//798
f 786//793 785//791 800//812 801//800
f 806//808 805//807 821//813 822//814
f 799//810 798//809 814//815 815//816
f 807//811 806//808 822//814 823//817
f 800//812 799//810 815//816 816//818
f 808//798 807//811 823//817 824//819
f 801//800 800//812 816//818 817//820
f 809//799 808//798 824//819 825//821
f 802//801 801//800 817//820 818//822
f 810//802 809//799 825//821 826//823
f 803//803 802//801 818//822 819//824
f 811//804 810//802 826//823 827//825
f 804//805 803//803 819//824 820//826
f 812//806 811//804 827//825 828//827
f 805//807 804//805 820//826 821//813
f 818//822 817//820 832//828 833//829
f 826//823 825//821 840//830 841//831
f 819//824 818//822 833//829 834//832
f 827//825 826//823 841//831 842//833
f 820//826 819//824 834//832 835//834
f 828//827 827//825 842//833 843//835
f 821//813 820//826 835//834 836//836
f 822//814 821//813 836//836 837//837
f 815//816 814//815 829//838 830//839
f 823//817 822//814 837//837 838//840
f 816//818 815//816 830//839 831//841
f 824//819 823//817 838//840 839//842
f 817//820 816//818 831//841 832//828
f 825//821 824//819 839//842 840//830
f 837//837 836//836 851//843 852//844
f 830//839 829//838 844//845 845//846
f 838//840 837//837 852//844 853//847
f 831//841 830//839 845//846 846//848
f 839//842 838//840 853//847 854//849
f 832//828 831//841 846//848 847//850
f 840//830 839//842 854//849 855//851
f 833//829 832//828 847//850 848//852
f 841//831 840//830 855//851 856//853
f 834//832 833//829 848//852 849//854
f 842//833 841//831 856//853 857//855
f 835//834 834//832 849//854 850//856
f 843//835 842//833 857//855 858//857
f 836//836 835//834 850//856 851//843
f 856//853 855//851 870//858 871//859
f 849//854 848//852 863//860 864//861
f 857//855 856//853 871//859 872//862
f 850//856 849//854 864//861 865//863
f 858//857 857//855 872//862 873//864
f 851//843 850//856 865//863 866//865
f 852//844 851//843 866//865 867//866
f 845//846 844//845 859//867 860//868
f 853//847 852//844 867//866 868//869
f 846//848 845//846 860//868 861//870
f 854//849 853//847 868//869 869//871
f 847//850 846//848 861//870 862//872
f 855//851 854//849 869//871 870//858
f 848//852 847//850 862//872 863//860
f 860//868 859//867 874//873 875//874
f 868//869 867//866 882//875 883//876
f 861//870 860//868 875//874 876//877
f 869//871 868//869 883//876 884//878
f 862//872 861//870 876//877 877//879
f 870//858 869//871 884//878 885//880
f 863//860 862//872 877//879 878//881
f 871//859 870//858 885//880 886//882
f 864//861 863//860 878//881 879//883
f 872//862 871//859 886//882 887//884
f 865//863 864//861 879//883 880//885
f 873//864 872//862 887//884 888//886
f 866//865 865//863 880//885 881//887
f 867//866 866//865 881//887 882//875
f 879//883 878//881 893//888 894//889
f 887//884 886//882 901//890 902//891
f 880//885 879//883 894//889 895//892
f 888//886 887//884 902//891 903//893
f 881//887 880//885 895//892 896//894
f 882//875 881//887 896//894 897//895
f 875//874 874//873 889//896 890//897
f 883//876 882//875 897//895 898//898
f 876//877 875//874 890//897 891//899
f 884//878 883//876 898//898 899//900
f 877//879 876//877 891//899 892//901
f 885//880 884//878 899//900 900//902
f 878//881 877//879 892//901 893//888
f 886//882 885//880 900//902 901//890
f 898//898 897//895 912//903 913//904
f 891//899 890//897 905//905 906//906
f 899//900 898//898 913//904 914//907
f 892//901 891//899 906//906 907//908
f 900//902 899//900 914//907 915//909
f 893//888 892//901 907//908 908//910
f 901//890 900//902 915//909 916//911
f 894//889 893//888 908//910 909//912
f 902//891 901//890 916//911 917//913
f 895//892 894//889 909//912 910//914
f 903//893 902//891 917//913 918//915
f 896//894 895//892 910//914 911//916
f 897//895 896//894 911//916 912//903
f 890//897 889//896 904//917 905//905
f 917//913 916//911 931//918 932//919
f 910//914 909//912 924//920 925//921
f 918//915 917//913 932//919 933//922
f 911//916 910//914 925//921 926//923
f 912//903 911//916 926//923 927//924
f 905//905 904//917 919//925 920//926
f 913//904 912//903 927//924 928//927
f 906//906 905//905 920//926 921//928
f 914//907 913//904 928//927 929//929
f 907//908 906//906 921//928 922//930
f 915//909 914//907 929//929 930//931
f 908//910 907//908 922//930 923//932
f 916//911 915//909 930//931 931//918
f 909//912 908//910 923//932 924//920
f 929//929 928//927 944//933 945//934
f 922//930 921//928 937//935 938//936
f 930//931 929//929 945//934 946//937
f 923//932 922//930 938//936 939//938
f 931//918 930//931 946//937 947//939
f 924//920 923//932 939//938 940//940
f 932//919 931//918 947//939 948//941
f 925//921 924//920 940//940 941//942
f 933//922 932//919 948//941 949//943
f 926//923 925//921 941//942 942//944
f 927//924 926//923 942//944 943//945
f 920//926 919//925 935//946 936//947
f 928//927 927//924 943//945 944//933
f 921//928 920//926 936//947 937//935
f 949//943 948//941 963//948 964//949
f 942//944 941//942 956//950 957//951
f 943//945 942//944 957//951 958//952
f 936//947 935//946 950//953 951//954
f 944//933 943//945 958//952 959//955
f 937//935 936//947 951//954 952//956
f 945//934 944//933 959//955 960//957
f 938//936 937//935 952//956 953//958
f 946//937 945//934 960//957 961//959
f 939//938 938//936 953//958 954//960
f 947//939 946//937 961//959 962//961
f 940//940 939//938 954//960 955//962
f 948//941 947//939 962//961 963//948
f 941//942 940//940 955//962 956//950
f 483//510 934//963 498//511
f 813//964 497//503 512//504
f 498//511 934//963 513//527
f 813//964 512//504 527//525
f 513//527 934//963 528//535
f 813//964 527//525 542//532
f 528//535 934//963 543//557
f 813//964 542//532 557//554
f 543//557 934//963 558//564
f 813//964 557//554 572//561
f 558//564 934//963 573//586
f 813//964 572//561 587//583
f 573//586 934//963 588//593
f 813//964 587//583 602//589
f 588//593 934//963 603//615
f 813//964 602//589 617//612
f 603//615 934//963 618//621
f 813//964 617//612 632//632
f 618//621 934//963 633//644
f 813//964 632//632 647//641
f 813//964 647//641 662//662
f 633//644 934//963 648//650
f 648//650 934//963 663//672
f 813//964 662//662 677//669
f 663//672 934//963 678//678
f 813//964 677//669 692//691
f 678//678 934//963 693//701
f 813//964 692//691 707//698
f 693//701 934//963 708//722
f 813//964 707//698 722//720
f 708//722 934//963 723//730
f 813//964 722//720 737//727
f 723//730 934//963 738//752
f 813//964 737//727 752//749
f 738//752 934//963 753//759
f 813//964 752//749 767//756
f 753//759 934//963 768//781
f 813//964 767//756 782//778
f 768//781 934//963 783//788
f 813//964 782//778 797//784
f 783//788 934//963 798//809
f 813//964 797//784 812//806
f 798//809 934//963 814//815
f 813//964 812//806 828//827
f 814//815 934//963 829//838
f 813//964 828//827 843//835
f 829//838 934//963 844//845
f 813//964 843//835 858//857
f 844//845 934//963 859//867
f 813//964 858//857 873//864
f 859//867 934//963 874//873
f 813//964 873//864 888//886
f 874//873 934//963 889//896
f 813//964 888//886 903//893
f 889//896 934//963 904//917
f 813//964 903//893 918//915
f 904//917 934//963 919//925
f 813//964 918//915 933//922
f 919//925 934//963 935//946
f 813//964 933//922 949//943
f 935//946 934//963 950//953
f 813//964 949//943 964//949
f 953//958 952//956 485//488 486//487
f 961//959 960//957 493//483 494//491
f 954//960 953//958 486//487 487//493
f 962//961 961//959 494//491 495//495
f 955//962 954//960 487//493 488//497
f 963//948 962//961 495//495 496//499
f 956//950 955//962 488//497 489//501
f 964//949 963//948 496//499 497//503
f 957//951 956//950 489//501 490//505
f 934//963 483//510 950//953
f 813//964 964//949 497//503
f 958//952 957//951 490//505 491//507
f 483//510 484//509 951//954 950//953
f 959//955 958//952 491//507 492//484
f 952//956 951//954 484//509 485//488
f 960//957 959//955 492//484 493//483
l 483 484
l 484 485
l 485 486
l 486 487
l 487 488
l 488 489
l 489 490
l 490 491
l 491 492
l 492 493
l 493 494
l 494 495
l 495 496
l 496 497
l 498 499
l 499 500
l 500 501
l 501 502
l 502 503
l 503 504
l 504 505
l 505 506
l 506 507
l 507 508
l 508 509
l 509 510
l 510 511
l 511 512
l 493 508
l 492 507
l 486 501
l 485 500
l 494 509
l 487 502
l 495 510
l 488 503
l 496 511
l 489 504
l 497 512
l 490 505
l 483 498
l 491 506
l 484 499
l 513 514
l 514 515
l 515 516
l 516 517
l 517 518
l 518 519
l 519 520
l 520 521
l 521 522
l 522 523
l 523 524
l 524 525
l 525 526
l 526 527
l 507 522
l 506 521
l 500 515
l 499 514
l 508 523
l 501 516
l 509 524
l 502 517
l 510 525
l 503 518
l 511 526
l 504 519
l 512 527
l 505 520
l 498 513
l 528 529
l 529 530
l 530 531
l 531 532
l 532 533
l 533 534
l 534 535
l 535 536
l 536 537
l 537 538
l 538 539
l 539 540
l 540 541
l 541 542
l 526 541
l 525 540
l 519 534
l 518 533
l 527 542
l 520 535
l 513 528
l 521 536
l 514 529
l 522 537
l 515 530
l 523 538
l 516 531
l 524 539
l 517 532
l 543 544
l 544 545
l 545 546
l 546 547
l 547 548
l 548 549
l 549 550
l 550 551
l 551 552
l 552 553
l 553 554
l 554 555
l 555 556
l 556 557
l 530 545
l 529 544
l 538 553
l 537 552
l 531 546
l 539 554
l 532 547
l 540 555
l 533 548
l 541 556
l 534 549
l 542 557
l 535 550
l 528 543
l 536 551
l 558 559
l 559 560
l 560 561
l 561 562
l 562 563
l 563 564
l 564 565
l 565 566
l 566 567
l 567 568
l 568 569
l 569 570
l 570 571
l 571 572
l 549 564
l 548 563
l 557 572
l 556 571
l 550 565
l 543 558
l 551 566
l 544 559
l 552 567
l 545 560
l 553 568
l 546 561
l 554 569
l 547 562
l 555 570
l 573 574
l 574 575
l 575 576
l 576 577
l 577 578
l 578 579
l 579 580
l 580 581
l 581 582
l 582 583
l 583 584
l 584 585
l 585 586
l 586 587
l 568 583
l 567 582
l 561 576
l 560 575
l 569 584
l 562 577
l 570 585
l 563 578
l 571 586
l 564 579
l 572 587
l 565 580
l 558 573
l 566 581
l 559 574
l 588 589
l 589 590
l 590 591
l 591 592
l 592 593
l 593 594
l 594 595
l 595 596
l 596 597
l 597 598
l 598 599
l 599 600
l 600 601
l 601 602
l 587 602
l 586 601
l 580 595
l 579 594
l 573 588
l 581 596
l 574 589
l 582 597
l 575 590
l 583 598
l 576 591
l 584 599
l 577 592
l 585 600
l 578 593
l 603 604
l 604 605
l 605 606
l 606 607
l 607 608
l 608 609
l 609 610
l 610 611
l 611 612
l 612 613
l 613 614
l 614 615
l 615 616
l 616 617
l 591 606
l 590 605
l 599 614
l 598 613
l 592 607
l 600 615
l 593 608
l 601 616
l 594 609
l 602 617
l 595 610
l 588 603
l 596 611
l 589 604
l 597 612
l 618 619
l 619 620
l 620 621
l 621 622
l 622 623
l 623 624
l 624 625
l 625 626
l 626 627
l 627 628
l 628 629
l 629 630
l 630 631
l 631 632
l 610 625
l 609 624
l 603 618
l 617 632
l 611 626
l 604 619
l 612 627
l 605 620
l 613 628
l 606 621
l 614 629
l 607 622
l 615 630
l 608 623
l 616 631
l 633 634
l 634 635
l 635 636
l 636 637
l 637 638
l 638 639
l 639 640
l 640 641
l 641 642
l 642 643
l 643 644
l 644 645
l 645 646
l 646 647
l 629 644
l 628 643
l 622 637
l 621 636
l 630 645
l 623 638
l 631 646
l 624 639
l 632 647
l 625 640
l 618 633
l 626 641
l 619 634
l 627 642
l 620 635
l 648 649
l 649 650
l 650 651
l 651 652
l 652 653
l 653 654
l 654 655
l 655 656
l 656 657
l 657 658
l 658 659
l 659 660
l 660 661
l 661 662
l 647 662
l 641 656
l 640 655
l 634 649
l 633 648
l 642 657
l 635 650
l 643 658
l 636 651
l 644 659
l 637 652
l 645 660
l 638 653
l 646 661
l 639 654
l 663 664
l 664 665
l 665 666
l 666 667
l 667 668
l 668 669
l 669 670
l 670 671
l 671 672
l 672 673
l 673 674
l 674 675
l 675 676
l 676 677
l 660 675
l 659 674
l 653 668
l 652 667
l 661 676
l 654 669
l 662 677
l 655 670
l 648 663
l 656 671
l 649 664
l 657 672
l 650 665
l 658 673
l 651 666
l 678 679
l 679 680
l 680 681
l 681 682
l 682 683
l 683 684
l 684 685
l 685 686
l 686 687
l 687 688
l 688 689
l 689 690
l 690 691
l 691 692
l 664 679
l 663 678
l 672 687
l 671 686
l 665 680
l 673 688
l 666 681
l 674 689
l 667 682
l 675 690
l 668 683
l 676 691
l 669 684
l 677 692
l 670 685
l 693 694
l 694 695
l 695 696
l 696 697
l 697 698
l 698 699
l 699 700
l 700 701
l 701 702
l 702 703
l 703 704
l 704 705
l 705 706
l 706 707
l 683 698
l 682 697
l 691 706
l 690 705
l 684 699
l 692 707
l 685 700
l 678 693
l 686 701
l 679 694
l 687 702
l 680 695
l 688 703
l 681 696
l 689 704
l 708 709
l 709 710
l 710 711
l 711 712
l 712 713
l 713 714
l 714 715
l 715 716
l 716 717
l 717 718
l 718 719
l 719 720
l 720 721
l 721 722
l 702 717
l 701 716
l 695 710
l 694 709
l 703 718
l 696 711
l 704 719
l 697 712
l 705 720
l 698 713
l 706 721
l 699 714
l 707 722
l 700 715
l 693 708
l 723 724
l 724 725
l 725 726
l 726 727
l 727 728
l 728 729
l 729 730
l 730 731
l 731 732
l 732 733
l 733 734
l 734 735
l 735 736
l 736 737
l 721 736
l 720 735
l 714 729
l 713 728
l 722 737
l 715 730
l 708 723
l 716 731
l 709 724
l 717 732
l 710 725
l 718 733
l 711 726
l 719 734
l 712 727
l 738 739
l 739 740
l 740 741
l 741 742
l 742 743
l 743 744
l 744 745
l 745 746
l 746 747
l 747 748
l 748 749
l 749 750
l 750 751
l 751 752
l 725 740
l 724 739
l 733 748
l 732 747
l 726 741
l 734 749
l 727 742
l 735 750
l 728 743
l 736 751
l 729 744
l 737 752
l 730 745
l 723 738
l 731 746
l 753 754
l 754 755
l 755 756
l 756 757
l 757 758
l 758 759
l 759 760
l 760 761
l 761 762
l 762 763
l 763 764
l 764 765
l 765 766
l 766 767
l 744 759
l 743 758
l 752 767
l 751 766
l 745 760
l 738 753
l 746 761
l 739 754
l 747 762
l 740 755
l 748 763
l 741 756
l 749 764
l 742 757
l 750 765
l 768 769
l 769 770
l 770 771
l 771 772
l 772 773
l 773 774
l 774 775
l 775 776
l 776 777
l 777 778
l 778 779
l 779 780
l 780 781
l 781 782
l 763 778
l 762 777
l 756 771
l 755 770
l 764 779
l 757 772
l 765 780
l 758 773
l 766 781
l 759 774
l 767 782
l 760 775
l 753 768
l 761 776
l 754 769
l 783 784
l 784 785
l 785 786
l 786 787
l 787 788
l 788 789
l 789 790
l 790 791
l 791 792
l 792 793
l 793 794
l 794 795
l 795 796
l 796 797
l 782 797
l 781 796
l 775 790
l 774 789
l 768 783
l 776 791
l 769 784
l 777 792
l 770 785
l 778 793
l 771 786
l 779 794
l 772 787
l 780 795
l 773 788
l 798 799
l 799 800
l 800 801
l 801 802
l 802 803
l 803 804
l 804 805
l 805 806
l 806 807
l 807 808
l 808 809
l 809 810
l 810 811
l 811 812
l 812 813
l 794 809
l 793 808
l 787 802
l 786 801
l 795 810
l 788 803
l 796 811
l 789 804
l 797 812
l 790 805
l 783 798
l 791 806
l 784 799
l 792 807
l 785 800
l 814 815
l 815 816
l 816 817
l 817 818
l 818 819
l 819 820
l 820 821
l 821 822
l 822 823
l 823 824
l 824 825
l 825 826
l 826 827
l 827 828
l 798 814
l 812 828
l 806 822
l 805 821
l 799 815
l 807 823
l 800 816
l 808 824
l 801 817
l 809 825
l 802 818
l 810 826
l 803 819
l 811 827
l 804 820
l 829 830
l 830 831
l 831 832
l 832 833
l 833 834
l 834 835
l 835 836
l 836 837
l 837 838
l 838 839
l 839 840
l 840 841
l 841 842
l 842 843
l 818 833
l 817 832
l 826 841
l 825 840
l 819 834
l 827 842
l 820 835
l 828 843
l 821 836
l 814 829
l 822 837
l 815 830
l 823 838
l 816 831
l 824 839
l 844 845
l 845 846
l 846 847
l 847 848
l 848 849
l 849 850
l 850 851
l 851 852
l 852 853
l 853 854
l 854 855
l 855 856
l 856 857
l 857 858
l 837 852
l 836 851
l 830 845
l 829 844
l 838 853
l 831 846
l 839 854
l 832 847
l 840 855
l 833 848
l 841 856
l 834 849
l 842 857
l 835 850
l 843 858
l 859 860
l 860 861
l 861 862
l 862 863
l 863 864
l 864 865
l 865 866
l 866 867
l 867 868
l 868 869
l 869 870
l 870 871
l 871 872
l 872 873
l 856 871
l 855 870
l 849 864
l 848 863
l 857 872
l 850 865
l 858 873
l 851 866
l 844 859
l 852 867
l 845 860
l 853 868
l 846 861
l 854 869
l 847 862
l 874 875
l 875 876
l 876 877
l 877 878
l 878 879
l 879 880
l 880 881
l 881 882
l 882 883
l 883 884
l 884 885
l 885 886
l 886 887
l 887 888
l 860 875
l 859 874
l 868 883
l 867 882
l 861 876
l 869 884
l 862 877
l 870 885
l 863 878
l 871 886
l 864 879
l 872 887
l 865 880
l 873 888
l 866 881
l 889 890
l 890 891
l 891 892
l 892 893
l 893 894
l 894 895
l 895 896
l 896 897
l 897 898
l 898 899
l 899 900
l 900 901
l 901 902
l 902 903
l 879 894
l 878 893
l 887 902
l 886 901
l 880 895
l 888 903
l 881 896
l 874 889
l 882 897
l 875 890
l 883 898
l 876 891
l 884 899
l 877 892
l 885 900
l 904 905
l 905 906
l 906 907
l 907 908
l 908 909
l 909 910
l 910 911
l 911 912
l 912 913
l 913 914
l 914 915
l 915 916
l 916 917
l 917 918
l 898 913
l 897 912
l 891 906
l 890 905
l 899 914
l 892 907
l 900 915
l 893 908
l 901 916
l 894 909
l 902 917
l 895 910
l 903 918
l 896 911
l 889 904
l 919 920
l 920 921
l 921 922
l 922 923
l 923 924
l 924 925
l 925 926
l 926 927
l 927 928
l 928 929
l 929 930
l 930 931
l 931 932
l 932 933
l 917 932
l 916 931
l 910 925
l 909 924
l 918 933
l 911 926
l 904 919
l 912 927
l 905 920
l 913 928
l 906 921
l 914 929
l 907 922
l 915 930
l 908 923
l 934 935
l 935 936
l 936 937
l 937 938
l 938 939
l 939 940
l 940 941
l 941 942
l 942 943
l 943 944
l 944 945
l 945 946
l 946 947
l 947 948
l 948 949
l 929 945
l 928 944
l 922 938
l 921 937
l 930 946
l 923 939
l 931 947
l 924 940
l 932 948
l 925 941
l 933 949
l 926 942
l 919 935
l 927 943
l 920 936
l 950 951
l 951 952
l 952 953
l 953 954
l 954 955
l 955 956
l 956 957
l 957 958
l 958 959
l 959 960
l 960 961
l 961 962
l 962 963
l 963 964
l 949 964
l 948 963
l 942 957
l 941 956
l 935 950
l 943 958
l 936 951
l 944 959
l 937 952
l 945 960
l 938 953
l 946 961
l 939 954
l 947 962
l 940 955
l 483 934
l 497 813
l 498 934
l 512 813
l 513 934
l 527 813
l 528 934
l 542 813
l 543 934
l 557 813
l 558 934
l 572 813
l 573 934
l 587 813
l 588 934
l 602 813
l 603 934
l 617 813
l 618 934
l 632 813
l 633 934
l 647 813
l 648 934
l 662 813
l 663 934
l 677 813
l 678 934
l 692 813
l 693 934
l 707 813
l 708 934
l 722 813
l 723 934
l 737 813
l 738 934
l 752 813
l 753 934
l 767 813
l 768 934
l 782 813
l 783 934
l 797 813
l 798 934
l 814 934
l 813 828
l 829 934
l 813 843
l 844 934
l 813 858
l 859 934
l 813 873
l 874 934
l 813 888
l 889 934
l 813 903
l 904 934
l 813 918
l 919 934
l 813 933
l 813 949
l 934 950
l 813 964
l 486 953
l 485 952
l 494 961
l 493 960
l 487 954
l 495 962
l 488 955
l 496 963
l 489 956
l 497 964
l 490 957
l 483 950
l 491 958
l 484 951
l 492 959
o Sphere.002
v -0.000975 0.004904 -0.200000
v -0.001913 0.004619 -0.200000
v -0.002778 0.004157 -0.200000
v -0.003536 0.003536 -0.200000
v -0.004157 0.002778 -0.200000
v -0.004619 0.001913 -0.200000
v -0.004904 0.000975 -0.200000
v -0.005000 0.000000 -0.200000
v -0.004904 -0.000975 -0.200000
v -0.004619 -0.001913 -0.200000
v -0.004157 -0.002778 -0.200000
v -0.003536 -0.003536 -0.200000
v -0.002778 -0.004157 -0.200000
v -0.001913 -0.004619 -0.200000
v -0.000975 -0.004904 -0.200000
v -0.000957 0.004904 -0.200190
v -0.001877 0.004619 -0.200373
v -0.002724 0.004157 -0.200542
v -0.003468 0.003536 -0.200690
v -0.004077 0.002778 -0.200811
v -0.004531 0.001913 -0.200901
v -0.004810 0.000975 -0.200957
v -0.004904 0.000000 -0.200975
v -0.004810 -0.000975 -0.200957
v -0.004531 -0.001913 -0.200901
v -0.004077 -0.002778 -0.200811
v -0.003468 -0.003536 -0.200690
v -0.002724 -0.004157 -0.200542
v -0.001877 -0.004619 -0.200373
v -0.000957 -0.004904 -0.200190
v -0.000901 0.004904 -0.200373
v -0.001768 0.004619 -0.200732
v -0.002566 0.004157 -0.201063
v -0.003266 0.003536 -0.201353
v -0.003841 0.002778 -0.201591
v -0.004268 0.001913 -0.201768
v -0.004531 0.000975 -0.201877
v -0.004619 0.000000 -0.201913
v -0.004531 -0.000975 -0.201877
v -0.004268 -0.001913 -0.201768
v -0.003841 -0.002778 -0.201591
v -0.003266 -0.003536 -0.201353
v -0.002566 -0.004157 -0.201063
v -0.001768 -0.004619 -0.200732
v -0.000901 -0.004904 -0.200373
v -0.000811 0.004904 -0.200542
v -0.001591 0.004619 -0.201063
v -0.002310 0.004157 -0.201543
v -0.002940 0.003536 -0.201964
v -0.003457 0.002778 -0.202310
v -0.003841 0.001913 -0.202566
v -0.004077 0.000975 -0.202724
v -0.004157 0.000000 -0.202778
v -0.004077 -0.000975 -0.202724
v -0.003841 -0.001913 -0.202566
v -0.003457 -0.002778 -0.202310
v -0.002940 -0.003536 -0.201964
v -0.002310 -0.004157 -0.201543
v -0.001591 -0.004619 -0.201063
v -0.000811 -0.004904 -0.200542
v -0.000690 0.004904 -0.200690
v -0.001353 0.004619 -0.201353
v -0.001964 0.004157 -0.201964
v -0.002500 0.003536 -0.202500
v -0.002940 0.002778 -0.202940
v -0.003266 0.001913 -0.203266
v -0.003468 0.000975 -0.203468
v -0.003536 0.000000 -0.203536
v -0.003468 -0.000975 -0.203468
v -0.003266 -0.001913 -0.203266
v -0.002940 -0.002778 -0.202940
v -0.002500 -0.003536 -0.202500
v -0.001964 -0.004157 -0.201964
v -0.001353 -0.004619 -0.201353
v -0.000690 -0.004904 -0.200690
v -0.000542 0.004904 -0.200811
v -0.001063 0.004619 -0.201591
v -0.001543 0.004157 -0.202310
v -0.001964 0.003536 -0.202940
v -0.002310 0.002778 -0.203457
v -0.002566 0.001913 -0.203841
v -0.002724 0.000975 -0.204077
v -0.002778 0.000000 -0.204157
v -0.002724 -0.000975 -0.204077
v -0.002566 -0.001913 -0.203841
v -0.002310 -0.002778 -0.203457
v -0.001964 -0.003536 -0.202940
v -0.001543 -0.004157 -0.202310
v -0.001063 -0.004619 -0.201591
v -0.000542 -0.004904 -0.200811
v -0.000373 0.004904 -0.200901
v -0.000732 0.004619 -0.201768
v -0.001063 0.004157 -0.202566
v -0.001353 0.003536 -0.203266
v -0.001591 0.002778 -0.203841
v -0.001768 0.001913 -0.204268
v -0.001877 0.000975 -0.204531
v -0.001913 0.000000 -0.204619
v -0.001877 -0.000975 -0.204531
v -0.001768 -0.001913 -0.204268
v -0.001591 -0.002778 -0.203841
v -0.001353 -0.003536 -0.203266
v -0.001063 -0.004157 -0.202566
v -0.000732 -0.004619 -0.201768
v -0.000373 -0.004904 -0.200901
v -0.000190 0.004904 -0.200957
v -0.000373 0.004619 -0.201877
v -0.000542 0.004157 -0.202724
v -0.000690 0.003536 -0.203468
v -0.000811 0.002778 -0.204077
v -0.000901 0.001913 -0.204531
v -0.000957 0.000975 -0.204810
v -0.000975 0.000000 -0.204904
v -0.000957 -0.000975 -0.204810
v -0.000901 -0.001913 -0.204531
v -0.000811 -0.002778 -0.204077
v -0.000690 -0.003536 -0.203468
v -0.000542 -0.004157 -0.202724
v -0.000373 -0.004619 -0.201877
v -0.000190 -0.004904 -0.200957
v 0.000000 0.004904 -0.200975
v 0.000000 0.004619 -0.201913
v 0.000000 0.004157 -0.202778
v 0.000000 0.003536 -0.203536
v 0.000000 0.002778 -0.204157
v 0.000000 0.001913 -0.204619
v 0.000000 0.000975 -0.204904
v 0.000000 0.000000 -0.205000
v 0.000000 -0.000975 -0.204904
v 0.000000 -0.001913 -0.204619
v 0.000000 -0.002778 -0.204157
v 0.000000 -0.003536 -0.203536
v 0.000000 -0.004157 -0.202778
v 0.000000 -0.004619 -0.201913
v 0.000000 -0.004904 -0.200975
v 0.000190 0.004904 -0.200957
v 0.000373 0.004619 -0.201877
v 0.000542 0.004157 -0.202724
v 0.000690 0.003536 -0.203468
v 0.000811 0.002778 -0.204077
v 0.000901 0.001913 -0.204531
v 0.000957 0.000975 -0.204810
v 0.000975 0.000000 -0.204904
v 0.000957 -0.000975 -0.204810
v 0.000901 -0.001913 -0.204531
v 0.000811 -0.002778 -0.204077
v 0.000690 -0.003536 -0.203468
v 0.000542 -0.004157 -0.202724
v 0.000373 -0.004619 -0.201877
v 0.000190 -0.004904 -0.200957
v 0.000373 0.004904 -0.200901
v 0.000732 0.004619 -0.201768
v 0.001063 0.004157 -0.202566
v 0.001353 0.003536 -0.203266
v 0.001591 0.002778 -0.203841
v 0.001768 0.001913 -0.204268
v 0.001877 0.000975 -0.204531
v 0.001913 0.000000 -0.204619
v 0.001877 -0.000975 -0.204531
v 0.001768 -0.001913 -0.204268
v 0.001591 -0.002778 -0.203841
v 0.001353 -0.003536 -0.203266
v 0.001063 -0.004157 -0.202566
v 0.000732 -0.004619 -0.201768
v 0.000373 -0.004904 -0.200901
v 0.000542 0.004904 -0.200811
v 0.001063 0.004619 -0.201591
v 0.001543 0.004157 -0.202310
v 0.001964 0.003536 -0.202940
v 0.002310 0.002778 -0.203457
v 0.002566 0.001913 -0.203841
v 0.002724 0.000975 -0.204077
v 0.002778 0.000000 -0.204157
v 0.002724 -0.000975 -0.204077
v 0.002566 -0.001913 -0.203841
v 0.002310 -0.002778 -0.203457
v 0.001964 -0.003536 -0.202940
v 0.001543 -0.004157 -0.202310
v 0.001063 -0.004619 -0.201591
v 0.000542 -0.004904 -0.200811
v 0.000690 0.004904 -0.200690
v 0.001353 0.004619 -0.201353
v 0.001964 0.004157 -0.201964
v 0.002500 0.003536 -0.202500
v 0.002940 0.002778 -0.202940
v 0.003266 0.001913 -0.203266
v 0.003468 0.000975 -0.203468
v 0.003536 0.000000 -0.203536
v 0.003468 -0.000975 -0.203468
v 0.003266 -0.001913 -0.203266
v 0.002940 -0.002778 -0.202940
v 0.002500 -0.003536 -0.202500
v 0.001964 -0.004157 -0.201964
v 0.001353 -0.004619 -0.201353
v 0.000690 -0.004904 -0.200690
v 0.000811 0.004904 -0.200542
v 0.001591 0.004619 -0.201063
v 0.002310 0.004157 -0.201543
v 0.002940 0.003536 -0.201964
v 0.003457 0.002778 -0.202310
v 0.003841 0.001913 -0.202566
v 0.004077 0.000975 -0.202724
v 0.004157 0.000000 -0.202778
v 0.004077 -0.000975 -0.202724
v 0.003841 -0.001913 -0.202566
v 0.003457 -0.002778 -0.202310
v 0.002940 -0.003536 -0.201964
v 0.002310 -0.004157 -0.201543
v 0.001591 -0.004619 -0.201063
v 0.000811 -0.004904 -0.200542
v 0.000901 0.004904 -0.200373
v 0.001768 0.004619 -0.200732
v 0.002566 0.004157 -0.201063
v 0.003266 0.003536 -0.201353
v 0.003841 0.002778 -0.201591
v 0.004268 0.001913 -0.201768
v 0.004531 0.000975 -0.201877
v 0.004619 0.000000 -0.201913
v 0.004531 -0.000975 -0.201877
v 0.004268 -0.001913 -0.201768
v 0.003841 -0.002778 -0.201591
v 0.003266 -0.003536 -0.201353
v 0.002566 -0.004157 -0.201063
v 0.001768 -0.004619 -0.200732
v 0.000901 -0.004904 -0.200373
v 0.000957 0.004904 -0.200190
v 0.001877 0.004619 -0.200373
v 0.002724 0.004157 -0.200542
v 0.003468 0.003536 -0.200690
v 0.004077 0.002778 -0.200811
v 0.004531 0.001913 -0.200901
v 0.004810 0.000975 -0.200957
v 0.004904 0.000000 -0.200975
v 0.004810 -0.000975 -0.200957
v 0.004531 -0.001913 -0.200901
v 0.004077 -0.002778 -0.200811
v 0.003468 -0.003536 -0.200690
v 0.002724 -0.004157 -0.200542
v 0.001877 -0.004619 -0.200373
v 0.000957 -0.004904 -0.200190
v 0.000975 0.004904 -0.200000
v 0.001913 0.004619 -0.200000
v 0.002778 0.004157 -0.200000
v 0.003536 0.003536 -0.200000
v 0.004157 0.002778 -0.200000
v 0.004619 0.001913 -0.200000
v 0.004904 0.000975 -0.200000
v 0.005000 0.000000 -0.200000
v 0.004904 -0.000975 -0.200000
v 0.004619 -0.001913 -0.200000
v 0.004157 -0.002778 -0.200000
v 0.003536 -0.003536 -0.200000
v 0.002778 -0.004157 -0.200000
v 0.001913 -0.004619 -0.200000
v 0.000975 -0.004904 -0.200000
v 0.000957 0.004904 -0.199810
v 0.001877 0.004619 -0.199627
v 0.002724 0.004157 -0.199458
v 0.003468 0.003536 -0.199310
v 0.004077 0.002778 -0.199189
v 0.004531 0.001913 -0.199099
v 0.004810 0.000975 -0.199043
v 0.004904 0.000000 -0.199025
v 0.004810 -0.000975 -0.199043
v 0.004531 -0.001913 -0.199099
v 0.004077 -0.002778 -0.199189
v 0.003468 -0.003536 -0.199310
v 0.002724 -0.004157 -0.199458
v 0.001877 -0.004619 -0.199627
v 0.000957 -0.004904 -0.199810
v 0.000901 0.004904 -0.199627
v 0.001768 0.004619 -0.199268
v 0.002566 0.004157 -0.198937
v 0.003266 0.003536 -0.198647
v 0.003841 0.002778 -0.198409
v 0.004268 0.001913 -0.198232
v 0.004531 0.000975 -0.198123
v 0.004619 0.000000 -0.198087
v 0.004531 -0.000975 -0.198123
v 0.004268 -0.001913 -0.198232
v 0.003841 -0.002778 -0.198409
v 0.003266 -0.003536 -0.198647
v 0.002566 -0.004157 -0.198937
v 0.001768 -0.004619 -0.199268
v 0.000901 -0.004904 -0.199627
v 0.000811 0.004904 -0.199458
v 0.001591 0.004619 -0.198937
v 0.002310 0.004157 -0.198457
v 0.002940 0.003536 -0.198036
v 0.003457 0.002778 -0.197690
v 0.003841 0.001913 -0.197434
v 0.004077 0.000975 -0.197276
v 0.004157 0.000000 -0.197222
v 0.004077 -0.000975 -0.197276
v 0.003841 -0.001913 -0.197434
v 0.003457 -0.002778 -0.197690
v 0.002940 -0.003536 -0.198036
v 0.002310 -0.004157 -0.198457
v 0.001591 -0.004619 -0.198937
v 0.000811 -0.004904 -0.199458
v 0.000690 0.004904 -0.199310
v 0.001353 0.004619 -0.198647
v 0.001964 0.004157 -0.198036
v 0.002500 0.003536 -0.197500
v 0.002940 0.002778 -0.197060
v 0.003266 0.001913 -0.196734
v 0.003468 0.000975 -0.196532
v 0.003536 0.000000 -0.196464
v 0.003468 -0.000975 -0.196532
v 0.003266 -0.001913 -0.196734
v 0.002940 -0.002778 -0.197060
v 0.002500 -0.003536 -0.197500
v 0.001964 -0.004157 -0.198036
v 0.001353 -0.004619 -0.198647
v 0.000690 -0.004904 -0.199310
v 0.000542 0.004904 -0.199189
v 0.001063 0.004619 -0.198409
v 0.001543 0.004157 -0.197690
v 0.001964 0.003536 -0.197060
v 0.002310 0.002778 -0.196543
v 0.002566 0.001913 -0.196159
v 0.002724 0.000975 -0.195923
v 0.002778 0.000000 -0.195843
v 0.002724 -0.000975 -0.195923
v 0.002566 -0.001913 -0.196159
v 0.002310 -0.002778 -0.196543
v 0.001964 -0.003536 -0.197060
v 0.001543 -0.004157 -0.197690
v 0.001063 -0.004619 -0.198409
v 0.000542 -0.004904 -0.199189
v 0.000000 -0.005000 -0.200000
v 0.000373 0.004904 -0.199099
v 0.000732 0.004619 -0.198232
v 0.001063 0.004157 -0.197434
v 0.001353 0.003536 -0.196734
v 0.001591 0.002778 -0.196159
v 0.001768 0.001913 -0.195732
v 0.001877 0.000975 -0.195469
v 0.001913 0.000000 -0.195381
v 0.001877 -0.000975 -0.195469
v 0.001768 -0.001913 -0.195732
v 0.001591 -0.002778 -0.196159
v 0.001353 -0.003536 -0.196734
v 0.001063 -0.004157 -0.197434
v 0.000732 -0.004619 -0.198232
v 0.000373 -0.004904 -0.199099
v 0.000190 0.004904 -0.199043
v 0.000373 0.004619 -0.198123
v 0.000542 0.004157 -0.197276
v 0.000690 0.003536 -0.196532
v 0.000811 0.002778 -0.195923
v 0.000901 0.001913 -0.195469
v 0.000957 0.000975 -0.195190
v 0.000975 0.000000 -0.195096
v 0.000957 -0.000975 -0.195190
v 0.000901 -0.001913 -0.195469
v 0.000811 -0.002778 -0.195923
v 0.000690 -0.003536 -0.196532
v 0.000542 -0.004157 -0.197276
v 0.000373 -0.004619 -0.198123
v 0.000190 -0.004904 -0.199043
v 0.000000 0.004904 -0.199025
v 0.000000 0.004619 -0.198087
v 0.000000 0.004157 -0.197222
v 0.000000 0.003536 -0.196464
v 0.000000 0.002778 -0.195843
v 0.000000 0.001913 -0.195381
v 0.000000 0.000975 -0.195096
v 0.000000 0.000000 -0.195000
v 0.000000 -0.000975 -0.195096
v 0.000000 -0.001913 -0.195381
v 0.000000 -0.002778 -0.195843
v 0.000000 -0.003536 -0.196464
v 0.000000 -0.004157 -0.197222
v 0.000000 -0.004619 -0.198087
v 0.000000 -0.004904 -0.199025
v -0.000190 0.004904 -0.199043
v -0.000373 0.004619 -0.198123
v -0.000542 0.004157 -0.197276
v -0.000690 0.003536 -0.196532
v -0.000811 0.002778 -0.195923
v -0.000901 0.001913 -0.195469
v -0.000957 0.000975 -0.195190
v -0.000975 0.000000 -0.195096
v -0.000957 -0.000975 -0.195190
v -0.000901 -0.001913 -0.195469
v -0.000811 -0.002778 -0.195923
v -0.000690 -0.003536 -0.196532
v -0.000542 -0.004157 -0.197276
v -0.000373 -0.004619 -0.198123
v -0.000190 -0.004904 -0.199043
v -0.000373 0.004904 -0.199099
v -0.000732 0.004619 -0.198232
v -0.001063 0.004157 -0.197434
v -0.001353 0.003536 -0.196734
v -0.001591 0.002778 -0.196159
v -0.001768 0.001913 -0.195732
v -0.001877 0.000975 -0.195469
v -0.001913 0.000000 -0.195381
v -0.001877 -0.000975 -0.195469
v -0.001768 -0.001913 -0.195732
v -0.001591 -0.002778 -0.196159
v -0.001353 -0.003536 -0.196734
v -0.001063 -0.004157 -0.197434
v -0.000732 -0.004619 -0.198232
v -0.000373 -0.004904 -0.199099
v -0.000542 0.004904 -0.199189
v -0.001063 0.004619 -0.198409
v -0.001543 0.004157 -0.197690
v -0.001964 0.003536 -0.197060
v -0.002310 0.002778 -0.196543
v -0.002566 0.001913 -0.196159
v -0.002724 0.000975 -0.195923
v -0.002778 0.000000 -0.195843
v -0.002724 -0.000975 -0.195923
v -0.002566 -0.001913 -0.196159
v -0.002310 -0.002778 -0.196543
v -0.001964 -0.003536 -0.197060
v -0.001543 -0.004157 -0.197690
v -0.001063 -0.004619 -0.198409
v -0.000542 -0.004904 -0.199189
v -0.000690 0.004904 -0.199310
v -0.001353 0.004619 -0.198647
v -0.001964 0.004157 -0.198036
v -0.002500 0.003536 -0.197500
v -0.002940 0.002778 -0.197060
v -0.003266 0.001913 -0.196734
v -0.003468 0.000975 -0.196532
v -0.003536 0.000000 -0.196464
v -0.003468 -0.000975 -0.196532
v -0.003266 -0.001913 -0.196734
v -0.002940 -0.002778 -0.197060
v -0.002500 -0.003536 -0.197500
v -0.001964 -0.004157 -0.198036
v -0.001353 -0.004619 -0.198647
v -0.000690 -0.004904 -0.199310
v -0.000811 0.004904 -0.199458
v -0.001591 0.004619 -0.198937
v -0.002310 0.004157 -0.198457
v -0.002940 0.003536 -0.198036
v -0.003457 0.002778 -0.197690
v -0.003841 0.001913 -0.197434
v -0.004077 0.000975 -0.197276
v -0.004157 0.000000 -0.197222
v -0.004077 -0.000975 -0.197276
v -0.003841 -0.001913 -0.197434
v -0.003457 -0.002778 -0.197690
v -0.002940 -0.003536 -0.198036
v -0.002310 -0.004157 -0.198457
v -0.001591 -0.004619 -0.198937
v -0.000811 -0.004904 -0.199458
v 0.000000 0.005000 -0.200000
v -0.000901 0.004904 -0.199627
v -0.001768 0.004619 -0.199268
v -0.002566 0.004157 -0.198937
v -0.003266 0.003536 -0.198647
v -0.003841 0.002778 -0.198409
v -0.004268 0.001913 -0.198232
v -0.004531 0.000975 -0.198123
v -0.004619 0.000000 -0.198087
v -0.004531 -0.000975 -0.198123
v -0.004268 -0.001913 -0.198232
v -0.003841 -0.002778 -0.198409
v -0.003266 -0.003536 -0.198647
v -0.002566 -0.004157 -0.198937
v -0.001768 -0.004619 -0.199268
v -0.000901 -0.004904 -0.199627
v -0.000957 0.004904 -0.199810
v -0.001877 0.004619 -0.199627
v -0.002724 0.004157 -0.199458
v -0.003468 0.003536 -0.199310
v -0.004077 0.002778 -0.199189
v -0.004531 0.001913 -0.199099
v -0.004810 0.000975 -0.199043
v -0.004904 0.000000 -0.199025
v -0.004810 -0.000975 -0.199043
v -0.004531 -0.001913 -0.199099
v -0.004077 -0.002778 -0.199189
v -0.003468 -0.003536 -0.199310
v -0.002724 -0.004157 -0.199458
v -0.001877 -0.004619 -0.199627
v -0.000957 -0.004904 -0.199810
vn -0.8333 -0.5528 0.0000
vn -0.9247 -0.3805 0.0000
vn -0.9070 -0.3805 -0.1804
vn -0.8173 -0.5528 -0.1626
vn -0.7101 0.7040 0.0000
vn -0.5598 0.8286 0.0000
vn -0.5490 0.8286 -0.1092
vn -0.6965 0.7040 -0.1385
vn -0.7101 -0.7040 0.0000
vn -0.6965 -0.7040 -0.1385
vn -0.8333 0.5528 0.0000
vn -0.8173 0.5528 -0.1626
vn -0.5598 -0.8286 0.0000
vn -0.5490 -0.8286 -0.1092
vn -0.9247 0.3805 0.0000
vn -0.9070 0.3805 -0.1804
vn -0.3879 -0.9217 0.0000
vn -0.3804 -0.9217 -0.0757
vn -0.9810 0.1939 0.0000
vn -0.9622 0.1939 -0.1914
vn -0.2010 -0.9796 0.0000
vn -0.1971 -0.9796 -0.0392
vn -1.0000 0.0000 0.0000
vn -0.9808 0.0000 -0.1951
vn -0.9810 -0.1939 0.0000
vn -0.9622 -0.1939 -0.1914
vn -0.3879 0.9217 0.0000
vn -0.2010 0.9796 0.0000
vn -0.1971 0.9796 -0.0392
vn -0.3804 0.9217 -0.0757
vn -0.9063 -0.1939 -0.3754
vn -0.8544 -0.3805 -0.3539
vn -0.3583 0.9217 -0.1484
vn -0.5171 0.8286 -0.2142
vn -0.7699 -0.5528 -0.3189
vn -0.6561 0.7041 -0.2717
vn -0.6561 -0.7041 -0.2717
vn -0.7699 0.5528 -0.3189
vn -0.5171 -0.8286 -0.2142
vn -0.8544 0.3805 -0.3539
vn -0.3583 -0.9217 -0.1484
vn -0.9063 0.1939 -0.3754
vn -0.1856 -0.9796 -0.0769
vn -0.9239 0.0000 -0.3827
vn -0.1856 0.9796 -0.0769
vn -0.4654 -0.8286 -0.3110
vn -0.3225 -0.9217 -0.2155
vn -0.7689 0.3805 -0.5137
vn -0.8157 0.1939 -0.5450
vn -0.1671 -0.9796 -0.1116
vn -0.8314 0.0000 -0.5556
vn -0.8157 -0.1939 -0.5450
vn -0.1671 0.9796 -0.1116
vn -0.3225 0.9217 -0.2155
vn -0.7689 -0.3805 -0.5137
vn -0.4654 0.8286 -0.3110
vn -0.6929 -0.5528 -0.4630
vn -0.5904 0.7040 -0.3945
vn -0.5904 -0.7040 -0.3945
vn -0.6929 0.5528 -0.4630
vn -0.2743 0.9217 -0.2743
vn -0.3958 0.8286 -0.3958
vn -0.6539 -0.3805 -0.6539
vn -0.5893 -0.5528 -0.5893
vn -0.5021 0.7040 -0.5021
vn -0.5021 -0.7040 -0.5021
vn -0.5893 0.5528 -0.5893
vn -0.3958 -0.8286 -0.3958
vn -0.6539 0.3805 -0.6539
vn -0.2743 -0.9217 -0.2743
vn -0.6937 0.1939 -0.6937
vn -0.1421 -0.9796 -0.1421
vn -0.7071 0.0000 -0.7071
vn -0.6937 -0.1939 -0.6937
vn -0.1421 0.9796 -0.1421
vn -0.5137 0.3805 -0.7689
vn -0.5450 0.1939 -0.8157
vn -0.2155 -0.9217 -0.3225
vn -0.1116 -0.9796 -0.1671
vn -0.5556 0.0000 -0.8314
vn -0.5450 -0.1939 -0.8157
vn -0.1116 0.9796 -0.1671
vn -0.2155 0.9217 -0.3225
vn -0.5137 -0.3805 -0.7689
vn -0.3110 0.8286 -0.4654
vn -0.4630 -0.5528 -0.6929
vn -0.3945 0.7040 -0.5904
vn -0.3945 -0.7040 -0.5904
vn -0.4630 0.5528 -0.6929
vn -0.3110 -0.8286 -0.4654
vn -0.3539 -0.3805 -0.8544
vn -0.3189 -0.5528 -0.7699
vn -0.2142 0.8286 -0.5171
vn -0.2717 0.7040 -0.6561
vn -0.2717 -0.7040 -0.6561
vn -0.3189 0.5528 -0.7699
vn -0.2142 -0.8286 -0.5171
vn -0.3539 0.3805 -0.8544
vn -0.1484 -0.9217 -0.3583
vn -0.3754 0.1939 -0.9063
vn -0.0769 -0.9796 -0.1856
vn -0.3827 0.0000 -0.9239
vn -0.3754 -0.1939 -0.9063
vn -0.0769 0.9796 -0.1856
vn -0.1484 0.9217 -0.3583
vn -0.0757 -0.9217 -0.3804
vn -0.0392 -0.9796 -0.1971
vn -0.1914 0.1939 -0.9622
vn -0.1951 0.0000 -0.9808
vn -0.1914 -0.1939 -0.9622
vn -0.0392 0.9796 -0.1971
vn -0.0757 0.9217 -0.3804
vn -0.1804 -0.3805 -0.9070
vn -0.1092 0.8286 -0.5490
vn -0.1626 -0.5528 -0.8173
vn -0.1385 0.7040 -0.6965
vn -0.1385 -0.7040 -0.6965
vn -0.1626 0.5528 -0.8173
vn -0.1092 -0.8286 -0.5490
vn -0.1804 0.3805 -0.9070
vn 0.0000 0.8286 -0.5598
vn 0.0000 0.7040 -0.7101
vn 0.0000 -0.5528 -0.8333
vn 0.0000 -0.7040 -0.7101
vn 0.0000 0.5528 -0.8333
vn 0.0000 -0.8286 -0.5598
vn 0.0000 0.3805 -0.9247
vn 0.0000 -0.9217 -0.3879
vn 0.0000 0.1939 -0.9810
vn 0.0000 -0.9796 -0.2010
vn 0.0000 0.0000 -1.0000
vn 0.0000 -0.1939 -0.9810
vn 0.0000 0.9796 -0.2010
vn 0.0000 0.9217 -0.3879
vn 0.0000 -0.3805 -0.9247
vn 0.1914 0.1939 -0.9622
vn 0.1951 0.0000 -0.9808
vn 0.1914 -0.1939 -0.9622
vn 0.0392 0.9796 -0.1971
vn 0.0757 0.9217 -0.3804
vn 0.1804 -0.3805 -0.9070
vn 0.1092 0.8286 -0.5490
vn 0.1626 -0.5528 -0.8173
vn 0.1385 0.7040 -0.6965
vn 0.1385 -0.7040 -0.6965
vn 0.1626 0.5528 -0.8173
vn 0.1092 -0.8286 -0.5490
vn 0.1804 0.3805 -0.9070
vn 0.0757 -0.9217 -0.3804
vn 0.0392 -0.9796 -0.1971
vn 0.3189 -0.5528 -0.7699
vn 0.2717 -0.7040 -0.6561
vn 0.2717 0.7040 -0.6561
vn 0.3189 0.5528 -0.7699
vn 0.2142 -0.8286 -0.5171
vn 0.3539 0.3805 -0.8544
vn 0.1484 -0.9217 -0.3583
vn 0.3754 0.1939 -0.9063
vn 0.0769 -0.9796 -0.1856
vn 0.3827 0.0000 -0.9239
vn 0.3754 -0.1939 -0.9063
vn 0.0769 0.9796 -0.1856
vn 0.1484 0.9217 -0.3583
vn 0.3539 -0.3805 -0.8544
vn 0.2142 0.8286 -0.5171
vn 0.5556 0.0000 -0.8314
vn 0.5450 -0.1939 -0.8157
vn 0.1116 0.9796 -0.1671
vn 0.2155 0.9217 -0.3225
vn 0.5137 -0.3805 -0.7689
vn 0.3110 0.8286 -0.4654
vn 0.4630 -0.5528 -0.6929
vn 0.3945 0.7040 -0.5904
vn 0.3945 -0.7040 -0.5904
vn 0.4630 0.5528 -0.6929
vn 0.3110 -0.8286 -0.4654
vn 0.5137 0.3805 -0.7689
vn 0.2155 -0.9217 -0.3225
vn 0.5450 0.1939 -0.8157
vn 0.1116 -0.9796 -0.1671
vn 0.5021 -0.7040 -0.5021
vn 0.3958 -0.8286 -0.3958
vn 0.5893 0.5528 -0.5893
vn 0.6539 0.3805 -0.6539
vn 0.2743 -0.9217 -0.2743
vn 0.6937 0.1939 -0.6937
vn 0.1421 -0.9796 -0.1421
vn 0.7071 0.0000 -0.7071
vn 0.6937 -0.1939 -0.6937
vn 0.1421 0.9796 -0.1421
vn 0.2743 0.9217 -0.2743
vn 0.6539 -0.3805 -0.6539
vn 0.3958 0.8286 -0.3958
vn 0.5893 -0.5528 -0.5893
vn 0.5021 0.7040 -0.5021
vn 0.1671 0.9796 -0.1116
vn 0.3225 0.9217 -0.2155
vn 0.8157 -0.1939 -0.5450
vn 0.7689 -0.3805 -0.5137
vn 0.4654 0.8286 -0.3110
vn 0.6929 -0.5528 -0.4630
vn 0.5904 0.7040 -0.3945
vn 0.5904 -0.7040 -0.3945
vn 0.6929 0.5528 -0.4630
vn 0.4654 -0.8286 -0.3110
vn 0.7689 0.3805 -0.5137
vn 0.3225 -0.9217 -0.2155
vn 0.8157 0.1939 -0.5450
vn 0.1671 -0.9796 -0.1116
vn 0.8314 0.0000 -0.5556
vn 0.7699 0.5528 -0.3189
vn 0.8544 0.3805 -0.3539
vn 0.5171 -0.8286 -0.2142
vn 0.3583 -0.9217 -0.1484
vn 0.9063 0.1939 -0.3754
vn 0.1856 -0.9796 -0.0769
vn 0.9239 0.0000 -0.3827
vn 0.9063 -0.1939 -0.3754
vn 0.1856 0.9796 -0.0769
vn 0.3583 0.9217 -0.1484
vn 0.8544 -0.3805 -0.3539
vn 0.5171 0.8286 -0.2142
vn 0.7699 -0.5528 -0.3189
vn 0.6561 0.7041 -0.2717
vn 0.6561 -0.7041 -0.2717
vn 0.9622 -0.1939 -0.1914
vn 0.9070 -0.3805 -0.1804
vn 0.3804 0.9217 -0.0757
vn 0.5490 0.8286 -0.1092
vn 0.8173 -0.5528 -0.1626
vn 0.6965 0.7040 -0.1385
vn 0.6965 -0.7040 -0.1385
vn 0.8173 0.5528 -0.1626
vn 0.5490 -0.8286 -0.1092
vn 0.9070 0.3805 -0.1804
vn 0.3804 -0.9217 -0.0757
vn 0.9622 0.1939 -0.1914
vn 0.1971 -0.9796 -0.0392
vn 0.9808 0.0000 -0.1951
vn 0.1971 0.9796 -0.0392
vn 0.5598 -0.8286 0.0000
vn 0.3879 -0.9217 0.0000
vn 0.9247 0.3805 0.0000
vn 0.9810 0.1939 0.0000
vn 0.2010 -0.9796 0.0000
vn 1.0000 0.0000 0.0000
vn 0.9810 -0.1939 0.0000
vn 0.2010 0.9796 0.0000
vn 0.3879 0.9217 0.0000
vn 0.9247 -0.3805 0.0000
vn 0.5598 0.8286 0.0000
vn 0.8333 -0.5528 0.0000
vn 0.7101 0.7040 0.0000
vn 0.7101 -0.7040 0.0000
vn 0.8333 0.5528 0.0000
vn 0.3804 0.9217 0.0757
vn 0.5490 0.8286 0.1092
vn 0.9070 -0.3805 0.1804
vn 0.8173 -0.5528 0.1626
vn 0.6965 0.7040 0.1385
vn 0.6965 -0.7040 0.1385
vn 0.8173 0.5528 0.1626
vn 0.5490 -0.8286 0.1092
vn 0.9070 0.3805 0.1804
vn 0.3804 -0.9217 0.0757
vn 0.9622 0.1939 0.1914
vn 0.1971 -0.9796 0.0392
vn 0.9808 0.0000 0.1951
vn 0.9622 -0.1939 0.1914
vn 0.1971 0.9796 0.0392
vn 0.8544 0.3805 0.3539
vn 0.9063 0.1939 0.3754
vn 0.3583 -0.9217 0.1484
vn 0.1856 -0.9796 0.0769
vn 0.9239 0.0000 0.3827
vn 0.9063 -0.1939 0.3754
vn 0.1856 0.9796 0.0769
vn 0.3583 0.9217 0.1484
vn 0.8544 -0.3805 0.3539
vn 0.5171 0.8286 0.2142
vn 0.7699 -0.5528 0.3189
vn 0.6561 0.7040 0.2717
vn 0.6561 -0.7040 0.2717
vn 0.7699 0.5528 0.3189
vn 0.5171 -0.8286 0.2142
vn 0.7689 -0.3805 0.5137
vn 0.6929 -0.5528 0.4630
vn 0.4654 0.8286 0.3110
vn 0.5904 0.7040 0.3945
vn 0.5904 -0.7040 0.3945
vn 0.6929 0.5528 0.4630
vn 0.4654 -0.8286 0.3110
vn 0.7689 0.3805 0.5137
vn 0.3225 -0.9217 0.2155
vn 0.8157 0.1939 0.5450
vn 0.1671 -0.9796 0.1116
vn 0.8314 0.0000 0.5556
vn 0.8157 -0.1939 0.5450
vn 0.1671 0.9796 0.1116
vn 0.3225 0.9217 0.2155
vn 0.2743 -0.9217 0.2743
vn 0.1421 -0.9796 0.1421
vn 0.6937 0.1939 0.6937
vn 0.7071 0.0000 0.7071
vn 0.6937 -0.1939 0.6937
vn 0.1421 0.9796 0.1421
vn 0.2743 0.9217 0.2743
vn 0.6539 -0.3805 0.6539
vn 0.3958 0.8286 0.3958
vn 0.5893 -0.5528 0.5893
vn 0.5021 0.7040 0.5021
vn 0.5021 -0.7040 0.5021
vn 0.5893 0.5528 0.5893
vn 0.3958 -0.8286 0.3958
vn 0.6539 0.3805 0.6539
vn 0.4630 -0.5528 0.6929
vn 0.3945 -0.7040 0.5904
vn 0.3945 0.7040 0.5904
vn 0.4630 0.5528 0.6929
vn 0.3110 -0.8286 0.4654
vn 0.5137 0.3805 0.7689
vn 0.2155 -0.9217 0.3225
vn 0.5450 0.1939 0.8157
vn 0.1116 -0.9796 0.1671
vn 0.5556 0.0000 0.8314
vn 0.5450 -0.1939 0.8157
vn 0.1116 0.9796 0.1671
vn 0.2155 0.9217 0.3225
vn 0.5137 -0.3805 0.7689
vn 0.3110 0.8286 0.4654
vn 0.3827 0.0000 0.9239
vn 0.3754 -0.1939 0.9063
vn 0.0769 0.9796 0.1856
vn 0.1484 0.9217 0.3583
vn 0.3539 -0.3805 0.8544
vn 0.2142 0.8286 0.5171
vn 0.3189 -0.5528 0.7699
vn 0.2717 0.7040 0.6561
vn 0.2717 -0.7040 0.6561
vn 0.3189 0.5528 0.7699
vn 0.2142 -0.8286 0.5171
vn 0.3539 0.3805 0.8544
vn 0.1484 -0.9217 0.3583
vn 0.3754 0.1939 0.9063
vn 0.0769 -0.9796 0.1856
vn 0.1385 0.7040 0.6965
vn 0.1626 0.5528 0.8173
vn 0.1385 -0.7040 0.6965
vn 0.1092 -0.8286 0.5490
vn 0.1804 0.3805 0.9070
vn 0.0757 -0.9217 0.3804
vn 0.1914 0.1939 0.9622
vn 0.0392 -0.9796 0.1971
vn 0.1951 0.0000 0.9808
vn 0.1914 -0.1939 0.9622
vn 0.0392 0.9796 0.1971
vn 0.0757 0.9217 0.3804
vn 0.1804 -0.3805 0.9070
vn 0.1092 0.8286 0.5490
vn 0.1626 -0.5528 0.8173
vn 0.0000 0.0000 1.0000
vn 0.0000 -0.1939 0.9810
vn 0.0000 0.9796 0.2010
vn 0.0000 0.9217 0.3879
vn 0.0000 -0.3805 0.9247
vn 0.0000 0.8286 0.5598
vn 0.0000 -0.5528 0.8333
vn 0.0000 0.7040 0.7101
vn 0.0000 -0.7040 0.7101
vn 0.0000 0.5528 0.8333
vn 0.0000 -0.8286 0.5598
vn 0.0000 0.3805 0.9247
vn 0.0000 -0.9217 0.3879
vn 0.0000 0.1939 0.9810
vn 0.0000 -0.9796 0.2010
vn -0.1385 -0.7040 0.6965
vn -0.1092 -0.8286 0.5490
vn -0.1626 0.5528 0.8173
vn -0.1804 0.3805 0.9070
vn -0.0757 -0.9217 0.3804
vn -0.1914 0.1939 0.9622
vn -0.0392 -0.9796 0.1971
vn -0.1951 0.0000 0.9808
vn -0.1914 -0.1939 0.9622
vn -0.0392 0.9796 0.1971
vn -0.0757 0.9217 0.3804
vn -0.1804 -0.3805 0.9070
vn -0.1092 0.8286 0.5490
vn -0.1626 -0.5528 0.8173
vn -0.1385 0.7040 0.6965
vn -0.0769 0.9796 0.1856
vn -0.1484 0.9217 0.3583
vn -0.3754 -0.1939 0.9063
vn -0.3539 -0.3805 0.8544
vn -0.2142 0.8286 0.5171
vn -0.3189 -0.5528 0.7699
vn -0.2717 0.7040 0.6561
vn -0.2717 -0.7040 0.6561
vn -0.3189 0.5528 0.7699
vn -0.2142 -0.8286 0.5171
vn -0.3539 0.3805 0.8544
vn -0.1484 -0.9217 0.3583
vn -0.3754 0.1939 0.9063
vn -0.0769 -0.9796 0.1856
vn -0.3827 0.0000 0.9239
vn -0.4630 0.5528 0.6929
vn -0.5137 0.3805 0.7689
vn -0.3110 -0.8286 0.4654
vn -0.2155 -0.9217 0.3225
vn -0.5450 0.1939 0.8157
vn -0.1116 -0.9796 0.1671
vn -0.5556 0.0000 0.8314
vn -0.5450 -0.1939 0.8157
vn -0.1116 0.9796 0.1671
vn -0.2155 0.9217 0.3225
vn -0.5137 -0.3805 0.7689
vn -0.3110 0.8286 0.4654
vn -0.4630 -0.5528 0.6929
vn -0.3945 0.7040 0.5904
vn -0.3945 -0.7040 0.5904
vn -0.6937 -0.1939 0.6937
vn -0.6539 -0.3805 0.6539
vn -0.2743 0.9217 0.2743
vn -0.3958 0.8286 0.3958
vn -0.5893 -0.5528 0.5893
vn -0.5021 0.7040 0.5021
vn -0.5021 -0.7040 0.5021
vn -0.5893 0.5528 0.5893
vn -0.3958 -0.8286 0.3958
vn -0.6539 0.3805 0.6539
vn -0.2743 -0.9217 0.2743
vn -0.6937 0.1939 0.6937
vn -0.1421 -0.9796 0.1421
vn -0.7071 0.0000 0.7071
vn -0.1421 0.9796 0.1421
vn -0.4654 -0.8286 0.3110
vn -0.3225 -0.9217 0.2155
vn -0.7689 0.3805 0.5137
vn -0.8157 0.1939 0.5450
vn -0.1671 -0.9796 0.1116
vn -0.8314 0.0000 0.5556
vn -0.8157 -0.1939 0.5450
vn -0.1671 0.9796 0.1116
vn -0.3225 0.9217 0.2155
vn -0.7689 -0.3805 0.5137
vn -0.4654 0.8286 0.3110
vn -0.6929 -0.5528 0.4630
vn -0.5904 0.7040 0.3945
vn -0.5904 -0.7040 0.3945
vn -0.6929 0.5528 0.4630
vn -0.8544 -0.3805 0.3539
vn -0.7699 -0.5528 0.3189
vn -0.5171 0.8286 0.2142
vn -0.6561 0.7040 0.2717
vn -0.6561 -0.7040 0.2717
vn -0.7699 0.5528 0.3189
vn -0.5171 -0.8286 0.2142
vn -0.8544 0.3805 0.3539
vn -0.3583 -0.9217 0.1484
vn -0.9063 0.1939 0.3754
vn -0.1856 -0.9796 0.0769
vn -0.9239 0.0000 0.3827
vn -0.9063 -0.1939 0.3754
vn -0.1856 0.9796 0.0769
vn -0.3583 0.9217 0.1484
vn -0.3804 -0.9217 0.0757
vn -0.1971 -0.9796 0.0392
vn -0.9622 0.1939 0.1914
vn -0.9808 0.0000 0.1951
vn -0.9622 -0.1939 0.1914
vn -0.1971 0.9796 0.0392
vn -0.3804 0.9217 0.0757
vn -0.9070 -0.3805 0.1804
vn -0.5490 0.8286 0.1092
vn -0.8173 -0.5528 0.1626
vn -0.6965 0.7040 0.1385
vn -0.6965 -0.7040 0.1385
vn -0.8173 0.5528 0.1626
vn -0.5490 -0.8286 0.1092
vn -0.9070 0.3805 0.1804
vn 0.0000 1.0000 0.0000
vn 0.0000 -1.0000 0.0000
usemtl Material.001
s 1
f 975//965 974//966 989//967 990//968
f 968//969 967//970 982//971 983//972
f 976//973 975//965 990//968 991//974
f 969//975 968//969 983//972 984//976
f 977//977 976//973 991//974 992//978
f 970//979 969//975 984//976 985//980
f 978//981 977//977 992//978 993//982
f 971//983 970//979 985//980 986//984
f 979//985 978//981 993//982 994//986
f 972//987 971//983 986//984 987//988
f 973//989 972//987 987//988 988//990
f 966//991 965//992 980//993 981//994
f 974//966 973//989 988//990 989//967
f 967//970 966//991 981//994 982//971
f 989//967 988//990 1003//995 1004//996
f 982//971 981//994 996//997 997//998
f 990//968 989//967 1004//996 1005//999
f 983//972 982//971 997//998 998//1000
f 991//974 990//968 1005//999 1006//1001
f 984//976 983//972 998//1000 999//1002
f 992//978 991//974 1006//1001 1007//1003
f 985//980 984//976 999//1002 1000//1004
f 993//982 992//978 1007//1003 1008//1005
f 986//984 985//980 1000//1004 1001//1006
f 994//986 993//982 1008//1005 1009//1007
f 987//988 986//984 1001//1006 1002//1008
f 988//990 987//988 1002//1008 1003//995
f 981//994 980//993 995//1009 996//997
f 1008//1005 1007//1003 1022//1010 1023//1011
f 1001//1006 1000//1004 1015//1012 1016//1013
f 1009//1007 1008//1005 1023//1011 1024//1014
f 1002//1008 1001//1006 1016//1013 1017//1015
f 1003//995 1002//1008 1017//1015 1018//1016
f 996//997 995//1009 1010//1017 1011//1018
f 1004//996 1003//995 1018//1016 1019//1019
f 997//998 996//997 1011//1018 1012//1020
f 1005//999 1004//996 1019//1019 1020//1021
f 998//1000 997//998 1012//1020 1013//1022
f 1006//1001 1005//999 1020//1021 1021//1023
f 999//1002 998//1000 1013//1022 1014//1024
f 1007//1003 1006//1001 1021//1023 1022//1010
f 1000//1004 999//1002 1014//1024 1015//1012
f 1012//1020 1011//1018 1026//1025 1027//1026
f 1020//1021 1019//1019 1034//1027 1035//1028
f 1013//1022 1012//1020 1027//1026 1028//1029
f 1021//1023 1020//1021 1035//1028 1036//1030
f 1014//1024 1013//1022 1028//1029 1029//1031
f 1022//1010 1021//1023 1036//1030 1037//1032
f 1015//1012 1014//1024 1029//1031 1030//1033
f 1023//1011 1022//1010 1037//1032 1038//1034
f 1016//1013 1015//1012 1030//1033 1031//1035
f 1024//1014 1023//1011 1038//1034 1039//1036
f 1017//1015 1016//1013 1031//1035 1032//1037
f 1018//1016 1017//1015 1032//1037 1033//1038
f 1011//1018 1010//1017 1025//1039 1026//1025
f 1019//1019 1018//1016 1033//1038 1034//1027
f 1031//1035 1030//1033 1045//1040 1046//1041
f 1039//1036 1038//1034 1053//1042 1054//1043
f 1032//1037 1031//1035 1046//1041 1047//1044
f 1033//1038 1032//1037 1047//1044 1048//1045
f 1026//1025 1025//1039 1040//1046 1041//1047
f 1034//1027 1033//1038 1048//1045 1049//1048
f 1027//1026 1026//1025 1041//1047 1042//1049
f 1035//1028 1034//1027 1049//1048 1050//1050
f 1028//1029 1027//1026 1042//1049 1043//1051
f 1036//1030 1035//1028 1050//1050 1051//1052
f 1029//1031 1028//1029 1043//1051 1044//1053
f 1037//1032 1036//1030 1051//1052 1052//1054
f 1030//1033 1029//1031 1044//1053 1045//1040
f 1038//1034 1037//1032 1052//1054 1053//1042
f 1050//1050 1049//1048 1064//1055 1065//1056
f 1043//1051 1042//1049 1057//1057 1058//1058
f 1051//1052 1050//1050 1065//1056 1066//1059
f 1044//1053 1043//1051 1058//1058 1059//1060
f 1052//1054 1051//1052 1066//1059 1067//1061
f 1045//1040 1044//1053 1059//1060 1060//1062
f 1053//1042 1052//1054 1067//1061 1068//1063
f 1046//1041 1045//1040 1060//1062 1061//1064
f 1054//1043 1053//1042 1068//1063 1069//1065
f 1047//1044 1046//1041 1061//1064 1062//1066
f 1048//1045 1047//1044 1062//1066 1063//1067
f 1041//1047 1040//1046 1055//1068 1056//1069
f 1049//1048 1048//1045 1063//1067 1064//1055
f 1042//1049 1041//1047 1056//1069 1057//1057
f 1069//1065 1068//1063 1083//1070 1084//1071
f 1062//1066 1061//1064 1076//1072 1077//1073
f 1063//1067 1062//1066 1077//1073 1078//1074
f 1056//1069 1055//1068 1070//1075 1071//1076
f 1064//1055 1063//1067 1078//1074 1079//1077
f 1057//1057 1056//1069 1071//1076 1072//1078
f 1065//1056 1064//1055 1079//1077 1080//1079
f 1058//1058 1057//1057 1072//1078 1073//1080
f 1066//1059 1065//1056 1080//1079 1081//1081
f 1059//1060 1058//1058 1073//1080 1074//1082
f 1067//1061 1066//1059 1081//1081 1082//1083
f 1060//1062 1059//1060 1074//1082 1075//1084
f 1068//1063 1067//1061 1082//1083 1083//1070
f 1061//1064 1060//1062 1075//1084 1076//1072
f 1073//1080 1072//1078 1087//1085 1088//1086
f 1081//1081 1080//1079 1095//1087 1096//1088
f 1074//1082 1073//1080 1088//1086 1089//1089
f 1082//1083 1081//1081 1096//1088 1097//1090
f 1075//1084 1074//1082 1089//1089 1090//1091
f 1083//1070 1082//1083 1097//1090 1098//1092
f 1076//1072 1075//1084 1090//1091 1091//1093
f 1084//1071 1083//1070 1098//1092 1099//1094
f 1077//1073 1076//1072 1091//1093 1092//1095
f 1078//1074 1077//1073 1092//1095 1093//1096
f 1071//1076 1070//1075 1085//1097 1086//1098
f 1079//1077 1078//1074 1093//1096 1094//1099
f 1072//1078 1071//1076 1086//1098 1087//1085
f 1080//1079 1079//1077 1094//1099 1095//1087
f 1092//1095 1091//1093 1106//1100 1107//1101
f 1093//1096 1092//1095 1107//1101 1108//1102
f 1086//1098 1085//1097 1100//1103 1101//1104
f 1094//1099 1093//1096 1108//1102 1109//1105
f 1087//1085 1086//1098 1101//1104 1102//1106
f 1095//1087 1094//1099 1109//1105 1110//1107
f 1088//1086 1087//1085 1102//1106 1103//1108
f 1096//1088 1095//1087 1110//1107 1111//1109
f 1089//1089 1088//1086 1103//1108 1104//1110
f 1097//1090 1096//1088 1111//1109 1112//1111
f 1090//1091 1089//1089 1104//1110 1105//1112
f 1098//1092 1097//1090 1112//1111 1113//1113
f 1091//1093 1090//1091 1105//1112 1106//1100
f 1099//1094 1098//1092 1113//1113 1114//1114
f 1111//1109 1110//1107 1125//1115 1126//1116
f 1104//1110 1103//1108 1118//1117 1119//1118
f 1112//1111 1111//1109 1126//1116 1127//1119
f 1105//1112 1104//1110 1119//1118 1120//1120
f 1113//1113 1112//1111 1127//1119 1128//1121
f 1106//1100 1105//1112 1120//1120 1121//1122
f 1114//1114 1113//1113 1128//1121 1129//1123
f 1107//1101 1106//1100 1121//1122 1122//1124
f 1108//1102 1107//1101 1122//1124 1123//1125
f 1101//1104 1100//1103 1115//1126 1116//1127
f 1109//1105 1108//1102 1123//1125 1124//1128
f 1102//1106 1101//1104 1116//1127 1117//1129
f 1110//1107 1109//1105 1124//1128 1125//1115
f 1103//1108 1102//1106 1117//1129 1118//1117
f 1123//1125 1122//1124 1137//1130 1138//1131
f 1116//1127 1115//1126 1130//1132 1131//1133
f 1124//1128 1123//1125 1138//1131 1139//1134
f 1117//1129 1116//1127 1131//1133 1132//1135
f 1125//1115 1124//1128 1139//1134 1140//1136
f 1118//1117 1117//1129 1132//1135 1133//1137
f 1126//1116 1125//1115 1140//1136 1141//1138
f 1119//1118 1118//1117 1133//1137 1134//1139
f 1127//1119 1126//1116 1141//1138 1142//1140
f 1120//1120 1119//1118 1134//1139 1135//1141
f 1128//1121 1127//1119 1142//1140 1143//1142
f 1121//1122 1120//1120 1135//1141 1136//1143
f 1129//1123 1128//1121 1143//1142 1144//1144
f 1122//1124 1121//1122 1136//1143 1137//1130
f 1142//1140 1141//1138 1156//1145 1157//1146
f 1135//1141 1134//1139 1149//1147 1150//1148
f 1143//1142 1142//1140 1157//1146 1158//1149
f 1136//1143 1135//1141 1150//1148 1151//1150
f 1144//1144 1143//1142 1158//1149 1159//1151
f 1137//1130 1136//1143 1151//1150 1152//1152
f 1138//1131 1137//1130 1152//1152 1153//1153
f 1131//1133 1130//1132 1145//1154 1146//1155
f 1139//1134 1138//1131 1153//1153 1154//1156
f 1132//1135 1131//1133 1146//1155 1147//1157
f 1140//1136 1139//1134 1154//1156 1155//1158
f 1133//1137 1132//1135 1147//1157 1148//1159
f 1141//1138 1140//1136 1155//1158 1156//1145
f 1134//1139 1133//1137 1148//1159 1149//1147
f 1146//1155 1145//1154 1160//1160 1161//1161
f 1154//1156 1153//1153 1168//1162 1169//1163
f 1147//1157 1146//1155 1161//1161 1162//1164
f 1155//1158 1154//1156 1169//1163 1170//1165
f 1148//1159 1147//1157 1162//1164 1163//1166
f 1156//1145 1155//1158 1170//1165 1171//1167
f 1149//1147 1148//1159 1163//1166 1164//1168
f 1157//1146 1156//1145 1171//1167 1172//1169
f 1150//1148 1149//1147 1164//1168 1165//1170
f 1158//1149 1157//1146 1172//1169 1173//1171
f 1151//1150 1150//1148 1165//1170 1166//1172
f 1159//1151 1158//1149 1173//1171 1174//1173
f 1152//1152 1151//1150 1166//1172 1167//1174
f 1153//1153 1152//1152 1167//1174 1168//1162
f 1165//1170 1164//1168 1179//1175 1180//1176
f 1173//1171 1172//1169 1187//1177 1188//1178
f 1166//1172 1165//1170 1180//1176 1181//1179
f 1174//1173 1173//1171 1188//1178 1189//1180
f 1167//1174 1166//1172 1181//1179 1182//1181
f 1168//1162 1167//1174 1182//1181 1183//1182
f 1161//1161 1160//1160 1175//1183 1176//1184
f 1169//1163 1168//1162 1183//1182 1184//1185
f 1162//1164 1161//1161 1176//1184 1177//1186
f 1170//1165 1169//1163 1184//1185 1185//1187
f 1163//1166 1162//1164 1177//1186 1178//1188
f 1171//1167 1170//1165 1185//1187 1186//1189
f 1164//1168 1163//1166 1178//1188 1179//1175
f 1172//1169 1171//1167 1186//1189 1187//1177
f 1184//1185 1183//1182 1198//1190 1199//1191
f 1177//1186 1176//1184 1191//1192 1192//1193
f 1185//1187 1184//1185 1199//1191 1200//1194
f 1178//1188 1177//1186 1192//1193 1193//1195
f 1186//1189 1185//1187 1200//1194 1201//1196
f 1179//1175 1178//1188 1193//1195 1194//1197
f 1187//1177 1186//1189 1201//1196 1202//1198
f 1180//1176 1179//1175 1194//1197 1195//1199
f 1188//1178 1187//1177 1202//1198 1203//1200
f 1181//1179 1180//1176 1195//1199 1196//1201
f 1189//1180 1188//1178 1203//1200 1204//1202
f 1182//1181 1181//1179 1196//1201 1197//1203
f 1183//1182 1182//1181 1197//1203 1198//1190
f 1176//1184 1175//1183 1190//1204 1191//1192
f 1203//1200 1202//1198 1217//1205 1218//1206
f 1196//1201 1195//1199 1210//1207 1211//1208
f 1204//1202 1203//1200 1218//1206 1219//1209
f 1197//1203 1196//1201 1211//1208 1212//1210
f 1198//1190 1197//1203 1212//1210 1213//1211
f 1191//1192 1190//1204 1205//1212 1206//1213
f 1199//1191 1198//1190 1213//1211 1214//1214
f 1192//1193 1191//1192 1206//1213 1207//1215
f 1200//1194 1199//1191 1214//1214 1215//1216
f 1193//1195 1192//1193 1207//1215 1208//1217
f 1201//1196 1200//1194 1215//1216 1216//1218
f 1194//1197 1193//1195 1208//1217 1209//1219
f 1202//1198 1201//1196 1216//1218 1217//1205
f 1195//1199 1194//1197 1209//1219 1210//1207
f 1207//1215 1206//1213 1221//1220 1222//1221
f 1215//1216 1214//1214 1229//1222 1230//1223
f 1208//1217 1207//1215 1222//1221 1223//1224
f 1216//1218 1215//1216 1230//1223 1231//1225
f 1209//1219 1208//1217 1223//1224 1224//1226
f 1217//1205 1216//1218 1231//1225 1232//1227
f 1210//1207 1209//1219 1224//1226 1225//1228
f 1218//1206 1217//1205 1232//1227 1233//1229
f 1211//1208 1210//1207 1225//1228 1226//1230
f 1219//1209 1218//1206 1233//1229 1234//1231
f 1212//1210 1211//1208 1226//1230 1227//1232
f 1213//1211 1212//1210 1227//1232 1228//1233
f 1206//1213 1205//1212 1220//1234 1221//1220
f 1214//1214 1213//1211 1228//1233 1229//1222
f 1226//1230 1225//1228 1240//1235 1241//1236
f 1234//1231 1233//1229 1248//1237 1249//1238
f 1227//1232 1226//1230 1241//1236 1242//1239
f 1228//1233 1227//1232 1242//1239 1243//1240
f 1221//1220 1220//1234 1235//1241 1236//1242
f 1229//1222 1228//1233 1243//1240 1244//1243
f 1222//1221 1221//1220 1236//1242 1237//1244
f 1230//1223 1229//1222 1244//1243 1245//1245
f 1223//1224 1222//1221 1237//1244 1238//1246
f 1231//1225 1230//1223 1245//1245 1246//1247
f 1224//1226 1223//1224 1238//1246 1239//1248
f 1232//1227 1231//1225 1246//1247 1247//1249
f 1225//1228 1224//1226 1239//1248 1240//1235
f 1233//1229 1232//1227 1247//1249 1248//1237
f 1245//1245 1244//1243 1259//1250 1260//1251
f 1238//1246 1237//1244 1252//1252 1253//1253
f 1246//1247 1245//1245 1260//1251 1261//1254
f 1239//1248 1238//1246 1253//1253 1254//1255
f 1247//1249 1246//1247 1261//1254 1262//1256
f 1240//1235 1239//1248 1254//1255 1255//1257
f 1248//1237 1247//1249 1262//1256 1263//1258
f 1241//1236 1240//1235 1255//1257 1256//1259
f 1249//1238 1248//1237 1263//1258 1264//1260
f 1242//1239 1241//1236 1256//1259 1257//1261
f 1243//1240 1242//1239 1257//1261 1258//1262
f 1236//1242 1235//1241 1250//1263 1251//1264
f 1244//1243 1243//1240 1258//1262 1259//1250
f 1237//1244 1236//1242 1251//1264 1252//1252
f 1264//1260 1263//1258 1278//1265 1279//1266
f 1257//1261 1256//1259 1271//1267 1272//1268
f 1258//1262 1257//1261 1272//1268 1273//1269
f 1251//1264 1250//1263 1265//1270 1266//1271
f 1259//1250 1258//1262 1273//1269 1274//1272
f 1252//1252 1251//1264 1266//1271 1267//1273
f 1260//1251 1259//1250 1274//1272 1275//1274
f 1253//1253 1252//1252 1267//1273 1268//1275
f 1261//1254 1260//1251 1275//1274 1276//1276
f 1254//1255 1253//1253 1268//1275 1269//1277
f 1262//1256 1261//1254 1276//1276 1277//1278
f 1255//1257 1254//1255 1269//1277 1270//1279
f 1263//1258 1262//1256 1277//1278 1278//1265
f 1256//1259 1255//1257 1270//1279 1271//1267
f 1276//1276 1275//1274 1290//1280 1291//1281
f 1269//1277 1268//1275 1283//1282 1284//1283
f 1277//1278 1276//1276 1291//1281 1292//1284
f 1270//1279 1269//1277 1284//1283 1285//1285
f 1278//1265 1277//1278 1292//1284 1293//1286
f 1271//1267 1270//1279 1285//1285 1286//1287
f 1279//1266 1278//1265 1293//1286 1294//1288
f 1272//1268 1271//1267 1286//1287 1287//1289
f 1273//1269 1272//1268 1287//1289 1288//1290
f 1266//1271 1265//1270 1280//1291 1281//1292
f 1274//1272 1273//1269 1288//1290 1289//1293
f 1267//1273 1266//1271 1281//1292 1282//1294
f 1275//1274 1274//1272 1289//1293 1290//1280
f 1268//1275 1267//1273 1282//1294 1283//1282
f 1288//1290 1287//1289 1303//1295 1304//1296
f 1281//1292 1280//1291 1296//1297 1297//1298
f 1289//1293 1288//1290 1304//1296 1305//1299
f 1282//1294 1281//1292 1297//1298 1298//1300
f 1290//1280 1289//1293 1305//1299 1306//1301
f 1283//1282 1282//1294 1298//1300 1299//1302
f 1291//1281 1290//1280 1306//1301 1307//1303
f 1284//1283 1283//1282 1299//1302 1300//1304
f 1292//1284 1291//1281 1307//1303 1308//1305
f 1285//1285 1284//1283 1300//1304 1301//1306
f 1293//1286 1292//1284 1308//1305 1309//1307
f 1286//1287 1285//1285 1301//1306 1302//1308
f 1294//1288 1293//1286 1309//1307 1310//1309
f 1287//1289 1286//1287 1302//1308 1303//1295
f 1300//1304 1299//1302 1314//1310 1315//1311
f 1308//1305 1307//1303 1322//1312 1323//1313
f 1301//1306 1300//1304 1315//1311 1316//1314
f 1309//1307 1308//1305 1323//1313 1324//1315
f 1302//1308 1301//1306 1316//1314 1317//1316
f 1310//1309 1309//1307 1324//1315 1325//1317
f 1303//1295 1302//1308 1317//1316 1318//1318
f 1304//1296 1303//1295 1318//1318 1319//1319
f 1297//1298 1296//1297 1311//1320 1312//1321
f 1305//1299 1304//1296 1319//1319 1320//1322
f 1298//1300 1297//1298 1312//1321 1313//1323
f 1306//1301 1305//1299 1320//1322 1321//1324
f 1299//1302 1298//1300 1313//1323 1314//1310
f 1307//1303 1306//1301 1321//1324 1322//1312
f 1319//1319 1318//1318 1333//1325 1334//1326
f 1312//1321 1311//1320 1326//1327 1327//1328
f 1320//1322 1319//1319 1334//1326 1335//1329
f 1313//1323 1312//1321 1327//1328 1328//1330
f 1321//1324 1320//1322 1335//1329 1336//1331
f 1314//1310 1313//1323 1328//1330 1329//1332
f 1322//1312 1321//1324 1336//1331 1337//1333
f 1315//1311 1314//1310 1329//1332 1330//1334
f 1323//1313 1322//1312 1337//1333 1338//1335
f 1316//1314 1315//1311 1330//1334 1331//1336
f 1324//1315 1323//1313 1338//1335 1339//1337
f 1317//1316 1316//1314 1331//1336 1332//1338
f 1325//1317 1324//1315 1339//1337 1340//1339
f 1318//1318 1317//1316 1332//1338 1333//1325
f 1338//1335 1337//1333 1352//1340 1353//1341
f 1331//1336 1330//1334 1345//1342 1346//1343
f 1339//1337 1338//1335 1353//1341 1354//1344
f 1332//1338 1331//1336 1346//1343 1347//1345
f 1340//1339 1339//1337 1354//1344 1355//1346
f 1333//1325 1332//1338 1347//1345 1348//1347
f 1334//1326 1333//1325 1348//1347 1349//1348
f 1327//1328 1326//1327 1341//1349 1342//1350
f 1335//1329 1334//1326 1349//1348 1350//1351
f 1328//1330 1327//1328 1342//1350 1343//1352
f 1336//1331 1335//1329 1350//1351 1351//1353
f 1329//1332 1328//1330 1343//1352 1344//1354
f 1337//1333 1336//1331 1351//1353 1352//1340
f 1330//1334 1329//1332 1344//1354 1345//1342
f 1342//1350 1341//1349 1356//1355 1357//1356
f 1350//1351 1349//1348 1364//1357 1365//1358
f 1343//1352 1342//1350 1357//1356 1358//1359
f 1351//1353 1350//1351 1365//1358 1366//1360
f 1344//1354 1343//1352 1358//1359 1359//1361
f 1352//1340 1351//1353 1366//1360 1367//1362
f 1345//1342 1344//1354 1359//1361 1360//1363
f 1353//1341 1352//1340 1367//1362 1368//1364
f 1346//1343 1345//1342 1360//1363 1361//1365
f 1354//1344 1353//1341 1368//1364 1369//1366
f 1347//1345 1346//1343 1361//1365 1362//1367
f 1355//1346 1354//1344 1369//1366 1370//1368
f 1348//1347 1347//1345 1362//1367 1363//1369
f 1349//1348 1348//1347 1363//1369 1364//1357
f 1361//1365 1360//1363 1375//1370 1376//1371
f 1369//1366 1368//1364 1383//1372 1384//1373
f 1362//1367 1361//1365 1376//1371 1377//1374
f 1370//1368 1369//1366 1384//1373 1385//1375
f 1363//1369 1362//1367 1377//1374 1378//1376
f 1364//1357 1363//1369 1378//1376 1379//1377
f 1357//1356 1356//1355 1371//1378 1372//1379
f 1365//1358 1364//1357 1379//1377 1380//1380
f 1358//1359 1357//1356 1372//1379 1373//1381
f 1366//1360 1365//1358 1380//1380 1381//1382
f 1359//1361 1358//1359 1373//1381 1374//1383
f 1367//1362 1366//1360 1381//1382 1382//1384
f 1360//1363 1359//1361 1374//1383 1375//1370
f 1368//1364 1367//1362 1382//1384 1383//1372
f 1380//1380 1379//1377 1394//1385 1395//1386
f 1373//1381 1372//1379 1387//1387 1388//1388
f 1381//1382 1380//1380 1395//1386 1396//1389
f 1374//1383 1373//1381 1388//1388 1389//1390
f 1382//1384 1381//1382 1396//1389 1397//1391
f 1375//1370 1374//1383 1389//1390 1390//1392
f 1383//1372 1382//1384 1397//1391 1398//1393
f 1376//1371 1375//1370 1390//1392 1391//1394
f 1384//1373 1383//1372 1398//1393 1399//1395
f 1377//1374 1376//1371 1391//1394 1392//1396
f 1385//1375 1384//1373 1399//1395 1400//1397
f 1378//1376 1377//1374 1392//1396 1393//1398
f 1379//1377 1378//1376 1393//1398 1394//1385
f 1372//1379 1371//1378 1386//1399 1387//1387
f 1399//1395 1398//1393 1413//1400 1414//1401
f 1392//1396 1391//1394 1406//1402 1407//1403
f 1400//1397 1399//1395 1414//1401 1415//1404
f 1393//1398 1392//1396 1407//1403 1408//1405
f 1394//1385 1393//1398 1408//1405 1409//1406
f 1387//1387 1386//1399 1401//1407 1402//1408
f 1395//1386 1394//1385 1409//1406 1410//1409
f 1388//1388 1387//1387 1402//1408 1403//1410
f 1396//1389 1395//1386 1410//1409 1411//1411
f 1389//1390 1388//1388 1403//1410 1404//1412
f 1397//1391 1396//1389 1411//1411 1412//1413
f 1390//1392 1389//1390 1404//1412 1405//1414
f 1398//1393 1397//1391 1412//1413 1413//1400
f 1391//1394 1390//1392 1405//1414 1406//1402
f 1411//1411 1410//1409 1426//1415 1427//1416
f 1404//1412 1403//1410 1419//1417 1420//1418
f 1412//1413 1411//1411 1427//1416 1428//1419
f 1405//1414 1404//1412 1420//1418 1421//1420
f 1413//1400 1412//1413 1428//1419 1429//1421
f 1406//1402 1405//1414 1421//1420 1422//1422
f 1414//1401 1413//1400 1429//1421 1430//1423
f 1407//1403 1406//1402 1422//1422 1423//1424
f 1415//1404 1414//1401 1430//1423 1431//1425
f 1408//1405 1407//1403 1423//1424 1424//1426
f 1409//1406 1408//1405 1424//1426 1425//1427
f 1402//1408 1401//1407 1417//1428 1418//1429
f 1410//1409 1409//1406 1425//1427 1426//1415
f 1403//1410 1402//1408 1418//1429 1419//1417
f 1431//1425 1430//1423 1445//1430 1446//1431
f 1424//1426 1423//1424 1438//1432 1439//1433
f 1425//1427 1424//1426 1439//1433 1440//1434
f 1418//1429 1417//1428 1432//1435 1433//1436
f 1426//1415 1425//1427 1440//1434 1441//1437
f 1419//1417 1418//1429 1433//1436 1434//1438
f 1427//1416 1426//1415 1441//1437 1442//1439
f 1420//1418 1419//1417 1434//1438 1435//1440
f 1428//1419 1427//1416 1442//1439 1443//1441
f 1421//1420 1420//1418 1435//1440 1436//1442
f 1429//1421 1428//1419 1443//1441 1444//1443
f 1422//1422 1421//1420 1436//1442 1437//1444
f 1430//1423 1429//1421 1444//1443 1445//1430
f 1423//1424 1422//1422 1437//1444 1438//1432
f 965//992 1416//1445 980//993
f 1295//1446 979//985 994//986
f 980//993 1416//1445 995//1009
f 1295//1446 994//986 1009//1007
f 995//1009 1416//1445 1010//1017
f 1295//1446 1009//1007 1024//1014
f 1010//1017 1416//1445 1025//1039
f 1295//1446 1024//1014 1039//1036
f 1025//1039 1416//1445 1040//1046
f 1295//1446 1039//1036 1054//1043
f 1040//1046 1416//1445 1055//1068
f 1295//1446 1054//1043 1069//1065
f 1055//1068 1416//1445 1070//1075
f 1295//1446 1069//1065 1084//1071
f 1070//1075 1416//1445 1085//1097
f 1295//1446 1084//1071 1099//1094
f 1085//1097 1416//1445 1100//1103
f 1295//1446 1099//1094 1114//1114
f 1100//1103 1416//1445 1115//1126
f 1295//1446 1114//1114 1129//1123
f 1295//1446 1129//1123 1144//1144
f 1115//1126 1416//1445 1130//1132
f 1130//1132 1416//1445 1145//1154
f 1295//1446 1144//1144 1159//1151
f 1145//1154 1416//1445 1160//1160
f 1295//1446 1159//1151 1174//1173
f 1160//1160 1416//1445 1175//1183
f 1295//1446 1174//1173 1189//1180
f 1175//1183 1416//1445 1190//1204
f 1295//1446 1189//1180 1204//1202
f 1190//1204 1416//1445 1205//1212
f 1295//1446 1204//1202 1219//1209
f 1205//1212 1416//1445 1220//1234
f 1295//1446 1219//1209 1234//1231
f 1220//1234 1416//1445 1235//1241
f 1295//1446 1234//1231 1249//1238
f 1235//1241 1416//1445 1250//1263
f 1295//1446 1249//1238 1264//1260
f 1250//1263 1416//1445 1265//1270
f 1295//1446 1264//1260 1279//1266
f 1265//1270 1416//1445 1280//1291
f 1295//1446 1279//1266 1294//1288
f 1280//1291 1416//1445 1296//1297
f 1295//1446 1294//1288 1310//1309
f 1296//1297 1416//1445 1311//1320
f 1295//1446 1310//1309 1325//1317
f 1311//1320 1416//1445 1326//1327
f 1295//1446 1325//1317 1340//1339
f 1326//1327 1416//1445 1341//1349
f 1295//1446 1340//1339 1355//1346
f 1341//1349 1416//1445 1356//1355
f 1295//1446 1355//1346 1370//1368
f 1356//1355 1416//1445 1371//1378
f 1295//1446 1370//1368 1385//1375
f 1371//1378 1416//1445 1386//1399
f 1295//1446 1385//1375 1400//1397
f 1386//1399 1416//1445 1401//1407
f 1295//1446 1400//1397 1415//1404
f 1401//1407 1416//1445 1417//1428
f 1295//1446 1415//1404 1431//1425
f 1417//1428 1416//1445 1432//1435
f 1295//1446 1431//1425 1446//1431
f 1435//1440 1434//1438 967//970 968//969
f 1443//1441 1442//1439 975//965 976//973
f 1436//1442 1435//1440 968//969 969//975
f 1444//1443 1443//1441 976//973 977//977
f 1437//1444 1436//1442 969//975 970//979
f 1445//1430 1444//1443 977//977 978//981
f 1438//1432 1437//1444 970//979 971//983
f 1446//1431 1445//1430 978//981 979//985
f 1439//1433 1438//1432 971//983 972//987
f 1416//1445 965//992 1432//1435
f 1295//1446 1446//1431 979//985
f 1440//1434 1439//1433 972//987 973//989
f 965//992 966//991 1433//1436 1432//1435
f 1441//1437 1440//1434 973//989 974//966
f 1434//1438 1433//1436 966//991 967//970
f 1442//1439 1441//1437 974//966 975//965
l 965 966
l 966 967
l 967 968
l 968 969
l 969 970
l 970 971
l 971 972
l 972 973
l 973 974
l 974 975
l 975 976
l 976 977
l 977 978
l 978 979
l 980 981
l 981 982
l 982 983
l 983 984
l 984 985
l 985 986
l 986 987
l 987 988
l 988 989
l 989 990
l 990 991
l 991 992
l 992 993
l 993 994
l 975 990
l 974 989
l 968 983
l 967 982
l 976 991
l 969 984
l 977 992
l 970 985
l 978 993
l 971 986
l 979 994
l 972 987
l 965 980
l 973 988
l 966 981
l 995 996
l 996 997
l 997 998
l 998 999
l 999 1000
l 1000 1001
l 1001 1002
l 1002 1003
l 1003 1004
l 1004 1005
l 1005 1006
l 1006 1007
l 1007 1008
l 1008 1009
l 989 1004
l 988 1003
l 982 997
l 981 996
l 990 1005
l 983 998
l 991 1006
l 984 999
l 992 1007
l 985 1000
l 993 1008
l 986 1001
l 994 1009
l 987 1002
l 980 995
l 1010 1011
l 1011 1012
l 1012 1013
l 1013 1014
l 1014 1015
l 1015 1016
l 1016 1017
l 1017 1018
l 1018 1019
l 1019 1020
l 1020 1021
l 1021 1022
l 1022 1023
l 1023 1024
l 1008 1023
l 1007 1022
l 1001 1016
l 1000 1015
l 1009 1024
l 1002 1017
l 995 1010
l 1003 1018
l 996 1011
l 1004 1019
l 997 1012
l 1005 1020
l 998 1013
l 1006 1021
l 999 1014
l 1025 1026
l 1026 1027
l 1027 1028
l 1028 1029
l 1029 1030
l 1030 1031
l 1031 1032
l 1032 1033
l 1033 1034
l 1034 1035
l 1035 1036
l 1036 1037
l 1037 1038
l 1038 1039
l 1012 1027
l 1011 1026
l 1020 1035
l 1019 1034
l 1013 1028
l 1021 1036
l 1014 1029
l 1022 1037
l 1015 1030
l 1023 1038
l 1016 1031
l 1024 1039
l 1017 1032
l 1010 1025
l 1018 1033
l 1040 1041
l 1041 1042
l 1042 1043
l 1043 1044
l 1044 1045
l 1045 1046
l 1046 1047
l 1047 1048
l 1048 1049
l 1049 1050
l 1050 1051
l 1051 1052
l 1052 1053
l 1053 1054
l 1031 1046
l 1030 1045
l 1039 1054
l 1038 1053
l 1032 1047
l 1025 1040
l 1033 1048
l 1026 1041
l 1034 1049
l 1027 1042
l 1035 1050
l 1028 1043
l 1036 1051
l 1029 1044
l 1037 1052
l 1055 1056
l 1056 1057
l 1057 1058
l 1058 1059
l 1059 1060
l 1060 1061
l 1061 1062
l 1062 1063
l 1063 1064
l 1064 1065
l 1065 1066
l 1066 1067
l 1067 1068
l 1068 1069
l 1050 1065
l 1049 1064
l 1043 1058
l 1042 1057
l 1051 1066
l 1044 1059
l 1052 1067
l 1045 1060
l 1053 1068
l 1046 1061
l 1054 1069
l 1047 1062
l 1040 1055
l 1048 1063
l 1041 1056
l 1070 1071
l 1071 1072
l 1072 1073
l 1073 1074
l 1074 1075
l 1075 1076
l 1076 1077
l 1077 1078
l 1078 1079
l 1079 1080
l 1080 1081
l 1081 1082
l 1082 1083
l 1083 1084
l 1069 1084
l 1068 1083
l 1062 1077
l 1061 1076
l 1055 1070
l 1063 1078
l 1056 1071
l 1064 1079
l 1057 1072
l 1065 1080
l 1058 1073
l 1066 1081
l 1059 1074
l 1067 1082
l 1060 1075
l 1085 1086
l 1086 1087
l 1087 1088
l 1088 1089
l 1089 1090
l 1090 1091
l 1091 1092
l 1092 1093
l 1093 1094
l 1094 1095
l 1095 1096
l 1096 1097
l 1097 1098
l 1098 1099
l 1073 1088
l 1072 1087
l 1081 1096
l 1080 1095
l 1074 1089
l 1082 1097
l 1075 1090
l 1083 1098
l 1076 1091
l 1084 1099
l 1077 1092
l 1070 1085
l 1078 1093
l 1071 1086
l 1079 1094
l 1100 1101
l 1101 1102
l 1102 1103
l 1103 1104
l 1104 1105
l 1105 1106
l 1106 1107
l 1107 1108
l 1108 1109
l 1109 1110
l 1110 1111
l 1111 1112
l 1112 1113
l 1113 1114
l 1092 1107
l 1091 1106
l 1085 1100
l 1099 1114
l 1093 1108
l 1086 1101
l 1094 1109
l 1087 1102
l 1095 1110
l 1088 1103
l 1096 1111
l 1089 1104
l 1097 1112
l 1090 1105
l 1098 1113
l 1115 1116
l 1116 1117
l 1117 1118
l 1118 1119
l 1119 1120
l 1120 1121
l 1121 1122
l 1122 1123
l 1123 1124
l 1124 1125
l 1125 1126
l 1126 1127
l 1127 1128
l 1128 1129
l 1111 1126
l 1110 1125
l 1104 1119
l 1103 1118
l 1112 1127
l 1105 1120
l 1113 1128
l 1106 1121
l 1114 1129
l 1107 1122
l 1100 1115
l 1108 1123
l 1101 1116
l 1109 1124
l 1102 1117
l 1130 1131
l 1131 1132
l 1132 1133
l 1133 1134
l 1134 1135
l 1135 1136
l 1136 1137
l 1137 1138
l 1138 1139
l 1139 1140
l 1140 1141
l 1141 1142
l 1142 1143
l 1143 1144
l 1129 1144
l 1123 1138
l 1122 1137
l 1116 1131
l 1115 1130
l 1124 1139
l 1117 1132
l 1125 1140
l 1118 1133
l 1126 1141
l 1119 1134
l 1127 1142
l 1120 1135
l 1128 1143
l 1121 1136
l 1145 1146
l 1146 1147
l 1147 1148
l 1148 1149
l 1149 1150
l 1150 1151
l 1151 1152
l 1152 1153
l 1153 1154
l 1154 1155
l 1155 1156
l 1156 1157
l 1157 1158
l 1158 1159
l 1142 1157
l 1141 1156
l 1135 1150
l 1134 1149
l 1143 1158
l 1136 1151
l 1144 1159
l 1137 1152
l 1130 1145
l 1138 1153
l 1131 1146
l 1139 1154
l 1132 1147
l 1140 1155
l 1133 1148
l 1160 1161
l 1161 1162
l 1162 1163
l 1163 1164
l 1164 1165
l 1165 1166
l 1166 1167
l 1167 1168
l 1168 1169
l 1169 1170
l 1170 1171
l 1171 1172
l 1172 1173
l 1173 1174
l 1146 1161
l 1145 1160
l 1154 1169
l 1153 1168
l 1147 1162
l 1155 1170
l 1148 1163
l 1156 1171
l 1149 1164
l 1157 1172
l 1150 1165
l 1158 1173
l 1151 1166
l 1159 1174
l 1152 1167
l 1175 1176
l 1176 1177
l 1177 1178
l 1178 1179
l 1179 1180
l 1180 1181
l 1181 1182
l 1182 1183
l 1183 1184
l 1184 1185
l 1185 1186
l 1186 1187
l 1187 1188
l 1188 1189
l 1165 1180
l 1164 1179
l 1173 1188
l 1172 1187
l 1166 1181
l 1174 1189
l 1167 1182
l 1160 1175
l 1168 1183
l 1161 1176
l 1169 1184
l 1162 1177
l 1170 1185
l 1163 1178
l 1171 1186
l 1190 1191
l 1191 1192
l 1192 1193
l 1193 1194
l 1194 1195
l 1195 1196
l 1196 1197
l 1197 1198
l 1198 1199
l 1199 1200
l 1200 1201
l 1201 1202
l 1202 1203
l 1203 1204
l 1184 1199
l 1183 1198
l 1177 1192
l 1176 1191
l 1185 1200
l 1178 1193
l 1186 1201
l 1179 1194
l 1187 1202
l 1180 1195
l 1188 1203
l 1181 1196
l 1189 1204
l 1182 1197
l 1175 1190
l 1205 1206
l 1206 1207
l 1207 1208
l 1208 1209
l 1209 1210
l 1210 1211
l 1211 1212
l 1212 1213
l 1213 1214
l 1214 1215
l 1215 1216
l 1216 1217
l 1217 1218
l 1218 1219
l 1203 1218
l 1202 1217
l 1196 1211
l 1195 1210
l 1204 1219
l 1197 1212
l 1190 1205
l 1198 1213
l 1191 1206
l 1199 1214
l 1192 1207
l 1200 1215
l 1193 1208
l 1201 1216
l 1194 1209
l 1220 1221
l 1221 1222
l 1222 1223
l 1223 1224
l 1224 1225
l 1225 1226
l 1226 1227
l 1227 1228
l 1228 1229
l 1229 1230
l 1230 1231
l 1231 1232
l 1232 1233
l 1233 1234
l 1207 1222
l 1206 1221
l 1215 1230
l 1214 1229
l 1208 1223
l 1216 1231
l 1209 1224
l 1217 1232
l 1210 1225
l 1218 1233
l 1211 1226
l 1219 1234
l 1212 1227
l 1205 1220
l 1213 1228
l 1235 1236
l 1236 1237
l 1237 1238
l 1238 1239
l 1239 1240
l 1240 1241
l 1241 1242
l 1242 1243
l 1243 1244
l 1244 1245
l 1245 1246
l 1246 1247
l 1247 1248
l 1248 1249
l 1226 1241
l 1225 1240
l 1234 1249
l 1233 1248
l 1227 1242
l 1220 1235
l 1228 1243
l 1221 1236
l 1229 1244
l 1222 1237
l 1230 1245
l 1223 1238
l 1231 1246
l 1224 1239
l 1232 1247
l 1250 1251
l 1251 1252
l 1252 1253
l 1253 1254
l 1254 1255
l 1255 1256
l 1256 1257
l 1257 1258
l 1258 1259
l 1259 1260
l 1260 1261
l 1261 1262
l 1262 1263
l 1263 1264
l 1245 1260
l 1244 1259
l 1238 1253
l 1237 1252
l 1246 1261
l 1239 1254
l 1247 1262
l 1240 1255
l 1248 1263
l 1241 1256
l 1249 1264
l 1242 1257
l 1235 1250
l 1243 1258
l 1236 1251
l 1265 1266
l 1266 1267
l 1267 1268
l 1268 1269
l 1269 1270
l 1270 1271
l 1271 1272
l 1272 1273
l 1273 1274
l 1274 1275
l 1275 1276
l 1276 1277
l 1277 1278
l 1278 1279
l 1264 1279
l 1263 1278
l 1257 1272
l 1256 1271
l 1250 1265
l 1258 1273
l 1251 1266
l 1259 1274
l 1252 1267
l 1260 1275
l 1253 1268
l 1261 1276
l 1254 1269
l 1262 1277
l 1255 1270
l 1280 1281
l 1281 1282
l 1282 1283
l 1283 1284
l 1284 1285
l 1285 1286
l 1286 1287
l 1287 1288
l 1288 1289
l 1289 1290
l 1290 1291
l 1291 1292
l 1292 1293
l 1293 1294
l 1294 1295
l 1276 1291
l 1275 1290
l 1269 1284
l 1268 1283
l 1277 1292
l 1270 1285
l 1278 1293
l 1271 1286
l 1279 1294
l 1272 1287
l 1265 1280
l 1273 1288
l 1266 1281
l 1274 1289
l 1267 1282
l 1296 1297
l 1297 1298
l 1298 1299
l 1299 1300
l 1300 1301
l 1301 1302
l 1302 1303
l 1303 1304
l 1304 1305
l 1305 1306
l 1306 1307
l 1307 1308
l 1308 1309
l 1309 1310
l 1280 1296
l 1294 1310
l 1288 1304
l 1287 1303
l 1281 1297
l 1289 1305
l 1282 1298
l 1290 1306
l 1283 1299
l 1291 1307
l 1284 1300
l 1292 1308
l 1285 1301
l 1293 1309
l 1286 1302
l 1311 1312
l 1312 1313
l 1313 1314
l 1314 1315
l 1315 1316
l 1316 1317
l 1317 1318
l 1318 1319
l 1319 1320
l 1320 1321
l 1321 1322
l 1322 1323
l 1323 1324
l 1324 1325
l 1300 1315
l 1299 1314
l 1308 1323
l 1307 1322
l 1301 1316
l 1309 1324
l 1302 1317
l 1310 1325
l 1303 1318
l 1296 1311
l 1304 1319
l 1297 1312
l 1305 1320
l 1298 1313
l 1306 1321
l 1326 1327
l 1327 1328
l 1328 1329
l 1329 1330
l 1330 1331
l 1331 1332
l 1332 1333
l 1333 1334
l 1334 1335
l 1335 1336
l 1336 1337
l 1337 1338
l 1338 1339
l 1339 1340
l 1319 1334
l 1318 1333
l 1312 1327
l 1311 1326
l 1320 1335
l 1313 1328
l 1321 1336
l 1314 1329
l 1322 1337
l 1315 1330
l 1323 1338
l 1316 1331
l 1324 1339
l 1317 1332
l 1325 1340
l 1341 1342
l 1342 1343
l 1343 1344
l 1344 1345
l 1345 1346
l 1346 1347
l 1347 1348
l 1348 1349
l 1349 1350
l 1350 1351
l 1351 1352
l 1352 1353
l 1353 1354
l 1354 1355
l 1338 1353
l 1337 1352
l 1331 1346
l 1330 1345
l 1339 1354
l 1332 1347
l 1340 1355
l 1333 1348
l 1326 1341
l 1334 1349
l 1327 1342
l 1335 1350
l 1328 1343
l 1336 1351
l 1329 1344
l 1356 1357
l 1357 1358
l 1358 1359
l 1359 1360
l 1360 1361
l 1361 1362
l 1362 1363
l 1363 1364
l 1364 1365
l 1365 1366
l 1366 1367
l 1367 1368
l 1368 1369
l 1369 1370
l 1342 1357
l 1341 1356
l 1350 1365
l 1349 1364
l 1343 1358
l 1351 1366
l 1344 1359
l 1352 1367
l 1345 1360
l 1353 1368
l 1346 1361
l 1354 1369
l 1347 1362
l 1355 1370
l 1348 1363
l 1371 1372
l 1372 1373
l 1373 1374
l 1374 1375
l 1375 1376
l 1376 1377
l 1377 1378
l 1378 1379
l 1379 1380
l 1380 1381
l 1381 1382
l 1382 1383
l 1383 1384
l 1384 1385
l 1361 1376
l 1360 1375
l 1369 1384
l 1368 1383
l 1362 1377
l 1370 1385
l 1363 1378
l 1356 1371
l 1364 1379
l 1357 1372
l 1365 1380
l 1358 1373
l 1366 1381
l 1359 1374
l 1367 1382
l 1386 1387
l 1387 1388
l 1388 1389
l 1389 1390
l 1390 1391
l 1391 1392
l 1392 1393
l 1393 1394
l 1394 1395
l 1395 1396
l 1396 1397
l 1397 1398
l 1398 1399
l 1399 1400
l 1380 1395
l 1379 1394
l 1373 1388
l 1372 1387
l 1381 1396
l 1374 1389
l 1382 1397
l 1375 1390
l 1383 1398
l 1376 1391
l 1384 1399
l 1377 1392
l 1385 1400
l 1378 1393
l 1371 1386
l 1401 1402
l 1402 1403
l 1403 1404
l 1404 1405
l 1405 1406
l 1406 1407
l 1407 1408
l 1408 1409
l 1409 1410
l 1410 1411
l 1411 1412
l 1412 1413
l 1413 1414
l 1414 1415
l 1399 1414
l 1398 1413
l 1392 1407
l 1391 1406
l 1400 1415
l 1393 1408
l 1386 1401
l 1394 1409
l 1387 1402
l 1395 1410
l 1388 1403
l 1396 1411
l 1389 1404
l 1397 1412
l 1390 1405
l 1416 1417
l 1417 1418
l 1418 1419
l 1419 1420
l 1420 1421
l 1421 1422
l 1422 1423
l 1423 1424
l 1424 1425
l 1425 1426
l 1426 1427
l 1427 1428
l 1428 1429
l 1429 1430
l 1430 1431
l 1411 1427
l 1410 1426
l 1404 1420
l 1403 1419
l 1412 1428
l 1405 1421
l 1413 1429
l 1406 1422
l 1414 1430
l 1407 1423
l 1415 1431
l 1408 1424
l 1401 1417
l 1409 1425
l 1402 1418
l 1432 1433
l 1433 1434
l 1434 1435
l 1435 1436
l 1436 1437
l 1437 1438
l 1438 1439
l 1439 1440
l 1440 1441
l 1441 1442
l 1442 1443
l 1443 1444
l 1444 1445
l 1445 1446
l 1431 1446
l 1430 1445
l 1424 1439
l 1423 1438
l 1417 1432
l 1425 1440
l 1418 1433
l 1426 1441
l 1419 1434
l 1427 1442
l 1420 1435
l 1428 1443
l 1421 1436
l 1429 1444
l 1422 1437
l 965 1416
l 979 1295
l 980 1416
l 994 1295
l 995 1416
l 1009 1295
l 1010 1416
l 1024 1295
l 1025 1416
l 1039 1295
l 1040 1416
l 1054 1295
l 1055 1416
l 1069 1295
l 1070 1416
l 1084 1295
l 1085 1416
l 1099 1295
l 1100 1416
l 1114 1295
l 1115 1416
l 1129 1295
l 1130 1416
l 1144 1295
l 1145 1416
l 1159 1295
l 1160 1416
l 1174 1295
l 1175 1416
l 1189 1295
l 1190 1416
l 1204 1295
l 1205 1416
l 1219 1295
l 1220 1416
l 1234 1295
l 1235 1416
l 1249 1295
l 1250 1416
l 1264 1295
l 1265 1416
l 1279 1295
l 1280 1416
l 1296 1416
l 1295 1310
l 1311 1416
l 1295 1325
l 1326 1416
l 1295 1340
l 1341 1416
l 1295 1355
l 1356 1416
l 1295 1370
l 1371 1416
l 1295 1385
l 1386 1416
l 1295 1400
l 1401 1416
l 1295 1415
l 1295 1431
l 1416 1432
l 1295 1446
l 968 1435
l 967 1434
l 976 1443
l 975 1442
l 969 1436
l 977 1444
l 970 1437
l 978 1445
l 971 1438
l 979 1446
l 972 1439
l 965 1432
l 973 1440
l 966 1433
l 974 1441
o Sphere.001
v 0.149025 0.004904 0.000000
v 0.148087 0.004619 0.000000
v 0.147222 0.004157 0.000000
v 0.146464 0.003536 0.000000
v 0.145843 0.002778 0.000000
v 0.145381 0.001913 0.000000
v 0.145096 0.000975 0.000000
v 0.145000 0.000000 0.000000
v 0.145096 -0.000975 0.000000
v 0.145381 -0.001913 0.000000
v 0.145843 -0.002778 0.000000
v 0.146464 -0.003536 0.000000
v 0.147222 -0.004157 0.000000
v 0.148087 -0.004619 0.000000
v 0.149025 -0.004904 0.000000
v 0.149043 0.004904 -0.000190
v 0.148123 0.004619 -0.000373
v 0.147276 0.004157 -0.000542
v 0.146532 0.003536 -0.000690
v 0.145923 0.002778 -0.000811
v 0.145469 0.001913 -0.000901
v 0.145190 0.000975 -0.000957
v 0.145096 0.000000 -0.000975
v 0.145190 -0.000975 -0.000957
v 0.145469 -0.001913 -0.000901
v 0.145923 -0.002778 -0.000811
v 0.146532 -0.003536 -0.000690
v 0.147276 -0.004157 -0.000542
v 0.148123 -0.004619 -0.000373
v 0.149043 -0.004904 -0.000190
v 0.149099 0.004904 -0.000373
v 0.148232 0.004619 -0.000732
v 0.147434 0.004157 -0.001063
v 0.146734 0.003536 -0.001353
v 0.146159 0.002778 -0.001591
v 0.145732 0.001913 -0.001768
v 0.145469 0.000975 -0.001877
v 0.145381 0.000000 -0.001913
v 0.145469 -0.000975 -0.001877
v 0.145732 -0.001913 -0.001768
v 0.146159 -0.002778 -0.001591
v 0.146734 -0.003536 -0.001353
v 0.147434 -0.004157 -0.001063
v 0.148232 -0.004619 -0.000732
v 0.149099 -0.004904 -0.000373
v 0.149189 0.004904 -0.000542
v 0.148409 0.004619 -0.001063
v 0.147690 0.004157 -0.001543
v 0.147060 0.003536 -0.001964
v 0.146543 0.002778 -0.002310
v 0.146159 0.001913 -0.002566
v 0.145923 0.000975 -0.002724
v 0.145843 0.000000 -0.002778
v 0.145923 -0.000975 -0.002724
v 0.146159 -0.001913 -0.002566
v 0.146543 -0.002778 -0.002310
v 0.147060 -0.003536 -0.001964
v 0.147690 -0.004157 -0.001543
v 0.148409 -0.004619 -0.001063
v 0.149189 -0.004904 -0.000542
v 0.149310 0.004904 -0.000690
v 0.148647 0.004619 -0.001353
v 0.148036 0.004157 -0.001964
v 0.147500 0.003536 -0.002500
v 0.147060 0.002778 -0.002940
v 0.146734 0.001913 -0.003266
v 0.146532 0.000975 -0.003468
v 0.146464 0.000000 -0.003536
v 0.146532 -0.000975 -0.003468
v 0.146734 -0.001913 -0.003266
v 0.147060 -0.002778 -0.002940
v 0.147500 -0.003536 -0.002500
v 0.148036 -0.004157 -0.001964
v 0.148647 -0.004619 -0.001353
v 0.149310 -0.004904 -0.000690
v 0.149458 0.004904 -0.000811
v 0.148937 0.004619 -0.001591
v 0.148457 0.004157 -0.002310
v 0.148036 0.003536 -0.002940
v 0.147690 0.002778 -0.003457
v 0.147434 0.001913 -0.003841
v 0.147276 0.000975 -0.004077
v 0.147222 0.000000 -0.004157
v 0.147276 -0.000975 -0.004077
v 0.147434 -0.001913 -0.003841
v 0.147690 -0.002778 -0.003457
v 0.148036 -0.003536 -0.002940
v 0.148457 -0.004157 -0.002310
v 0.148937 -0.004619 -0.001591
v 0.149458 -0.004904 -0.000811
v 0.149627 0.004904 -0.000901
v 0.149268 0.004619 -0.001768
v 0.148937 0.004157 -0.002566
v 0.148647 0.003536 -0.003266
v 0.148409 0.002778 -0.003841
v 0.148232 0.001913 -0.004268
v 0.148123 0.000975 -0.004531
v 0.148087 0.000000 -0.004619
v 0.148123 -0.000975 -0.004531
v 0.148232 -0.001913 -0.004268
v 0.148409 -0.002778 -0.003841
v 0.148647 -0.003536 -0.003266
v 0.148937 -0.004157 -0.002566
v 0.149268 -0.004619 -0.001768
v 0.149627 -0.004904 -0.000901
v 0.149810 0.004904 -0.000957
v 0.149627 0.004619 -0.001877
v 0.149458 0.004157 -0.002724
v 0.149310 0.003536 -0.003468
v 0.149189 0.002778 -0.004077
v 0.149099 0.001913 -0.004531
v 0.149043 0.000975 -0.004810
v 0.149025 0.000000 -0.004904
v 0.149043 -0.000975 -0.004810
v 0.149099 -0.001913 -0.004531
v 0.149189 -0.002778 -0.004077
v 0.149310 -0.003536 -0.003468
v 0.149458 -0.004157 -0.002724
v 0.149627 -0.004619 -0.001877
v 0.149810 -0.004904 -0.000957
v 0.150000 0.004904 -0.000975
v 0.150000 0.004619 -0.001913
v 0.150000 0.004157 -0.002778
v 0.150000 0.003536 -0.003536
v 0.150000 0.002778 -0.004157
v 0.150000 0.001913 -0.004619
v 0.150000 0.000975 -0.004904
v 0.150000 0.000000 -0.005000
v 0.150000 -0.000975 -0.004904
v 0.150000 -0.001913 -0.004619
v 0.150000 -0.002778 -0.004157
v 0.150000 -0.003536 -0.003536
v 0.150000 -0.004157 -0.002778
v 0.150000 -0.004619 -0.001913
v 0.150000 -0.004904 -0.000975
v 0.150190 0.004904 -0.000957
v 0.150373 0.004619 -0.001877
v 0.150542 0.004157 -0.002724
v 0.150690 0.003536 -0.003468
v 0.150811 0.002778 -0.004077
v 0.150901 0.001913 -0.004531
v 0.150957 0.000975 -0.004810
v 0.150975 0.000000 -0.004904
v 0.150957 -0.000975 -0.004810
v 0.150901 -0.001913 -0.004531
v 0.150811 -0.002778 -0.004077
v 0.150690 -0.003536 -0.003468
v 0.150542 -0.004157 -0.002724
v 0.150373 -0.004619 -0.001877
v 0.150190 -0.004904 -0.000957
v 0.150373 0.004904 -0.000901
v 0.150732 0.004619 -0.001768
v 0.151063 0.004157 -0.002566
v 0.151353 0.003536 -0.003266
v 0.151591 0.002778 -0.003841
v 0.151768 0.001913 -0.004268
v 0.151877 0.000975 -0.004531
v 0.151913 0.000000 -0.004619
v 0.151877 -0.000975 -0.004531
v 0.151768 -0.001913 -0.004268
v 0.151591 -0.002778 -0.003841
v 0.151353 -0.003536 -0.003266
v 0.151063 -0.004157 -0.002566
v 0.150732 -0.004619 -0.001768
v 0.150373 -0.004904 -0.000901
v 0.150542 0.004904 -0.000811
v 0.151063 0.004619 -0.001591
v 0.151543 0.004157 -0.002310
v 0.151964 0.003536 -0.002940
v 0.152310 0.002778 -0.003457
v 0.152566 0.001913 -0.003841
v 0.152724 0.000975 -0.004077
v 0.152778 0.000000 -0.004157
v 0.152724 -0.000975 -0.004077
v 0.152566 -0.001913 -0.003841
v 0.152310 -0.002778 -0.003457
v 0.151964 -0.003536 -0.002940
v 0.151543 -0.004157 -0.002310
v 0.151063 -0.004619 -0.001591
v 0.150542 -0.004904 -0.000811
v 0.150690 0.004904 -0.000690
v 0.151353 0.004619 -0.001353
v 0.151964 0.004157 -0.001964
v 0.152500 0.003536 -0.002500
v 0.152940 0.002778 -0.002940
v 0.153266 0.001913 -0.003266
v 0.153468 0.000975 -0.003468
v 0.153536 0.000000 -0.003536
v 0.153468 -0.000975 -0.003468
v 0.153266 -0.001913 -0.003266
v 0.152940 -0.002778 -0.002940
v 0.152500 -0.003536 -0.002500
v 0.151964 -0.004157 -0.001964
v 0.151353 -0.004619 -0.001353
v 0.150690 -0.004904 -0.000690
v 0.150811 0.004904 -0.000542
v 0.151591 0.004619 -0.001063
v 0.152310 0.004157 -0.001543
v 0.152940 0.003536 -0.001964
v 0.153457 0.002778 -0.002310
v 0.153841 0.001913 -0.002566
v 0.154077 0.000975 -0.002724
v 0.154157 0.000000 -0.002778
v 0.154077 -0.000975 -0.002724
v 0.153841 -0.001913 -0.002566
v 0.153457 -0.002778 -0.002310
v 0.152940 -0.003536 -0.001964
v 0.152310 -0.004157 -0.001543
v 0.151591 -0.004619 -0.001063
v 0.150811 -0.004904 -0.000542
v 0.150901 0.004904 -0.000373
v 0.151768 0.004619 -0.000732
v 0.152566 0.004157 -0.001063
v 0.153266 0.003536 -0.001353
v 0.153841 0.002778 -0.001591
v 0.154268 0.001913 -0.001768
v 0.154531 0.000975 -0.001877
v 0.154619 0.000000 -0.001913
v 0.154531 -0.000975 -0.001877
v 0.154268 -0.001913 -0.001768
v 0.153841 -0.002778 -0.001591
v 0.153266 -0.003536 -0.001353
v 0.152566 -0.004157 -0.001063
v 0.151768 -0.004619 -0.000732
v 0.150901 -0.004904 -0.000373
v 0.150957 0.004904 -0.000190
v 0.151877 0.004619 -0.000373
v 0.152724 0.004157 -0.000542
v 0.153468 0.003536 -0.000690
v 0.154077 0.002778 -0.000811
v 0.154531 0.001913 -0.000901
v 0.154810 0.000975 -0.000957
v 0.154904 0.000000 -0.000975
v 0.154810 -0.000975 -0.000957
v 0.154531 -0.001913 -0.000901
v 0.154077 -0.002778 -0.000811
v 0.153468 -0.003536 -0.000690
v 0.152724 -0.004157 -0.000542
v 0.151877 -0.004619 -0.000373
v 0.150957 -0.004904 -0.000190
v 0.150975 0.004904 0.000000
v 0.151913 0.004619 -0.000000
v 0.152778 0.004157 -0.000000
v 0.153536 0.003536 0.000000
v 0.154157 0.002778 0.000000
v 0.154619 0.001913 -0.000000
v 0.154904 0.000975 0.000000
v 0.155000 0.000000 0.000000
v 0.154904 -0.000975 0.000000
v 0.154619 -0.001913 -0.000000
v 0.154157 -0.002778 0.000000
v 0.153536 -0.003536 0.000000
v 0.152778 -0.004157 0.000000
v 0.151913 -0.004619 -0.000000
v 0.150975 -0.004904 -0.000000
v 0.150957 0.004904 0.000190
v 0.151877 0.004619 0.000373
v 0.152724 0.004157 0.000542
v 0.153468 0.003536 0.000690
v 0.154077 0.002778 0.000811
v 0.154531 0.001913 0.000901
v 0.154810 0.000975 0.000957
v 0.154904 0.000000 0.000975
v 0.154810 -0.000975 0.000957
v 0.154531 -0.001913 0.000901
v 0.154077 -0.002778 0.000811
v 0.153468 -0.003536 0.000690
v 0.152724 -0.004157 0.000542
v 0.151877 -0.004619 0.000373
v 0.150957 -0.004904 0.000190
v 0.150901 0.004904 0.000373
v 0.151768 0.004619 0.000732
v 0.152566 0.004157 0.001063
v 0.153266 0.003536 0.001353
v 0.153841 0.002778 0.001591
v 0.154268 0.001913 0.001768
v 0.154531 0.000975 0.001877
v 0.154619 0.000000 0.001913
v 0.154531 -0.000975 0.001877
v 0.154268 -0.001913 0.001768
v 0.153841 -0.002778 0.001591
v 0.153266 -0.003536 0.001353
v 0.152566 -0.004157 0.001063
v 0.151768 -0.004619 0.000732
v 0.150901 -0.004904 0.000373
v 0.150811 0.004904 0.000542
v 0.151591 0.004619 0.001063
v 0.152310 0.004157 0.001543
v 0.152940 0.003536 0.001964
v 0.153457 0.002778 0.002310
v 0.153841 0.001913 0.002566
v 0.154077 0.000975 0.002724
v 0.154157 0.000000 0.002778
v 0.154077 -0.000975 0.002724
v 0.153841 -0.001913 0.002566
v 0.153457 -0.002778 0.002310
v 0.152940 -0.003536 0.001964
v 0.152310 -0.004157 0.001543
v 0.151591 -0.004619 0.001063
v 0.150811 -0.004904 0.000542
v 0.150690 0.004904 0.000690
v 0.151353 0.004619 0.001353
v 0.151964 0.004157 0.001964
v 0.152500 0.003536 0.002500
v 0.152940 0.002778 0.002940
v 0.153266 0.001913 0.003266
v 0.153468 0.000975 0.003468
v 0.153536 0.000000 0.003536
v 0.153468 -0.000975 0.003468
v 0.153266 -0.001913 0.003266
v 0.152940 -0.002778 0.002940
v 0.152500 -0.003536 0.002500
v 0.151964 -0.004157 0.001964
v 0.151353 -0.004619 0.001353
v 0.150690 -0.004904 0.000690
v 0.150542 0.004904 0.000811
v 0.151063 0.004619 0.001591
v 0.151543 0.004157 0.002310
v 0.151964 0.003536 0.002940
v 0.152310 0.002778 0.003457
v 0.152566 0.001913 0.003841
v 0.152724 0.000975 0.004077
v 0.152778 0.000000 0.004157
v 0.152724 -0.000975 0.004077
v 0.152566 -0.001913 0.003841
v 0.152310 -0.002778 0.003457
v 0.151964 -0.003536 0.002940
v 0.151543 -0.004157 0.002310
v 0.151063 -0.004619 0.001591
v 0.150542 -0.004904 0.000811
v 0.150000 -0.005000 0.000000
v 0.150373 0.004904 0.000901
v 0.150732 0.004619 0.001768
v 0.151063 0.004157 0.002566
v 0.151353 0.003536 0.003266
v 0.151591 0.002778 0.003841
v 0.151768 0.001913 0.004268
v 0.151877 0.000975 0.004531
v 0.151913 0.000000 0.004619
v 0.151877 -0.000975 0.004531
v 0.151768 -0.001913 0.004268
v 0.151591 -0.002778 0.003841
v 0.151353 -0.003536 0.003266
v 0.151063 -0.004157 0.002566
v 0.150732 -0.004619 0.001768
v 0.150373 -0.004904 0.000901
v 0.150190 0.004904 0.000957
v 0.150373 0.004619 0.001877
v 0.150542 0.004157 0.002724
v 0.150690 0.003536 0.003468
v 0.150811 0.002778 0.004077
v 0.150901 0.001913 0.004531
v 0.150957 0.000975 0.004810
v 0.150975 0.000000 0.004904
v 0.150957 -0.000975 0.004810
v 0.150901 -0.001913 0.004531
v 0.150811 -0.002778 0.004077
v 0.150690 -0.003536 0.003468
v 0.150542 -0.004157 0.002724
v 0.150373 -0.004619 0.001877
v 0.150190 -0.004904 0.000957
v 0.150000 0.004904 0.000975
v 0.150000 0.004619 0.001913
v 0.150000 0.004157 0.002778
v 0.150000 0.003536 0.003536
v 0.150000 0.002778 0.004157
v 0.150000 0.001913 0.004619
v 0.150000 0.000975 0.004904
v 0.150000 0.000000 0.005000
v 0.150000 -0.000975 0.004904
v 0.150000 -0.001913 0.004619
v 0.150000 -0.002778 0.004157
v 0.150000 -0.003536 0.003536
v 0.150000 -0.004157 0.002778
v 0.150000 -0.004619 0.001913
v 0.150000 -0.004904 0.000975
v 0.149810 0.004904 0.000957
v 0.149627 0.004619 0.001877
v 0.149458 0.004157 0.002724
v 0.149310 0.003536 0.003468
v 0.149189 0.002778 0.004077
v 0.149099 0.001913 0.004531
v 0.149043 0.000975 0.004810
v 0.149025 0.000000 0.004904
v 0.149043 -0.000975 0.004810
v 0.149099 -0.001913 0.004531
v 0.149189 -0.002778 0.004077
v 0.149310 -0.003536 0.003468
v 0.149458 -0.004157 0.002724
v 0.149627 -0.004619 0.001877
v 0.149810 -0.004904 0.000957
v 0.149627 0.004904 0.000901
v 0.149268 0.004619 0.001768
v 0.148937 0.004157 0.002566
v 0.148647 0.003536 0.003266
v 0.148409 0.002778 0.003841
v 0.148232 0.001913 0.004268
v 0.148123 0.000975 0.004531
v 0.148087 0.000000 0.004619
v 0.148123 -0.000975 0.004531
v 0.148232 -0.001913 0.004268
v 0.148409 -0.002778 0.003841
v 0.148647 -0.003536 0.003266
v 0.148937 -0.004157 0.002566
v 0.149268 -0.004619 0.001768
v 0.149627 -0.004904 0.000901
v 0.149458 0.004904 0.000811
v 0.148937 0.004619 0.001591
v 0.148457 0.004157 0.002310
v 0.148036 0.003536 0.002940
v 0.147690 0.002778 0.003457
v 0.147434 0.001913 0.003841
v 0.147276 0.000975 0.004077
v 0.147222 0.000000 0.004157
v 0.147276 -0.000975 0.004077
v 0.147434 -0.001913 0.003841
v 0.147690 -0.002778 0.003457
v 0.148036 -0.003536 0.002940
v 0.148457 -0.004157 0.002310
v 0.148937 -0.004619 0.001591
v 0.149458 -0.004904 0.000811
v 0.149310 0.004904 0.000690
v 0.148647 0.004619 0.001353
v 0.148036 0.004157 0.001964
v 0.147500 0.003536 0.002500
v 0.147060 0.002778 0.002940
v 0.146734 0.001913 0.003266
v 0.146532 0.000975 0.003468
v 0.146464 0.000000 0.003536
v 0.146532 -0.000975 0.003468
v 0.146734 -0.001913 0.003266
v 0.147060 -0.002778 0.002940
v 0.147500 -0.003536 0.002500
v 0.148036 -0.004157 0.001964
v 0.148647 -0.004619 0.001353
v 0.149310 -0.004904 0.000690
v 0.149189 0.004904 0.000542
v 0.148409 0.004619 0.001063
v 0.147690 0.004157 0.001543
v 0.147060 0.003536 0.001964
v 0.146543 0.002778 0.002310
v 0.146159 0.001913 0.002566
v 0.145923 0.000975 0.002724
v 0.145843 0.000000 0.002778
v 0.145923 -0.000975 0.002724
v 0.146159 -0.001913 0.002566
v 0.146543 -0.002778 0.002310
v 0.147060 -0.003536 0.001964
v 0.147690 -0.004157 0.001543
v 0.148409 -0.004619 0.001063
v 0.149189 -0.004904 0.000542
v 0.150000 0.005000 0.000000
v 0.149099 0.004904 0.000373
v 0.148232 0.004619 0.000732
v 0.147434 0.004157 0.001063
v 0.146734 0.003536 0.001353
v 0.146159 0.002778 0.001591
v 0.145732 0.001913 0.001768
v 0.145469 0.000975 0.001877
v 0.145381 0.000000 0.001913
v 0.145469 -0.000975 0.001877
v 0.145732 -0.001913 0.001768
v 0.146159 -0.002778 0.001591
v 0.146734 -0.003536 0.001353
v 0.147434 -0.004157 0.001063
v 0.148232 -0.004619 0.000732
v 0.149099 -0.004904 0.000373
v 0.149043 0.004904 0.000190
v 0.148123 0.004619 0.000373
v 0.147276 0.004157 0.000542
v 0.146532 0.003536 0.000690
v 0.145923 0.002778 0.000811
v 0.145469 0.001913 0.000901
v 0.145190 0.000975 0.000957
v 0.145096 0.000000 0.000975
v 0.145190 -0.000975 0.000957
v 0.145469 -0.001913 0.000901
v 0.145923 -0.002778 0.000811
v 0.146532 -0.003536 0.000690
v 0.147276 -0.004157 0.000542
v 0.148123 -0.004619 0.000373
v 0.149043 -0.004904 0.000190
vn -0.8333 -0.5528 0.0000
vn -0.9247 -0.3805 0.0000
vn -0.9070 -0.3805 -0.1804
vn -0.8173 -0.5528 -0.1626
vn -0.7101 0.7040 0.0000
vn -0.5598 0.8286 0.0000
vn -0.5490 0.8286 -0.1092
vn -0.6965 0.7040 -0.1385
vn -0.7101 -0.7040 0.0000
vn -0.6965 -0.7040 -0.1385
vn -0.8333 0.5528 0.0000
vn -0.8173 0.5528 -0.1626
vn -0.5598 -0.8286 0.0000
vn -0.5490 -0.8286 -0.1092
vn -0.9247 0.3805 0.0000
vn -0.9070 0.3805 -0.1804
vn -0.3879 -0.9217 0.0000
vn -0.3804 -0.9217 -0.0757
vn -0.9810 0.1939 0.0000
vn -0.9622 0.1939 -0.1914
vn -0.2010 -0.9796 0.0000
vn -0.1971 -0.9796 -0.0392
vn -1.0000 0.0000 0.0000
vn -0.9808 0.0000 -0.1951
vn -0.9810 -0.1939 0.0000
vn -0.9622 -0.1939 -0.1914
vn -0.3879 0.9217 0.0000
vn -0.2010 0.9796 0.0000
vn -0.1971 0.9796 -0.0392
vn -0.3804 0.9217 -0.0757
vn -0.9063 -0.1939 -0.3754
vn -0.8544 -0.3805 -0.3539
vn -0.3583 0.9217 -0.1484
vn -0.5171 0.8286 -0.2142
vn -0.7699 -0.5528 -0.3189
vn -0.6561 0.7040 -0.2717
vn -0.6561 -0.7040 -0.2717
vn -0.7699 0.5528 -0.3189
vn -0.5171 -0.8286 -0.2142
vn -0.8544 0.3805 -0.3539
vn -0.3583 -0.9217 -0.1484
vn -0.9063 0.1939 -0.3754
vn -0.1856 -0.9796 -0.0769
vn -0.9239 0.0000 -0.3827
vn -0.1856 0.9796 -0.0769
vn -0.4654 -0.8286 -0.3110
vn -0.3225 -0.9217 -0.2155
vn -0.7689 0.3805 -0.5137
vn -0.8157 0.1939 -0.5450
vn -0.1671 -0.9796 -0.1116
vn -0.8314 0.0000 -0.5556
vn -0.8157 -0.1939 -0.5450
vn -0.1671 0.9796 -0.1116
vn -0.3225 0.9217 -0.2155
vn -0.7689 -0.3805 -0.5137
vn -0.4654 0.8286 -0.3110
vn -0.6929 -0.5528 -0.4630
vn -0.5904 0.7040 -0.3945
vn -0.5904 -0.7040 -0.3945
vn -0.6929 0.5528 -0.4630
vn -0.2743 0.9217 -0.2743
vn -0.3958 0.8286 -0.3958
vn -0.6539 -0.3805 -0.6539
vn -0.5893 -0.5528 -0.5893
vn -0.5021 0.7040 -0.5021
vn -0.5021 -0.7040 -0.5021
vn -0.5893 0.5528 -0.5893
vn -0.3958 -0.8286 -0.3958
vn -0.6539 0.3805 -0.6539
vn -0.2743 -0.9217 -0.2743
vn -0.6937 0.1939 -0.6937
vn -0.1421 -0.9796 -0.1421
vn -0.7071 0.0000 -0.7071
vn -0.6937 -0.1939 -0.6937
vn -0.1421 0.9796 -0.1421
vn -0.5137 0.3805 -0.7689
vn -0.5450 0.1939 -0.8157
vn -0.2155 -0.9217 -0.3225
vn -0.1116 -0.9796 -0.1671
vn -0.5556 0.0000 -0.8314
vn -0.5450 -0.1939 -0.8157
vn -0.1116 0.9796 -0.1671
vn -0.2155 0.9217 -0.3225
vn -0.5137 -0.3805 -0.7689
vn -0.3110 0.8286 -0.4654
vn -0.4630 -0.5528 -0.6929
vn -0.3945 0.7040 -0.5904
vn -0.3945 -0.7040 -0.5904
vn -0.4630 0.5528 -0.6929
vn -0.3110 -0.8286 -0.4654
vn -0.3539 -0.3805 -0.8544
vn -0.3189 -0.5528 -0.7699
vn -0.2142 0.8286 -0.5172
vn -0.2717 0.7040 -0.6561
vn -0.2717 -0.7040 -0.6561
vn -0.3189 0.5528 -0.7699
vn -0.2142 -0.8286 -0.5171
vn -0.3539 0.3805 -0.8544
vn -0.1484 -0.9217 -0.3583
vn -0.3754 0.1939 -0.9063
vn -0.0769 -0.9796 -0.1856
vn -0.3827 0.0000 -0.9239
vn -0.3754 -0.1939 -0.9063
vn -0.0769 0.9796 -0.1856
vn -0.1484 0.9217 -0.3583
vn -0.0757 -0.9217 -0.3804
vn -0.0392 -0.9796 -0.1971
vn -0.1914 0.1939 -0.9622
vn -0.1951 0.0000 -0.9808
vn -0.1914 -0.1939 -0.9622
vn -0.0392 0.9796 -0.1971
vn -0.0757 0.9217 -0.3804
vn -0.1804 -0.3805 -0.9070
vn -0.1092 0.8286 -0.5490
vn -0.1626 -0.5528 -0.8173
vn -0.1385 0.7040 -0.6965
vn -0.1385 -0.7040 -0.6965
vn -0.1626 0.5528 -0.8173
vn -0.1092 -0.8286 -0.5490
vn -0.1804 0.3805 -0.9070
vn 0.0000 0.8286 -0.5598
vn 0.0000 0.7040 -0.7101
vn 0.0000 -0.5528 -0.8333
vn 0.0000 -0.7040 -0.7101
vn 0.0000 0.5528 -0.8333
vn 0.0000 -0.8286 -0.5598
vn 0.0000 0.3805 -0.9247
vn 0.0000 -0.9217 -0.3879
vn 0.0000 0.1939 -0.9810
vn 0.0000 -0.9796 -0.2009
vn 0.0000 0.0000 -1.0000
vn 0.0000 -0.1939 -0.9810
vn 0.0000 0.9796 -0.2010
vn 0.0000 0.9217 -0.3879
vn 0.0000 -0.3805 -0.9247
vn 0.1914 0.1939 -0.9622
vn 0.1951 0.0000 -0.9808
vn 0.1914 -0.1939 -0.9622
vn 0.0392 0.9796 -0.1971
vn 0.0757 0.9217 -0.3804
vn 0.1804 -0.3805 -0.9070
vn 0.1092 0.8286 -0.5490
vn 0.1626 -0.5528 -0.8173
vn 0.1385 0.7040 -0.6965
vn 0.1385 -0.7040 -0.6965
vn 0.1626 0.5528 -0.8173
vn 0.1092 -0.8286 -0.5490
vn 0.1804 0.3805 -0.9070
vn 0.0757 -0.9217 -0.3804
vn 0.0392 -0.9796 -0.1971
vn 0.3189 -0.5528 -0.7699
vn 0.2717 -0.7040 -0.6561
vn 0.2717 0.7040 -0.6561
vn 0.3189 0.5528 -0.7699
vn 0.2142 -0.8286 -0.5171
vn 0.3539 0.3805 -0.8544
vn 0.1484 -0.9217 -0.3583
vn 0.3754 0.1939 -0.9063
vn 0.0769 -0.9796 -0.1857
vn 0.3827 0.0000 -0.9239
vn 0.3754 -0.1939 -0.9063
vn 0.0769 0.9796 -0.1856
vn 0.1484 0.9217 -0.3583
vn 0.3539 -0.3805 -0.8544
vn 0.2142 0.8286 -0.5171
vn 0.5556 0.0000 -0.8314
vn 0.5450 -0.1939 -0.8157
vn 0.1116 0.9796 -0.1671
vn 0.2155 0.9217 -0.3225
vn 0.5137 -0.3805 -0.7689
vn 0.3110 0.8286 -0.4654
vn 0.4630 -0.5528 -0.6929
vn 0.3945 0.7040 -0.5904
vn 0.3945 -0.7041 -0.5904
vn 0.4630 0.5528 -0.6929
vn 0.3110 -0.8286 -0.4654
vn 0.5137 0.3805 -0.7689
vn 0.2155 -0.9217 -0.3225
vn 0.5450 0.1939 -0.8157
vn 0.1116 -0.9796 -0.1671
vn 0.5021 -0.7040 -0.5021
vn 0.3958 -0.8286 -0.3958
vn 0.5893 0.5528 -0.5893
vn 0.6539 0.3805 -0.6539
vn 0.2743 -0.9217 -0.2743
vn 0.6937 0.1939 -0.6937
vn 0.1421 -0.9796 -0.1421
vn 0.7071 0.0000 -0.7071
vn 0.6937 -0.1939 -0.6937
vn 0.1421 0.9796 -0.1421
vn 0.2743 0.9217 -0.2743
vn 0.6539 -0.3805 -0.6539
vn 0.3958 0.8286 -0.3958
vn 0.5893 -0.5528 -0.5893
vn 0.5021 0.7040 -0.5021
vn 0.1671 0.9796 -0.1116
vn 0.3225 0.9217 -0.2155
vn 0.8157 -0.1939 -0.5450
vn 0.7689 -0.3805 -0.5137
vn 0.4654 0.8286 -0.3110
vn 0.6929 -0.5528 -0.4630
vn 0.5904 0.7040 -0.3945
vn 0.5904 -0.7040 -0.3945
vn 0.6929 0.5528 -0.4630
vn 0.4654 -0.8286 -0.3110
vn 0.7689 0.3805 -0.5137
vn 0.3225 -0.9217 -0.2155
vn 0.8157 0.1939 -0.5450
vn 0.1671 -0.9796 -0.1116
vn 0.8314 0.0000 -0.5556
vn 0.7699 0.5528 -0.3189
vn 0.8544 0.3805 -0.3539
vn 0.5171 -0.8286 -0.2142
vn 0.3583 -0.9217 -0.1484
vn 0.9063 0.1939 -0.3754
vn 0.1856 -0.9796 -0.0769
vn 0.9239 0.0000 -0.3827
vn 0.9063 -0.1939 -0.3754
vn 0.1856 0.9796 -0.0769
vn 0.3583 0.9217 -0.1484
vn 0.8544 -0.3805 -0.3539
vn 0.5171 0.8286 -0.2142
vn 0.7699 -0.5528 -0.3189
vn 0.6561 0.7040 -0.2717
vn 0.6561 -0.7041 -0.2717
vn 0.9622 -0.1939 -0.1914
vn 0.9070 -0.3805 -0.1804
vn 0.3804 0.9217 -0.0757
vn 0.5490 0.8286 -0.1092
vn 0.8173 -0.5528 -0.1626
vn 0.6965 0.7040 -0.1385
vn 0.6965 -0.7040 -0.1385
vn 0.8173 0.5528 -0.1626
vn 0.5490 -0.8286 -0.1092
vn 0.9070 0.3805 -0.1804
vn 0.3804 -0.9217 -0.0757
vn 0.9622 0.1939 -0.1914
vn 0.1971 -0.9796 -0.0392
vn 0.9808 0.0000 -0.1951
vn 0.1971 0.9796 -0.0392
vn 0.5598 -0.8286 0.0000
vn 0.3879 -0.9217 0.0000
vn 0.9247 0.3805 0.0000
vn 0.9810 0.1939 0.0000
vn 0.2010 -0.9796 0.0000
vn 1.0000 0.0000 0.0000
vn 0.9810 -0.1939 0.0000
vn 0.2010 0.9796 0.0000
vn 0.3879 0.9217 0.0000
vn 0.9247 -0.3805 0.0000
vn 0.5598 0.8286 0.0000
vn 0.8333 -0.5528 0.0000
vn 0.7101 0.7040 0.0000
vn 0.7101 -0.7040 0.0000
vn 0.8333 0.5528 0.0000
vn 0.3804 0.9217 0.0757
vn 0.5490 0.8286 0.1092
vn 0.9070 -0.3805 0.1804
vn 0.8173 -0.5528 0.1626
vn 0.6965 0.7040 0.1385
vn 0.6965 -0.7040 0.1385
vn 0.8173 0.5528 0.1626
vn 0.5490 -0.8286 0.1092
vn 0.9070 0.3805 0.1804
vn 0.3804 -0.9217 0.0757
vn 0.9622 0.1939 0.1914
vn 0.1971 -0.9796 0.0392
vn 0.9808 0.0000 0.1951
vn 0.9622 -0.1939 0.1914
vn 0.1971 0.9796 0.0392
vn 0.8544 0.3805 0.3539
vn 0.9063 0.1939 0.3754
vn 0.3583 -0.9217 0.1484
vn 0.1856 -0.9796 0.0769
vn 0.9239 0.0000 0.3827
vn 0.9063 -0.1939 0.3754
vn 0.1856 0.9796 0.0769
vn 0.3583 0.9217 0.1484
vn 0.8544 -0.3805 0.3539
vn 0.5171 0.8286 0.2142
vn 0.7699 -0.5528 0.3189
vn 0.6561 0.7040 0.2717
vn 0.6561 -0.7040 0.2717
vn 0.7699 0.5528 0.3189
vn 0.5171 -0.8286 0.2142
vn 0.7689 -0.3805 0.5137
vn 0.6929 -0.5528 0.4630
vn 0.4654 0.8286 0.3110
vn 0.5904 0.7040 0.3945
vn 0.5904 -0.7040 0.3945
vn 0.6929 0.5528 0.4630
vn 0.4654 -0.8286 0.3110
vn 0.7689 0.3805 0.5137
vn 0.3225 -0.9217 0.2155
vn 0.8157 0.1939 0.5450
vn 0.1671 -0.9796 0.1116
vn 0.8314 0.0000 0.5556
vn 0.8157 -0.1939 0.5450
vn 0.1671 0.9796 0.1116
vn 0.3225 0.9217 0.2155
vn 0.2743 -0.9217 0.2743
vn 0.1421 -0.9796 0.1421
vn 0.6937 0.1939 0.6937
vn 0.7071 0.0000 0.7071
vn 0.6937 -0.1939 0.6937
vn 0.1421 0.9796 0.1421
vn 0.2743 0.9217 0.2743
vn 0.6539 -0.3805 0.6539
vn 0.3958 0.8286 0.3958
vn 0.5893 -0.5528 0.5893
vn 0.5021 0.7040 0.5021
vn 0.5021 -0.7040 0.5021
vn 0.5893 0.5528 0.5893
vn 0.3958 -0.8286 0.3958
vn 0.6539 0.3805 0.6539
vn 0.4630 -0.5528 0.6929
vn 0.3945 -0.7040 0.5904
vn 0.3945 0.7040 0.5904
vn 0.4630 0.5528 0.6929
vn 0.3110 -0.8286 0.4654
vn 0.5137 0.3805 0.7689
vn 0.2155 -0.9217 0.3225
vn 0.5450 0.1939 0.8157
vn 0.1116 -0.9796 0.1671
vn 0.5556 0.0000 0.8314
vn 0.5450 -0.1939 0.8157
vn 0.1116 0.9796 0.1671
vn 0.2155 0.9217 0.3225
vn 0.5137 -0.3805 0.7689
vn 0.3110 0.8286 0.4654
vn 0.3827 0.0000 0.9239
vn 0.3754 -0.1939 0.9063
vn 0.0769 0.9796 0.1857
vn 0.1484 0.9217 0.3583
vn 0.3539 -0.3805 0.8544
vn 0.2142 0.8286 0.5171
vn 0.3189 -0.5528 0.7699
vn 0.2717 0.7040 0.6561
vn 0.2717 -0.7040 0.6561
vn 0.3189 0.5528 0.7699
vn 0.2142 -0.8286 0.5171
vn 0.3539 0.3805 0.8544
vn 0.1484 -0.9217 0.3583
vn 0.3754 0.1939 0.9063
vn 0.0769 -0.9796 0.1857
vn 0.1385 0.7040 0.6965
vn 0.1626 0.5528 0.8173
vn 0.1385 -0.7040 0.6965
vn 0.1092 -0.8286 0.5490
vn 0.1804 0.3805 0.9070
vn 0.0757 -0.9217 0.3804
vn 0.1914 0.1939 0.9622
vn 0.0392 -0.9796 0.1971
vn 0.1951 0.0000 0.9808
vn 0.1914 -0.1939 0.9622
vn 0.0392 0.9796 0.1971
vn 0.0757 0.9217 0.3804
vn 0.1804 -0.3805 0.9070
vn 0.1092 0.8286 0.5490
vn 0.1626 -0.5528 0.8173
vn 0.0000 0.0000 1.0000
vn 0.0000 -0.1939 0.9810
vn 0.0000 0.9796 0.2010
vn 0.0000 0.9217 0.3879
vn 0.0000 -0.3805 0.9247
vn 0.0000 0.8286 0.5598
vn 0.0000 -0.5528 0.8333
vn 0.0000 0.7040 0.7101
vn 0.0000 -0.7040 0.7101
vn 0.0000 0.5528 0.8333
vn 0.0000 -0.8286 0.5598
vn 0.0000 0.3805 0.9247
vn 0.0000 -0.9217 0.3879
vn 0.0000 0.1939 0.9810
vn 0.0000 -0.9796 0.2010
vn -0.1385 -0.7040 0.6965
vn -0.1092 -0.8286 0.5490
vn -0.1626 0.5528 0.8173
vn -0.1804 0.3805 0.9070
vn -0.0757 -0.9217 0.3804
vn -0.1914 0.1939 0.9622
vn -0.0392 -0.9796 0.1971
vn -0.1951 0.0000 0.9808
vn -0.1914 -0.1939 0.9622
vn -0.0392 0.9796 0.1971
vn -0.0757 0.9217 0.3804
vn -0.1804 -0.3805 0.9070
vn -0.1092 0.8286 0.5490
vn -0.1626 -0.5528 0.8173
vn -0.1385 0.7040 0.6965
vn -0.0769 0.9796 0.1856
vn -0.1484 0.9217 0.3583
vn -0.3754 -0.1939 0.9063
vn -0.3539 -0.3805 0.8544
vn -0.2142 0.8286 0.5171
vn -0.3189 -0.5528 0.7699
vn -0.2717 0.7040 0.6561
vn -0.2717 -0.7040 0.6561
vn -0.3189 0.5528 0.7699
vn -0.2142 -0.8286 0.5171
vn -0.3539 0.3805 0.8544
vn -0.1484 -0.9217 0.3583
vn -0.3754 0.1939 0.9063
vn -0.0769 -0.9796 0.1856
vn -0.3827 0.0000 0.9239
vn -0.4630 0.5528 0.6929
vn -0.5137 0.3805 0.7689
vn -0.3110 -0.8286 0.4654
vn -0.2155 -0.9217 0.3225
vn -0.5450 0.1939 0.8157
vn -0.1116 -0.9796 0.1671
vn -0.5556 0.0000 0.8314
vn -0.5450 -0.1939 0.8157
vn -0.1116 0.9796 0.1671
vn -0.2155 0.9217 0.3225
vn -0.5137 -0.3805 0.7689
vn -0.3110 0.8286 0.4654
vn -0.4630 -0.5528 0.6929
vn -0.3945 0.7040 0.5904
vn -0.3945 -0.7041 0.5904
vn -0.6937 -0.1939 0.6937
vn -0.6539 -0.3805 0.6539
vn -0.2743 0.9217 0.2743
vn -0.3958 0.8286 0.3958
vn -0.5893 -0.5528 0.5893
vn -0.5021 0.7040 0.5021
vn -0.5021 -0.7040 0.5021
vn -0.5893 0.5528 0.5893
vn -0.3958 -0.8286 0.3958
vn -0.6539 0.3805 0.6539
vn -0.2743 -0.9217 0.2743
vn -0.6937 0.1939 0.6937
vn -0.1421 -0.9796 0.1421
vn -0.7071 0.0000 0.7071
vn -0.1421 0.9796 0.1421
vn -0.4654 -0.8286 0.3110
vn -0.3225 -0.9217 0.2155
vn -0.7689 0.3805 0.5137
vn -0.8157 0.1939 0.5450
vn -0.1671 -0.9796 0.1116
vn -0.8314 0.0000 0.5556
vn -0.8157 -0.1939 0.5450
vn -0.1671 0.9796 0.1116
vn -0.3225 0.9217 0.2155
vn -0.7689 -0.3805 0.5137
vn -0.4654 0.8286 0.3110
vn -0.6929 -0.5528 0.4630
vn -0.5904 0.7040 0.3945
vn -0.5904 -0.7040 0.3945
vn -0.6929 0.5528 0.4630
vn -0.8544 -0.3805 0.3539
vn -0.7699 -0.5528 0.3189
vn -0.5171 0.8286 0.2142
vn -0.6561 0.7040 0.2717
vn -0.6561 -0.7040 0.2717
vn -0.7699 0.5528 0.3189
vn -0.5171 -0.8286 0.2142
vn -0.8544 0.3805 0.3539
vn -0.3583 -0.9217 0.1484
vn -0.9063 0.1939 0.3754
vn -0.1856 -0.9796 0.0769
vn -0.9239 0.0000 0.3827
vn -0.9063 -0.1939 0.3754
vn -0.1856 0.9796 0.0769
vn -0.3583 0.9217 0.1484
vn -0.3804 -0.9217 0.0757
vn -0.1971 -0.9796 0.0392
vn -0.9622 0.1939 0.1914
vn -0.9808 0.0000 0.1951
vn -0.9622 -0.1939 0.1914
vn -0.1971 0.9796 0.0392
vn -0.3804 0.9217 0.0757
vn -0.9070 -0.3805 0.1804
vn -0.5490 0.8286 0.1092
vn -0.8173 -0.5528 0.1626
vn -0.6965 0.7040 0.1385
vn -0.6965 -0.7040 0.1385
vn -0.8173 0.5528 0.1626
vn -0.5490 -0.8286 0.1092
vn -0.9070 0.3805 0.1804
vn 0.0000 1.0000 0.0000
vn 0.0000 -1.0000 0.0000
usemtl Material.001
s 1
f 1457//1447 1456//1448 1471//1449 1472//1450
f 1450//1451 1449//1452 1464//1453 1465//1454
f 1458//1455 1457//1447 1472//1450 1473//1456
f 1451//1457 1450//1451 1465//1454 1466//1458
f 1459//1459 1458//1455 1473//1456 1474//1460
f 1452//1461 1451//1457 1466//1458 1467//1462
f 1460//1463 1459//1459 1474//1460 1475//1464
f 1453//1465 1452//1461 1467//1462 1468//1466
f 1461//1467 1460//1463 1475//1464 1476//1468
f 1454//1469 1453//1465 1468//1466 1469//1470
f 1455//1471 1454//1469 1469//1470 1470//1472
f 1448//1473 1447//1474 1462//1475 1463//1476
f 1456//1448 1455//1471 1470//1472 1471//1449
f 1449//1452 1448//1473 1463//1476 1464//1453
f 1471//1449 1470//1472 1485//1477 1486//1478
f 1464//1453 1463//1476 1478//1479 1479//1480
f 1472//1450 1471//1449 1486//1478 1487//1481
f 1465//1454 1464//1453 1479//1480 1480//1482
f 1473//1456 1472//1450 1487//1481 1488//1483
f 1466//1458 1465//1454 1480//1482 1481//1484
f 1474//1460 1473//1456 1488//1483 1489//1485
f 1467//1462 1466//1458 1481//1484 1482//1486
f 1475//1464 1474//1460 1489//1485 1490//1487
f 1468//1466 1467//1462 1482//1486 1483//1488
f 1476//1468 1475//1464 1490//1487 1491//1489
f 1469//1470 1468//1466 1483//1488 1484//1490
f 1470//1472 1469//1470 1484//1490 1485//1477
f 1463//1476 1462//1475 1477//1491 1478//1479
f 1490//1487 1489//1485 1504//1492 1505//1493
f 1483//1488 1482//1486 1497//1494 1498//1495
f 1491//1489 1490//1487 1505//1493 1506//1496
f 1484//1490 1483//1488 1498//1495 1499//1497
f 1485//1477 1484//1490 1499//1497 1500//1498
f 1478//1479 1477//1491 1492//1499 1493//1500
f 1486//1478 1485//1477 1500//1498 1501//1501
f 1479//1480 1478//1479 1493//1500 1494//1502
f 1487//1481 1486//1478 1501//1501 1502//1503
f 1480//1482 1479//1480 1494//1502 1495//1504
f 1488//1483 1487//1481 1502//1503 1503//1505
f 1481//1484 1480//1482 1495//1504 1496//1506
f 1489//1485 1488//1483 1503//1505 1504//1492
f 1482//1486 1481//1484 1496//1506 1497//1494
f 1494//1502 1493//1500 1508//1507 1509//1508
f 1502//1503 1501//1501 1516//1509 1517//1510
f 1495//1504 1494//1502 1509//1508 1510//1511
f 1503//1505 1502//1503 1517//1510 1518//1512
f 1496//1506 1495//1504 1510//1511 1511//1513
f 1504//1492 1503//1505 1518//1512 1519//1514
f 1497//1494 1496//1506 1511//1513 1512//1515
f 1505//1493 1504//1492 1519//1514 1520//1516
f 1498//1495 1497//1494 1512//1515 1513//1517
f 1506//1496 1505//1493 1520//1516 1521//1518
f 1499//1497 1498//1495 1513//1517 1514//1519
f 1500//1498 1499//1497 1514//1519 1515//1520
f 1493//1500 1492//1499 1507//1521 1508//1507
f 1501//1501 1500//1498 1515//1520 1516//1509
f 1513//1517 1512//1515 1527//1522 1528//1523
f 1521//1518 1520//1516 1535//1524 1536//1525
f 1514//1519 1513//1517 1528//1523 1529//1526
f 1515//1520 1514//1519 1529//1526 1530//1527
f 1508//1507 1507//1521 1522//1528 1523//1529
f 1516//1509 1515//1520 1530//1527 1531//1530
f 1509//1508 1508//1507 1523//1529 1524//1531
f 1517//1510 1516//1509 1531//1530 1532//1532
f 1510//1511 1509//1508 1524//1531 1525//1533
f 1518//1512 1517//1510 1532//1532 1533//1534
f 1511//1513 1510//1511 1525//1533 1526//1535
f 1519//1514 1518//1512 1533//1534 1534//1536
f 1512//1515 1511//1513 1526//1535 1527//1522
f 1520//1516 1519//1514 1534//1536 1535//1524
f 1532//1532 1531//1530 1546//1537 1547//1538
f 1525//1533 1524//1531 1539//1539 1540//1540
f 1533//1534 1532//1532 1547//1538 1548//1541
f 1526//1535 1525//1533 1540//1540 1541//1542
f 1534//1536 1533//1534 1548//1541 1549//1543
f 1527//1522 1526//1535 1541//1542 1542//1544
f 1535//1524 1534//1536 1549//1543 1550//1545
f 1528//1523 1527//1522 1542//1544 1543//1546
f 1536//1525 1535//1524 1550//1545 1551//1547
f 1529//1526 1528//1523 1543//1546 1544//1548
f 1530//1527 1529//1526 1544//1548 1545//1549
f 1523//1529 1522//1528 1537//1550 1538//1551
f 1531//1530 1530//1527 1545//1549 1546//1537
f 1524//1531 1523//1529 1538//1551 1539//1539
f 1551//1547 1550//1545 1565//1552 1566//1553
f 1544//1548 1543//1546 1558//1554 1559//1555
f 1545//1549 1544//1548 1559//1555 1560//1556
f 1538//1551 1537//1550 1552//1557 1553//1558
f 1546//1537 1545//1549 1560//1556 1561//1559
f 1539//1539 1538//1551 1553//1558 1554//1560
f 1547//1538 1546//1537 1561//1559 1562//1561
f 1540//1540 1539//1539 1554//1560 1555//1562
f 1548//1541 1547//1538 1562//1561 1563//1563
f 1541//1542 1540//1540 1555//1562 1556//1564
f 1549//1543 1548//1541 1563//1563 1564//1565
f 1542//1544 1541//1542 1556//1564 1557//1566
f 1550//1545 1549//1543 1564//1565 1565//1552
f 1543//1546 1542//1544 1557//1566 1558//1554
f 1555//1562 1554//1560 1569//1567 1570//1568
f 1563//1563 1562//1561 1577//1569 1578//1570
f 1556//1564 1555//1562 1570//1568 1571//1571
f 1564//1565 1563//1563 1578//1570 1579//1572
f 1557//1566 1556//1564 1571//1571 1572//1573
f 1565//1552 1564//1565 1579//1572 1580//1574
f 1558//1554 1557//1566 1572//1573 1573//1575
f 1566//1553 1565//1552 1580//1574 1581//1576
f 1559//1555 1558//1554 1573//1575 1574//1577
f 1560//1556 1559//1555 1574//1577 1575//1578
f 1553//1558 1552//1557 1567//1579 1568//1580
f 1561//1559 1560//1556 1575//1578 1576//1581
f 1554//1560 1553//1558 1568//1580 1569//1567
f 1562//1561 1561//1559 1576//1581 1577//1569
f 1574//1577 1573//1575 1588//1582 1589//1583
f 1575//1578 1574//1577 1589//1583 1590//1584
f 1568//1580 1567//1579 1582//1585 1583//1586
f 1576//1581 1575//1578 1590//1584 1591//1587
f 1569//1567 1568//1580 1583//1586 1584//1588
f 1577//1569 1576//1581 1591//1587 1592//1589
f 1570//1568 1569//1567 1584//1588 1585//1590
f 1578//1570 1577//1569 1592//1589 1593//1591
f 1571//1571 1570//1568 1585//1590 1586//1592
f 1579//1572 1578//1570 1593//1591 1594//1593
f 1572//1573 1571//1571 1586//1592 1587//1594
f 1580//1574 1579//1572 1594//1593 1595//1595
f 1573//1575 1572//1573 1587//1594 1588//1582
f 1581//1576 1580//1574 1595//1595 1596//1596
f 1593//1591 1592//1589 1607//1597 1608//1598
f 1586//1592 1585//1590 1600//1599 1601//1600
f 1594//1593 1593//1591 1608//1598 1609//1601
f 1587//1594 1586//1592 1601//1600 1602//1602
f 1595//1595 1594//1593 1609//1601 1610//1603
f 1588//1582 1587//1594 1602//1602 1603//1604
f 1596//1596 1595//1595 1610//1603 1611//1605
f 1589//1583 1588//1582 1603//1604 1604//1606
f 1590//1584 1589//1583 1604//1606 1605//1607
f 1583//1586 1582//1585 1597//1608 1598//1609
f 1591//1587 1590//1584 1605//1607 1606//1610
f 1584//1588 1583//1586 1598//1609 1599//1611
f 1592//1589 1591//1587 1606//1610 1607//1597
f 1585//1590 1584//1588 1599//1611 1600//1599
f 1605//1607 1604//1606 1619//1612 1620//1613
f 1598//1609 1597//1608 1612//1614 1613//1615
f 1606//1610 1605//1607 1620//1613 1621//1616
f 1599//1611 1598//1609 1613//1615 1614//1617
f 1607//1597 1606//1610 1621//1616 1622//1618
f 1600//1599 1599//1611 1614//1617 1615//1619
f 1608//1598 1607//1597 1622//1618 1623//1620
f 1601//1600 1600//1599 1615//1619 1616//1621
f 1609//1601 1608//1598 1623//1620 1624//1622
f 1602//1602 1601//1600 1616//1621 1617//1623
f 1610//1603 1609//1601 1624//1622 1625//1624
f 1603//1604 1602//1602 1617//1623 1618//1625
f 1611//1605 1610//1603 1625//1624 1626//1626
f 1604//1606 1603//1604 1618//1625 1619//1612
f 1624//1622 1623//1620 1638//1627 1639//1628
f 1617//1623 1616//1621 1631//1629 1632//1630
f 1625//1624 1624//1622 1639//1628 1640//1631
f 1618//1625 1617//1623 1632//1630 1633//1632
f 1626//1626 1625//1624 1640//1631 1641//1633
f 1619//1612 1618//1625 1633//1632 1634//1634
f 1620//1613 1619//1612 1634//1634 1635//1635
f 1613//1615 1612//1614 1627//1636 1628//1637
f 1621//1616 1620//1613 1635//1635 1636//1638
f 1614//1617 1613//1615 1628//1637 1629//1639
f 1622//1618 1621//1616 1636//1638 1637//1640
f 1615//1619 1614//1617 1629//1639 1630//1641
f 1623//1620 1622//1618 1637//1640 1638//1627
f 1616//1621 1615//1619 1630//1641 1631//1629
f 1628//1637 1627//1636 1642//1642 1643//1643
f 1636//1638 1635//1635 1650//1644 1651//1645
f 1629//1639 1628//1637 1643//1643 1644//1646
f 1637//1640 1636//1638 1651//1645 1652//1647
f 1630//1641 1629//1639 1644//1646 1645//1648
f 1638//1627 1637//1640 1652//1647 1653//1649
f 1631//1629 1630//1641 1645//1648 1646//1650
f 1639//1628 1638//1627 1653//1649 1654//1651
f 1632//1630 1631//1629 1646//1650 1647//1652
f 1640//1631 1639//1628 1654//1651 1655//1653
f 1633//1632 1632//1630 1647//1652 1648//1654
f 1641//1633 1640//1631 1655//1653 1656//1655
f 1634//1634 1633//1632 1648//1654 1649//1656
f 1635//1635 1634//1634 1649//1656 1650//1644
f 1647//1652 1646//1650 1661//1657 1662//1658
f 1655//1653 1654//1651 1669//1659 1670//1660
f 1648//1654 1647//1652 1662//1658 1663//1661
f 1656//1655 1655//1653 1670//1660 1671//1662
f 1649//1656 1648//1654 1663//1661 1664//1663
f 1650//1644 1649//1656 1664//1663 1665//1664
f 1643//1643 1642//1642 1657//1665 1658//1666
f 1651//1645 1650//1644 1665//1664 1666//1667
f 1644//1646 1643//1643 1658//1666 1659//1668
f 1652//1647 1651//1645 1666//1667 1667//1669
f 1645//1648 1644//1646 1659//1668 1660//1670
f 1653//1649 1652//1647 1667//1669 1668//1671
f 1646//1650 1645//1648 1660//1670 1661//1657
f 1654//1651 1653//1649 1668//1671 1669//1659
f 1666//1667 1665//1664 1680//1672 1681//1673
f 1659//1668 1658//1666 1673//1674 1674//1675
f 1667//1669 1666//1667 1681//1673 1682//1676
f 1660//1670 1659//1668 1674//1675 1675//1677
f 1668//1671 1667//1669 1682//1676 1683//1678
f 1661//1657 1660//1670 1675//1677 1676//1679
f 1669//1659 1668//1671 1683//1678 1684//1680
f 1662//1658 1661//1657 1676//1679 1677//1681
f 1670//1660 1669//1659 1684//1680 1685//1682
f 1663//1661 1662//1658 1677//1681 1678//1683
f 1671//1662 1670//1660 1685//1682 1686//1684
f 1664//1663 1663//1661 1678//1683 1679//1685
f 1665//1664 1664//1663 1679//1685 1680//1672
f 1658//1666 1657//1665 1672//1686 1673//1674
f 1685//1682 1684//1680 1699//1687 1700//1688
f 1678//1683 1677//1681 1692//1689 1693//1690
f 1686//1684 1685//1682 1700//1688 1701//1691
f 1679//1685 1678//1683 1693//1690 1694//1692
f 1680//1672 1679//1685 1694//1692 1695//1693
f 1673//1674 1672//1686 1687//1694 1688//1695
f 1681//1673 1680//1672 1695//1693 1696//1696
f 1674//1675 1673//1674 1688//1695 1689//1697
f 1682//1676 1681//1673 1696//1696 1697//1698
f 1675//1677 1674//1675 1689//1697 1690//1699
f 1683//1678 1682//1676 1697//1698 1698//1700
f 1676//1679 1675//1677 1690//1699 1691//1701
f 1684//1680 1683//1678 1698//1700 1699//1687
f 1677//1681 1676//1679 1691//1701 1692//1689
f 1689//1697 1688//1695 1703//1702 1704//1703
f 1697//1698 1696//1696 1711//1704 1712//1705
f 1690//1699 1689//1697 1704//1703 1705//1706
f 1698//1700 1697//1698 1712//1705 1713//1707
f 1691//1701 1690//1699 1705//1706 1706//1708
f 1699//1687 1698//1700 1713//1707 1714//1709
f 1692//1689 1691//1701 1706//1708 1707//1710
f 1700//1688 1699//1687 1714//1709 1715//1711
f 1693//1690 1692//1689 1707//1710 1708//1712
f 1701//1691 1700//1688 1715//1711 1716//1713
f 1694//1692 1693//1690 1708//1712 1709//1714
f 1695//1693 1694//1692 1709//1714 1710//1715
f 1688//1695 1687//1694 1702//1716 1703//1702
f 1696//1696 1695//1693 1710//1715 1711//1704
f 1708//1712 1707//1710 1722//1717 1723//1718
f 1716//1713 1715//1711 1730//1719 1731//1720
f 1709//1714 1708//1712 1723//1718 1724//1721
f 1710//1715 1709//1714 1724//1721 1725//1722
f 1703//1702 1702//1716 1717//1723 1718//1724
f 1711//1704 1710//1715 1725//1722 1726//1725
f 1704//1703 1703//1702 1718//1724 1719//1726
f 1712//1705 1711//1704 1726//1725 1727//1727
f 1705//1706 1704//1703 1719//1726 1720//1728
f 1713//1707 1712//1705 1727//1727 1728//1729
f 1706//1708 1705//1706 1720//1728 1721//1730
f 1714//1709 1713//1707 1728//1729 1729//1731
f 1707//1710 1706//1708 1721//1730 1722//1717
f 1715//1711 1714//1709 1729//1731 1730//1719
f 1727//1727 1726//1725 1741//1732 1742//1733
f 1720//1728 1719//1726 1734//1734 1735//1735
f 1728//1729 1727//1727 1742//1733 1743//1736
f 1721//1730 1720//1728 1735//1735 1736//1737
f 1729//1731 1728//1729 1743//1736 1744//1738
f 1722//1717 1721//1730 1736//1737 1737//1739
f 1730//1719 1729//1731 1744//1738 1745//1740
f 1723//1718 1722//1717 1737//1739 1738//1741
f 1731//1720 1730//1719 1745//1740 1746//1742
f 1724//1721 1723//1718 1738//1741 1739//1743
f 1725//1722 1724//1721 1739//1743 1740//1744
f 1718//1724 1717//1723 1732//1745 1733//1746
f 1726//1725 1725//1722 1740//1744 1741//1732
f 1719//1726 1718//1724 1733//1746 1734//1734
f 1746//1742 1745//1740 1760//1747 1761//1748
f 1739//1743 1738//1741 1753//1749 1754//1750
f 1740//1744 1739//1743 1754//1750 1755//1751
f 1733//1746 1732//1745 1747//1752 1748//1753
f 1741//1732 1740//1744 1755//1751 1756//1754
f 1734//1734 1733//1746 1748//1753 1749//1755
f 1742//1733 1741//1732 1756//1754 1757//1756
f 1735//1735 1734//1734 1749//1755 1750//1757
f 1743//1736 1742//1733 1757//1756 1758//1758
f 1736//1737 1735//1735 1750//1757 1751//1759
f 1744//1738 1743//1736 1758//1758 1759//1760
f 1737//1739 1736//1737 1751//1759 1752//1761
f 1745//1740 1744//1738 1759//1760 1760//1747
f 1738//1741 1737//1739 1752//1761 1753//1749
f 1758//1758 1757//1756 1772//1762 1773//1763
f 1751//1759 1750//1757 1765//1764 1766//1765
f 1759//1760 1758//1758 1773//1763 1774//1766
f 1752//1761 1751//1759 1766//1765 1767//1767
f 1760//1747 1759//1760 1774//1766 1775//1768
f 1753//1749 1752//1761 1767//1767 1768//1769
f 1761//1748 1760//1747 1775//1768 1776//1770
f 1754//1750 1753//1749 1768//1769 1769//1771
f 1755//1751 1754//1750 1769//1771 1770//1772
f 1748//1753 1747//1752 1762//1773 1763//1774
f 1756//1754 1755//1751 1770//1772 1771//1775
f 1749//1755 1748//1753 1763//1774 1764//1776
f 1757//1756 1756//1754 1771//1775 1772//1762
f 1750//1757 1749//1755 1764//1776 1765//1764
f 1770//1772 1769//1771 1785//1777 1786//1778
f 1763//1774 1762//1773 1778//1779 1779//1780
f 1771//1775 1770//1772 1786//1778 1787//1781
f 1764//1776 1763//1774 1779//1780 1780//1782
f 1772//1762 1771//1775 1787//1781 1788//1783
f 1765//1764 1764//1776 1780//1782 1781//1784
f 1773//1763 1772//1762 1788//1783 1789//1785
f 1766//1765 1765//1764 1781//1784 1782//1786
f 1774//1766 1773//1763 1789//1785 1790//1787
f 1767//1767 1766//1765 1782//1786 1783//1788
f 1775//1768 1774//1766 1790//1787 1791//1789
f 1768//1769 1767//1767 1783//1788 1784//1790
f 1776//1770 1775//1768 1791//1789 1792//1791
f 1769//1771 1768//1769 1784//1790 1785//1777
f 1782//1786 1781//1784 1796//1792 1797//1793
f 1790//1787 1789//1785 1804//1794 1805//1795
f 1783//1788 1782//1786 1797//1793 1798//1796
f 1791//1789 1790//1787 1805//1795 1806//1797
f 1784//1790 1783//1788 1798//1796 1799//1798
f 1792//1791 1791//1789 1806//1797 1807//1799
f 1785//1777 1784//1790 1799//1798 1800//1800
f 1786//1778 1785//1777 1800//1800 1801//1801
f 1779//1780 1778//1779 1793//1802 1794//1803
f 1787//1781 1786//1778 1801//1801 1802//1804
f 1780//1782 1779//1780 1794//1803 1795//1805
f 1788//1783 1787//1781 1802//1804 1803//1806
f 1781//1784 1780//1782 1795//1805 1796//1792
f 1789//1785 1788//1783 1803//1806 1804//1794
f 1801//1801 1800//1800 1815//1807 1816//1808
f 1794//1803 1793//1802 1808//1809 1809//1810
f 1802//1804 1801//1801 1816//1808 1817//1811
f 1795//1805 1794//1803 1809//1810 1810//1812
f 1803//1806 1802//1804 1817//1811 1818//1813
f 1796//1792 1795//1805 1810//1812 1811//1814
f 1804//1794 1803//1806 1818//1813 1819//1815
f 1797//1793 1796//1792 1811//1814 1812//1816
f 1805//1795 1804//1794 1819//1815 1820//1817
f 1798//1796 1797//1793 1812//1816 1813//1818
f 1806//1797 1805//1795 1820//1817 1821//1819
f 1799//1798 1798//1796 1813//1818 1814//1820
f 1807//1799 1806//1797 1821//1819 1822//1821
f 1800//1800 1799//1798 1814//1820 1815//1807
f 1820//1817 1819//1815 1834//1822 1835//1823
f 1813//1818 1812//1816 1827//1824 1828//1825
f 1821//1819 1820//1817 1835//1823 1836//1826
f 1814//1820 1813//1818 1828//1825 1829//1827
f 1822//1821 1821//1819 1836//1826 1837//1828
f 1815//1807 1814//1820 1829//1827 1830//1829
f 1816//1808 1815//1807 1830//1829 1831//1830
f 1809//1810 1808//1809 1823//1831 1824//1832
f 1817//1811 1816//1808 1831//1830 1832//1833
f 1810//1812 1809//1810 1824//1832 1825//1834
f 1818//1813 1817//1811 1832//1833 1833//1835
f 1811//1814 1810//1812 1825//1834 1826//1836
f 1819//1815 1818//1813 1833//1835 1834//1822
f 1812//1816 1811//1814 1826//1836 1827//1824
f 1824//1832 1823//1831 1838//1837 1839//1838
f 1832//1833 1831//1830 1846//1839 1847//1840
f 1825//1834 1824//1832 1839//1838 1840//1841
f 1833//1835 1832//1833 1847//1840 1848//1842
f 1826//1836 1825//1834 1840//1841 1841//1843
f 1834//1822 1833//1835 1848//1842 1849//1844
f 1827//1824 1826//1836 1841//1843 1842//1845
f 1835//1823 1834//1822 1849//1844 1850//1846
f 1828//1825 1827//1824 1842//1845 1843//1847
f 1836//1826 1835//1823 1850//1846 1851//1848
f 1829//1827 1828//1825 1843//1847 1844//1849
f 1837//1828 1836//1826 1851//1848 1852//1850
f 1830//1829 1829//1827 1844//1849 1845//1851
f 1831//1830 1830//1829 1845//1851 1846//1839
f 1843//1847 1842//1845 1857//1852 1858//1853
f 1851//1848 1850//1846 1865//1854 1866//1855
f 1844//1849 1843//1847 1858//1853 1859//1856
f 1852//1850 1851//1848 1866//1855 1867//1857
f 1845//1851 1844//1849 1859//1856 1860//1858
f 1846//1839 1845//1851 1860//1858 1861//1859
f 1839//1838 1838//1837 1853//1860 1854//1861
f 1847//1840 1846//1839 1861//1859 1862//1862
f 1840//1841 1839//1838 1854//1861 1855//1863
f 1848//1842 1847//1840 1862//1862 1863//1864
f 1841//1843 1840//1841 1855//1863 1856//1865
f 1849//1844 1848//1842 1863//1864 1864//1866
f 1842//1845 1841//1843 1856//1865 1857//1852
f 1850//1846 1849//1844 1864//1866 1865//1854
f 1862//1862 1861//1859 1876//1867 1877//1868
f 1855//1863 1854//1861 1869//1869 1870//1870
f 1863//1864 1862//1862 1877//1868 1878//1871
f 1856//1865 1855//1863 1870//1870 1871//1872
f 1864//1866 1863//1864 1878//1871 1879//1873
f 1857//1852 1856//1865 1871//1872 1872//1874
f 1865//1854 1864//1866 1879//1873 1880//1875
f 1858//1853 1857//1852 1872//1874 1873//1876
f 1866//1855 1865//1854 1880//1875 1881//1877
f 1859//1856 1858//1853 1873//1876 1874//1878
f 1867//1857 1866//1855 1881//1877 1882//1879
f 1860//1858 1859//1856 1874//1878 1875//1880
f 1861//1859 1860//1858 1875//1880 1876//1867
f 1854//1861 1853//1860 1868//1881 1869//1869
f 1881//1877 1880//1875 1895//1882 1896//1883
f 1874//1878 1873//1876 1888//1884 1889//1885
f 1882//1879 1881//1877 1896//1883 1897//1886
f 1875//1880 1874//1878 1889//1885 1890//1887
f 1876//1867 1875//1880 1890//1887 1891//1888
f 1869//1869 1868//1881 1883//1889 1884//1890
f 1877//1868 1876//1867 1891//1888 1892//1891
f 1870//1870 1869//1869 1884//1890 1885//1892
f 1878//1871 1877//1868 1892//1891 1893//1893
f 1871//1872 1870//1870 1885//1892 1886//1894
f 1879//1873 1878//1871 1893//1893 1894//1895
f 1872//1874 1871//1872 1886//1894 1887//1896
f 1880//1875 1879//1873 1894//1895 1895//1882
f 1873//1876 1872//1874 1887//1896 1888//1884
f 1893//1893 1892//1891 1908//1897 1909//1898
f 1886//1894 1885//1892 1901//1899 1902//1900
f 1894//1895 1893//1893 1909//1898 1910//1901
f 1887//1896 1886//1894 1902//1900 1903//1902
f 1895//1882 1894//1895 1910//1901 1911//1903
f 1888//1884 1887//1896 1903//1902 1904//1904
f 1896//1883 1895//1882 1911//1903 1912//1905
f 1889//1885 1888//1884 1904//1904 1905//1906
f 1897//1886 1896//1883 1912//1905 1913//1907
f 1890//1887 1889//1885 1905//1906 1906//1908
f 1891//1888 1890//1887 1906//1908 1907//1909
f 1884//1890 1883//1889 1899//1910 1900//1911
f 1892//1891 1891//1888 1907//1909 1908//1897
f 1885//1892 1884//1890 1900//1911 1901//1899
f 1913//1907 1912//1905 1927//1912 1928//1913
f 1906//1908 1905//1906 1920//1914 1921//1915
f 1907//1909 1906//1908 1921//1915 1922//1916
f 1900//1911 1899//1910 1914//1917 1915//1918
f 1908//1897 1907//1909 1922//1916 1923//1919
f 1901//1899 1900//1911 1915//1918 1916//1920
f 1909//1898 1908//1897 1923//1919 1924//1921
f 1902//1900 1901//1899 1916//1920 1917//1922
f 1910//1901 1909//1898 1924//1921 1925//1923
f 1903//1902 1902//1900 1917//1922 1918//1924
f 1911//1903 1910//1901 1925//1923 1926//1925
f 1904//1904 1903//1902 1918//1924 1919//1926
f 1912//1905 1911//1903 1926//1925 1927//1912
f 1905//1906 1904//1904 1919//1926 1920//1914
f 1447//1474 1898//1927 1462//1475
f 1777//1928 1461//1467 1476//1468
f 1462//1475 1898//1927 1477//1491
f 1777//1928 1476//1468 1491//1489
f 1477//1491 1898//1927 1492//1499
f 1777//1928 1491//1489 1506//1496
f 1492//1499 1898//1927 1507//1521
f 1777//1928 1506//1496 1521//1518
f 1507//1521 1898//1927 1522//1528
f 1777//1928 1521//1518 1536//1525
f 1522//1528 1898//1927 1537//1550
f 1777//1928 1536//1525 1551//1547
f 1537//1550 1898//1927 1552//1557
f 1777//1928 1551//1547 1566//1553
f 1552//1557 1898//1927 1567//1579
f 1777//1928 1566//1553 1581//1576
f 1567//1579 1898//1927 1582//1585
f 1777//1928 1581//1576 1596//1596
f 1582//1585 1898//1927 1597//1608
f 1777//1928 1596//1596 1611//1605
f 1777//1928 1611//1605 1626//1626
f 1597//1608 1898//1927 1612//1614
f 1612//1614 1898//1927 1627//1636
f 1777//1928 1626//1626 1641//1633
f 1627//1636 1898//1927 1642//1642
f 1777//1928 1641//1633 1656//1655
f 1642//1642 1898//1927 1657//1665
f 1777//1928 1656//1655 1671//1662
f 1657//1665 1898//1927 1672//1686
f 1777//1928 1671//1662 1686//1684
f 1672//1686 1898//1927 1687//1694
f 1777//1928 1686//1684 1701//1691
f 1687//1694 1898//1927 1702//1716
f 1777//1928 1701//1691 1716//1713
f 1702//1716 1898//1927 1717//1723
f 1777//1928 1716//1713 1731//1720
f 1717//1723 1898//1927 1732//1745
f 1777//1928 1731//1720 1746//1742
f 1732//1745 1898//1927 1747//1752
f 1777//1928 1746//1742 1761//1748
f 1747//1752 1898//1927 1762//1773
f 1777//1928 1761//1748 1776//1770
f 1762//1773 1898//1927 1778//1779
f 1777//1928 1776//1770 1792//1791
f 1778//1779 1898//1927 1793//1802
f 1777//1928 1792//1791 1807//1799
f 1793//1802 1898//1927 1808//1809
f 1777//1928 1807//1799 1822//1821
f 1808//1809 1898//1927 1823//1831
f 1777//1928 1822//1821 1837//1828
f 1823//1831 1898//1927 1838//1837
f 1777//1928 1837//1828 1852//1850
f 1838//1837 1898//1927 1853//1860
f 1777//1928 1852//1850 1867//1857
f 1853//1860 1898//1927 1868//1881
f 1777//1928 1867//1857 1882//1879
f 1868//1881 1898//1927 1883//1889
f 1777//1928 1882//1879 1897//1886
f 1883//1889 1898//1927 1899//1910
f 1777//1928 1897//1886 1913//1907
f 1899//1910 1898//1927 1914//1917
f 1777//1928 1913//1907 1928//1913
f 1917//1922 1916//1920 1449//1452 1450//1451
f 1925//1923 1924//1921 1457//1447 1458//1455
f 1918//1924 1917//1922 1450//1451 1451//1457
f 1926//1925 1925//1923 1458//1455 1459//1459
f 1919//1926 1918//1924 1451//1457 1452//1461
f 1927//1912 1926//1925 1459//1459 1460//1463
f 1920//1914 1919//1926 1452//1461 1453//1465
f 1928//1913 1927//1912 1460//1463 1461//1467
f 1921//1915 1920//1914 1453//1465 1454//1469
f 1898//1927 1447//1474 1914//1917
f 1777//1928 1928//1913 1461//1467
f 1922//1916 1921//1915 1454//1469 1455//1471
f 1447//1474 1448//1473 1915//1918 1914//1917
f 1923//1919 1922//1916 1455//1471 1456//1448
f 1916//1920 1915//1918 1448//1473 1449//1452
f 1924//1921 1923//1919 1456//1448 1457//1447
l 1447 1448
l 1448 1449
l 1449 1450
l 1450 1451
l 1451 1452
l 1452 1453
l 1453 1454
l 1454 1455
l 1455 1456
l 1456 1457
l 1457 1458
l 1458 1459
l 1459 1460
l 1460 1461
l 1462 1463
l 1463 1464
l 1464 1465
l 1465 1466
l 1466 1467
l 1467 1468
l 1468 1469
l 1469 1470
l 1470 1471
l 1471 1472
l 1472 1473
l 1473 1474
l 1474 1475
l 1475 1476
l 1457 1472
l 1456 1471
l 1450 1465
l 1449 1464
l 1458 1473
l 1451 1466
l 1459 1474
l 1452 1467
l 1460 1475
l 1453 1468
l 1461 1476
l 1454 1469
l 1447 1462
l 1455 1470
l 1448 1463
l 1477 1478
l 1478 1479
l 1479 1480
l 1480 1481
l 1481 1482
l 1482 1483
l 1483 1484
l 1484 1485
l 1485 1486
l 1486 1487
l 1487 1488
l 1488 1489
l 1489 1490
l 1490 1491
l 1471 1486
l 1470 1485
l 1464 1479
l 1463 1478
l 1472 1487
l 1465 1480
l 1473 1488
l 1466 1481
l 1474 1489
l 1467 1482
l 1475 1490
l 1468 1483
l 1476 1491
l 1469 1484
l 1462 1477
l 1492 1493
l 1493 1494
l 1494 1495
l 1495 1496
l 1496 1497
l 1497 1498
l 1498 1499
l 1499 1500
l 1500 1501
l 1501 1502
l 1502 1503
l 1503 1504
l 1504 1505
l 1505 1506
l 1490 1505
l 1489 1504
l 1483 1498
l 1482 1497
l 1491 1506
l 1484 1499
l 1477 1492
l 1485 1500
l 1478 1493
l 1486 1501
l 1479 1494
l 1487 1502
l 1480 1495
l 1488 1503
l 1481 1496
l 1507 1508
l 1508 1509
l 1509 1510
l 1510 1511
l 1511 1512
l 1512 1513
l 1513 1514
l 1514 1515
l 1515 1516
l 1516 1517
l 1517 1518
l 1518 1519
l 1519 1520
l 1520 1521
l 1494 1509
l 1493 1508
l 1502 1517
l 1501 1516
l 1495 1510
l 1503 1518
l 1496 1511
l 1504 1519
l 1497 1512
l 1505 1520
l 1498 1513
l 1506 1521
l 1499 1514
l 1492 1507
l 1500 1515
l 1522 1523
l 1523 1524
l 1524 1525
l 1525 1526
l 1526 1527
l 1527 1528
l 1528 1529
l 1529 1530
l 1530 1531
l 1531 1532
l 1532 1533
l 1533 1534
l 1534 1535
l 1535 1536
l 1513 1528
l 1512 1527
l 1521 1536
l 1520 1535
l 1514 1529
l 1507 1522
l 1515 1530
l 1508 1523
l 1516 1531
l 1509 1524
l 1517 1532
l 1510 1525
l 1518 1533
l 1511 1526
l 1519 1534
l 1537 1538
l 1538 1539
l 1539 1540
l 1540 1541
l 1541 1542
l 1542 1543
l 1543 1544
l 1544 1545
l 1545 1546
l 1546 1547
l 1547 1548
l 1548 1549
l 1549 1550
l 1550 1551
l 1532 1547
l 1531 1546
l 1525 1540
l 1524 1539
l 1533 1548
l 1526 1541
l 1534 1549
l 1527 1542
l 1535 1550
l 1528 1543
l 1536 1551
l 1529 1544
l 1522 1537
l 1530 1545
l 1523 1538
l 1552 1553
l 1553 1554
l 1554 1555
l 1555 1556
l 1556 1557
l 1557 1558
l 1558 1559
l 1559 1560
l 1560 1561
l 1561 1562
l 1562 1563
l 1563 1564
l 1564 1565
l 1565 1566
l 1551 1566
l 1550 1565
l 1544 1559
l 1543 1558
l 1537 1552
l 1545 1560
l 1538 1553
l 1546 1561
l 1539 1554
l 1547 1562
l 1540 1555
l 1548 1563
l 1541 1556
l 1549 1564
l 1542 1557
l 1567 1568
l 1568 1569
l 1569 1570
l 1570 1571
l 1571 1572
l 1572 1573
l 1573 1574
l 1574 1575
l 1575 1576
l 1576 1577
l 1577 1578
l 1578 1579
l 1579 1580
l 1580 1581
l 1555 1570
l 1554 1569
l 1563 1578
l 1562 1577
l 1556 1571
l 1564 1579
l 1557 1572
l 1565 1580
l 1558 1573
l 1566 1581
l 1559 1574
l 1552 1567
l 1560 1575
l 1553 1568
l 1561 1576
l 1582 1583
l 1583 1584
l 1584 1585
l 1585 1586
l 1586 1587
l 1587 1588
l 1588 1589
l 1589 1590
l 1590 1591
l 1591 1592
l 1592 1593
l 1593 1594
l 1594 1595
l 1595 1596
l 1574 1589
l 1573 1588
l 1567 1582
l 1581 1596
l 1575 1590
l 1568 1583
l 1576 1591
l 1569 1584
l 1577 1592
l 1570 1585
l 1578 1593
l 1571 1586
l 1579 1594
l 1572 1587
l 1580 1595
l 1597 1598
l 1598 1599
l 1599 1600
l 1600 1601
l 1601 1602
l 1602 1603
l 1603 1604
l 1604 1605
l 1605 1606
l 1606 1607
l 1607 1608
l 1608 1609
l 1609 1610
l 1610 1611
l 1593 1608
l 1592 1607
l 1586 1601
l 1585 1600
l 1594 1609
l 1587 1602
l 1595 1610
l 1588 1603
l 1596 1611
l 1589 1604
l 1582 1597
l 1590 1605
l 1583 1598
l 1591 1606
l 1584 1599
l 1612 1613
l 1613 1614
l 1614 1615
l 1615 1616
l 1616 1617
l 1617 1618
l 1618 1619
l 1619 1620
l 1620 1621
l 1621 1622
l 1622 1623
l 1623 1624
l 1624 1625
l 1625 1626
l 1611 1626
l 1605 1620
l 1604 1619
l 1598 1613
l 1597 1612
l 1606 1621
l 1599 1614
l 1607 1622
l 1600 1615
l 1608 1623
l 1601 1616
l 1609 1624
l 1602 1617
l 1610 1625
l 1603 1618
l 1627 1628
l 1628 1629
l 1629 1630
l 1630 1631
l 1631 1632
l 1632 1633
l 1633 1634
l 1634 1635
l 1635 1636
l 1636 1637
l 1637 1638
l 1638 1639
l 1639 1640
l 1640 1641
l 1624 1639
l 1623 1638
l 1617 1632
l 1616 1631
l 1625 1640
l 1618 1633
l 1626 1641
l 1619 1634
l 1612 1627
l 1620 1635
l 1613 1628
l 1621 1636
l 1614 1629
l 1622 1637
l 1615 1630
l 1642 1643
l 1643 1644
l 1644 1645
l 1645 1646
l 1646 1647
l 1647 1648
l 1648 1649
l 1649 1650
l 1650 1651
l 1651 1652
l 1652 1653
l 1653 1654
l 1654 1655
l 1655 1656
l 1628 1643
l 1627 1642
l 1636 1651
l 1635 1650
l 1629 1644
l 1637 1652
l 1630 1645
l 1638 1653
l 1631 1646
l 1639 1654
l 1632 1647
l 1640 1655
l 1633 1648
l 1641 1656
l 1634 1649
l 1657 1658
l 1658 1659
l 1659 1660
l 1660 1661
l 1661 1662
l 1662 1663
l 1663 1664
l 1664 1665
l 1665 1666
l 1666 1667
l 1667 1668
l 1668 1669
l 1669 1670
l 1670 1671
l 1647 1662
l 1646 1661
l 1655 1670
l 1654 1669
l 1648 1663
l 1656 1671
l 1649 1664
l 1642 1657
l 1650 1665
l 1643 1658
l 1651 1666
l 1644 1659
l 1652 1667
l 1645 1660
l 1653 1668
l 1672 1673
l 1673 1674
l 1674 1675
l 1675 1676
l 1676 1677
l 1677 1678
l 1678 1679
l 1679 1680
l 1680 1681
l 1681 1682
l 1682 1683
l 1683 1684
l 1684 1685
l 1685 1686
l 1666 1681
l 1665 1680
l 1659 1674
l 1658 1673
l 1667 1682
l 1660 1675
l 1668 1683
l 1661 1676
l 1669 1684
l 1662 1677
l 1670 1685
l 1663 1678
l 1671 1686
l 1664 1679
l 1657 1672
l 1687 1688
l 1688 1689
l 1689 1690
l 1690 1691
l 1691 1692
l 1692 1693
l 1693 1694
l 1694 1695
l 1695 1696
l 1696 1697
l 1697 1698
l 1698 1699
l 1699 1700
l 1700 1701
l 1685 1700
l 1684 1699
l 1678 1693
l 1677 1692
l 1686 1701
l 1679 1694
l 1672 1687
l 1680 1695
l 1673 1688
l 1681 1696
l 1674 1689
l 1682 1697
l 1675 1690
l 1683 1698
l 1676 1691
l 1702 1703
l 1703 1704
l 1704 1705
l 1705 1706
l 1706 1707
l 1707 1708
l 1708 1709
l 1709 1710
l 1710 1711
l 1711 1712
l 1712 1713
l 1713 1714
l 1714 1715
l 1715 1716
l 1689 1704
l 1688 1703
l 1697 1712
l 1696 1711
l 1690 1705
l 1698 1713
l 1691 1706
l 1699 1714
l 1692 1707
l 1700 1715
l 1693 1708
l 1701 1716
l 1694 1709
l 1687 1702
l 1695 1710
l 1717 1718
l 1718 1719
l 1719 1720
l 1720 1721
l 1721 1722
l 1722 1723
l 1723 1724
l 1724 1725
l 1725 1726
l 1726 1727
l 1727 1728
l 1728 1729
l 1729 1730
l 1730 1731
l 1708 1723
l 1707 1722
l 1716 1731
l 1715 1730
l 1709 1724
l 1702 1717
l 1710 1725
l 1703 1718
l 1711 1726
l 1704 1719
l 1712 1727
l 1705 1720
l 1713 1728
l 1706 1721
l 1714 1729
l 1732 1733
l 1733 1734
l 1734 1735
l 1735 1736
l 1736 1737
l 1737 1738
l 1738 1739
l 1739 1740
l 1740 1741
l 1741 1742
l 1742 1743
l 1743 1744
l 1744 1745
l 1745 1746
l 1727 1742
l 1726 1741
l 1720 1735
l 1719 1734
l 1728 1743
l 1721 1736
l 1729 1744
l 1722 1737
l 1730 1745
l 1723 1738
l 1731 1746
l 1724 1739
l 1717 1732
l 1725 1740
l 1718 1733
l 1747 1748
l 1748 1749
l 1749 1750
l 1750 1751
l 1751 1752
l 1752 1753
l 1753 1754
l 1754 1755
l 1755 1756
l 1756 1757
l 1757 1758
l 1758 1759
l 1759 1760
l 1760 1761
l 1746 1761
l 1745 1760
l 1739 1754
l 1738 1753
l 1732 1747
l 1740 1755
l 1733 1748
l 1741 1756
l 1734 1749
l 1742 1757
l 1735 1750
l 1743 1758
l 1736 1751
l 1744 1759
l 1737 1752
l 1762 1763
l 1763 1764
l 1764 1765
l 1765 1766
l 1766 1767
l 1767 1768
l 1768 1769
l 1769 1770
l 1770 1771
l 1771 1772
l 1772 1773
l 1773 1774
l 1774 1775
l 1775 1776
l 1776 1777
l 1758 1773
l 1757 1772
l 1751 1766
l 1750 1765
l 1759 1774
l 1752 1767
l 1760 1775
l 1753 1768
l 1761 1776
l 1754 1769
l 1747 1762
l 1755 1770
l 1748 1763
l 1756 1771
l 1749 1764
l 1778 1779
l 1779 1780
l 1780 1781
l 1781 1782
l 1782 1783
l 1783 1784
l 1784 1785
l 1785 1786
l 1786 1787
l 1787 1788
l 1788 1789
l 1789 1790
l 1790 1791
l 1791 1792
l 1762 1778
l 1776 1792
l 1770 1786
l 1769 1785
l 1763 1779
l 1771 1787
l 1764 1780
l 1772 1788
l 1765 1781
l 1773 1789
l 1766 1782
l 1774 1790
l 1767 1783
l 1775 1791
l 1768 1784
l 1793 1794
l 1794 1795
l 1795 1796
l 1796 1797
l 1797 1798
l 1798 1799
l 1799 1800
l 1800 1801
l 1801 1802
l 1802 1803
l 1803 1804
l 1804 1805
l 1805 1806
l 1806 1807
l 1782 1797
l 1781 1796
l 1790 1805
l 1789 1804
l 1783 1798
l 1791 1806
l 1784 1799
l 1792 1807
l 1785 1800
l 1778 1793
l 1786 1801
l 1779 1794
l 1787 1802
l 1780 1795
l 1788 1803
l 1808 1809
l 1809 1810
l 1810 1811
l 1811 1812
l 1812 1813
l 1813 1814
l 1814 1815
l 1815 1816
l 1816 1817
l 1817 1818
l 1818 1819
l 1819 1820
l 1820 1821
l 1821 1822
l 1801 1816
l 1800 1815
l 1794 1809
l 1793 1808
l 1802 1817
l 1795 1810
l 1803 1818
l 1796 1811
l 1804 1819
l 1797 1812
l 1805 1820
l 1798 1813
l 1806 1821
l 1799 1814
l 1807 1822
l 1823 1824
l 1824 1825
l 1825 1826
l 1826 1827
l 1827 1828
l 1828 1829
l 1829 1830
l 1830 1831
l 1831 1832
l 1832 1833
l 1833 1834
l 1834 1835
l 1835 1836
l 1836 1837
l 1820 1835
l 1819 1834
l 1813 1828
l 1812 1827
l 1821 1836
l 1814 1829
l 1822 1837
l 1815 1830
l 1808 1823
l 1816 1831
l 1809 1824
l 1817 1832
l 1810 1825
l 1818 1833
l 1811 1826
l 1838 1839
l 1839 1840
l 1840 1841
l 1841 1842
l 1842 1843
l 1843 1844
l 1844 1845
l 1845 1846
l 1846 1847
l 1847 1848
l 1848 1849
l 1849 1850
l 1850 1851
l 1851 1852
l 1824 1839
l 1823 1838
l 1832 1847
l 1831 1846
l 1825 1840
l 1833 1848
l 1826 1841
l 1834 1849
l 1827 1842
l 1835 1850
l 1828 1843
l 1836 1851
l 1829 1844
l 1837 1852
l 1830 1845
l 1853 1854
l 1854 1855
l 1855 1856
l 1856 1857
l 1857 1858
l 1858 1859
l 1859 1860
l 1860 1861
l 1861 1862
l 1862 1863
l 1863 1864
l 1864 1865
l 1865 1866
l 1866 1867
l 1843 1858
l 1842 1857
l 1851 1866
l 1850 1865
l 1844 1859
l 1852 1867
l 1845 1860
l 1838 1853
l 1846 1861
l 1839 1854
l 1847 1862
l 1840 1855
l 1848 1863
l 1841 1856
l 1849 1864
l 1868 1869
l 1869 1870
l 1870 1871
l 1871 1872
l 1872 1873
l 1873 1874
l 1874 1875
l 1875 1876
l 1876 1877
l 1877 1878
l 1878 1879
l 1879 1880
l 1880 1881
l 1881 1882
l 1862 1877
l 1861 1876
l 1855 1870
l 1854 1869
l 1863 1878
l 1856 1871
l 1864 1879
l 1857 1872
l 1865 1880
l 1858 1873
l 1866 1881
l 1859 1874
l 1867 1882
l 1860 1875
l 1853 1868
l 1883 1884
l 1884 1885
l 1885 1886
l 1886 1887
l 1887 1888
l 1888 1889
l 1889 1890
l 1890 1891
l 1891 1892
l 1892 1893
l 1893 1894
l 1894 1895
l 1895 1896
l 1896 1897
l 1881 1896
l 1880 1895
l 1874 1889
l 1873 1888
l 1882 1897
l 1875 1890
l 1868 1883
l 1876 1891
l 1869 1884
l 1877 1892
l 1870 1885
l 1878 1893
l 1871 1886
l 1879 1894
l 1872 1887
l 1898 1899
l 1899 1900
l 1900 1901
l 1901 1902
l 1902 1903
l 1903 1904
l 1904 1905
l 1905 1906
l 1906 1907
l 1907 1908
l 1908 1909
l 1909 1910
l 1910 1911
l 1911 1912
l 1912 1913
l 1893 1909
l 1892 1908
l 1886 1902
l 1885 1901
l 1894 1910
l 1887 1903
l 1895 1911
l 1888 1904
l 1896 1912
l 1889 1905
l 1897 1913
l 1890 1906
l 1883 1899
l 1891 1907
l 1884 1900
l 1914 1915
l 1915 1916
l 1916 1917
l 1917 1918
l 1918 1919
l 1919 1920
l 1920 1921
l 1921 1922
l 1922 1923
l 1923 1924
l 1924 1925
l 1925 1926
l 1926 1927
l 1927 1928
l 1913 1928
l 1912 1927
l 1906 1921
l 1905 1920
l 1899 1914
l 1907 1922
l 1900 1915
l 1908 1923
l 1901 1916
l 1909 1924
l 1902 1917
l 1910 1925
l 1903 1918
l 1911 1926
l 1904 1919
l 1447 1898
l 1461 1777
l 1462 1898
l 1476 1777
l 1477 1898
l 1491 1777
l 1492 1898
l 1506 1777
l 1507 1898
l 1521 1777
l 1522 1898
l 1536 1777
l 1537 1898
l 1551 1777
l 1552 1898
l 1566 1777
l 1567 1898
l 1581 1777
l 1582 1898
l 1596 1777
l 1597 1898
l 1611 1777
l 1612 1898
l 1626 1777
l 1627 1898
l 1641 1777
l 1642 1898
l 1656 1777
l 1657 1898
l 1671 1777
l 1672 1898
l 1686 1777
l 1687 1898
l 1701 1777
l 1702 1898
l 1716 1777
l 1717 1898
l 1731 1777
l 1732 1898
l 1746 1777
l 1747 1898
l 1761 1777
l 1762 1898
l 1778 1898
l 1777 1792
l 1793 1898
l 1777 1807
l 1808 1898
l 1777 1822
l 1823 1898
l 1777 1837
l 1838 1898
l 1777 1852
l 1853 1898
l 1777 1867
l 1868 1898
l 1777 1882
l 1883 1898
l 1777 1897
l 1777 1913
l 1898 1914
l 1777 1928
l 1450 1917
l 1449 1916
l 1458 1925
l 1457 1924
l 1451 1918
l 1459 1926
l 1452 1919
l 1460 1927
l 1453 1920
l 1461 1928
l 1454 1921
l 1447 1914
l 1455 1922
l 1448 1915
l 1456 1923
